field_name,ra,dec,ra_min,ra_max,dec_min,dec_max,ra_size,dec_size
P059+59,59.3902,59.0309,57.34603333333337,61.434366666666634,56.98673333333334,61.075066666666665,4.088333333333268,4.088333333333327
P204+35,204.648,34.8192,202.7855,206.51049999999998,32.956700000000005,36.6817,3.7249999999999406,3.724999999999994
P249+38,249.244,37.5884,247.3069166666667,251.1810833333333,35.65131666666667,39.52548333333333,3.874166666666605,3.8741666666666603
P026+16,26.1185,16.0908,24.278083333333363,27.95891666666664,14.250383333333337,17.931216666666664,3.6808333333332746,3.6808333333333274
P4Hetdex16,164.073,52.1221,162.08966666666672,166.0563333333333,50.138766666666676,54.10543333333333,3.9666666666666033,3.96666666666666
P227+58,227.505,57.5324,225.47833333333335,229.53166666666664,55.50573333333334,59.559066666666666,4.053333333333269,4.053333333333327
P185+32,185.695,32.209,183.6279166666667,187.7620833333333,30.141916666666674,34.27608333333333,4.134166666666601,4.13416666666666
P038+01,38.7873,1.13661,35.801883333333386,41.77271666666662,-1.8488066666666618,4.122026666666661,5.970833333333238,5.9708333333333234
P181+25,181.514,24.6573,179.49983333333338,183.52816666666664,22.643133333333335,26.671466666666664,4.028333333333269,4.028333333333327
P051+31,51.641,31.3634,49.77433333333336,53.50766666666664,29.496733333333335,33.23006666666666,3.733333333333274,3.733333333333327
P025+64,25.2028,63.7673,23.33780000000003,27.06779999999997,61.902300000000004,65.6323,3.7299999999999405,3.7299999999999938
P37Hetdex15,198.013,52.1221,196.2084166666667,199.81758333333332,50.31751666666667,53.92668333333334,3.609166666666609,3.6091666666666606
P271+58,271.085,57.8106,269.21833333333336,272.9516666666666,55.943933333333334,59.67726666666667,3.733333333333274,3.733333333333327
P183+30,183.416,29.6872,181.58183333333335,185.25016666666664,27.853033333333336,31.521366666666665,3.668333333333275,3.6683333333333272
P220+35,220.424,34.9061,218.50275000000005,222.34524999999996,32.98485000000001,36.827349999999996,3.842499999999939,3.8424999999999936
P045+31,45.5798,31.3141,43.76480000000003,47.39479999999997,29.499100000000002,33.129099999999994,3.629999999999942,3.629999999999994
P033+66,33.093,66.3426,31.024666666666704,35.1613333333333,64.27426666666668,68.41093333333333,4.136666666666601,4.13666666666666
P272+25,272.849,25.1972,270.80025,274.89775,23.148450000000004,27.245949999999993,4.097499999999934,4.097499999999993
P191+62,191.27,62.3513,189.3554166666667,193.1845833333333,60.43671666666667,64.26588333333333,3.8291666666666058,3.8291666666666604
P210+37,210.101,37.3587,208.30016666666668,211.90183333333331,35.55786666666667,39.15953333333333,3.6016666666666093,3.601666666666661
P145+37,145.109,37.0129,143.14400000000003,147.07399999999998,35.047900000000006,38.9779,3.9299999999999375,3.9299999999999935
P9Hetdex01,170.437,45.3324,168.19741666666673,172.6765833333333,43.09281666666667,47.57198333333333,4.479166666666595,4.479166666666659
P351+18,351.269,18.2987,349.1644166666667,353.37358333333333,16.19411666666667,20.40328333333333,4.2091666666666,4.209166666666659
P068+69,68.6885,69.136,66.7614166666667,70.6155833333333,67.20891666666667,71.06308333333332,3.8541666666666052,3.8541666666666603
P048+09,48.0798,8.74379,45.97605000000003,50.18354999999997,6.640040000000004,10.847539999999997,4.207499999999933,4.207499999999993
P171+40,171.135,39.6623,169.05250000000004,173.21749999999994,37.579800000000006,41.7448,4.164999999999933,4.164999999999993
P207+30,207.27,29.8136,205.13750000000005,209.40249999999997,27.681100000000004,31.946099999999998,4.264999999999932,4.2649999999999935
P312+23,312.156,22.9872,310.1964166666667,314.1155833333333,21.02761666666667,24.946783333333332,3.9191666666666043,3.9191666666666602
P024+26,24.8375,26.1202,22.97625000000003,26.69874999999997,24.258950000000002,27.98145,3.7224999999999406,3.722499999999994
P211+22,211.196,22.3051,209.39725,212.99474999999998,20.50635,24.103849999999998,3.597499999999943,3.597499999999994
P008+44,8.37187,43.5475,6.453536666666697,10.290203333333302,41.62916666666667,45.46583333333333,3.8366666666666056,3.8366666666666602
P342+21,342.881,20.7361,340.74266666666665,345.0193333333333,18.597766666666672,22.87443333333333,4.276666666666599,4.276666666666659
P005+28,5.58716,28.4638,3.736743333333363,7.4375766666666365,26.613383333333335,30.314216666666663,3.700833333333274,3.7008333333333274
P212+25,212.866,24.8243,210.95391666666671,214.7780833333333,22.91221666666667,26.736383333333333,3.824166666666606,3.8241666666666605
P243+12,243.878,12.4548,241.84383333333335,245.91216666666662,10.420633333333337,14.488966666666665,4.0683333333332685,4.068333333333327
P212+60,212.603,59.9571,210.64925000000005,214.55674999999997,58.00335,61.910849999999996,3.9074999999999376,3.9074999999999935
P233+48,233.006,47.5275,231.00308333333336,235.00891666666664,45.52458333333334,49.53041666666667,4.005833333333269,4.005833333333327
P062+19,62.2825,18.8974,60.571666666666694,63.993333333333304,17.18656666666667,20.60823333333333,3.4216666666666122,3.421666666666661
P38Hetdex07,200.134,49.748,198.55816666666666,201.7098333333333,48.17216666666667,51.323833333333326,3.151666666666616,3.1516666666666615
P067+14,67.3069,13.916,65.49315000000003,69.12064999999997,12.102250000000003,15.729749999999997,3.627499999999942,3.627499999999994
P250+55,250.232,55.1617,248.43950000000004,252.02449999999996,53.369200000000006,56.9542,3.5849999999999427,3.584999999999994
P289+15,289.331,15.2774,287.4101666666667,291.2518333333333,13.35656666666667,17.19823333333333,3.8416666666666055,3.8416666666666606
P265+20,265.54,20.1263,263.83333333333337,267.24666666666667,18.419633333333337,21.832966666666664,3.413333333333279,3.413333333333328
P010+18,10.3633,18.465,8.374133333333365,12.352466666666636,16.475833333333338,20.454166666666662,3.97833333333327,3.978333333333327
P334+01,334.069,0.578967,331.0923333333334,337.04566666666665,-2.3976996666666617,3.5556336666666617,5.953333333333238,5.953333333333323
P079+77,79.2256,76.7312,77.22518333333336,81.22601666666664,74.73078333333333,78.73161666666667,4.0008333333332695,4.000833333333327
P10Hetdex,170.437,49.748,168.8611666666667,172.01283333333333,48.17216666666667,51.323833333333326,3.151666666666616,3.1516666666666615
P227+07,227.715,7.33764,225.89875000000004,229.53124999999997,5.521390000000004,9.153889999999997,3.632499999999942,3.632499999999994
P164+37,164.576,37.118,162.5301666666667,166.62183333333329,35.072166666666675,39.16383333333333,4.091666666666601,4.09166666666666
P344+13,344.756,13.2219,342.7105833333333,346.8014166666666,11.176483333333337,15.267316666666662,4.0908333333332685,4.090833333333327
P350+43,350.535,43.3921,348.55416666666673,352.5158333333333,41.41126666666667,45.37293333333333,3.9616666666666034,3.9616666666666602
P259+48,259.889,47.6966,257.90775,261.87025,45.71535,49.67784999999999,3.962499999999937,3.9624999999999937
P026+44,26.2533,43.7017,24.51663333333336,27.98996666666664,41.96503333333334,45.43836666666667,3.473333333333278,3.473333333333328
P42Hetdex07,204.377,49.748,202.68200000000004,206.07199999999997,48.053,51.443,3.389999999999946,3.3899999999999944
P008+11,8.5533,10.9189,6.405800000000035,10.700799999999965,8.771400000000003,13.066399999999998,4.2949999999999315,4.294999999999993
P014+41,14.8192,41.0939,12.939616666666698,16.698783333333303,39.21431666666667,42.97348333333333,3.759166666666607,3.7591666666666606
P225+30,225.181,29.9135,223.1930833333334,227.16891666666663,27.925583333333336,31.901416666666663,3.97583333333327,3.975833333333327
P194+22,194.414,22.215,192.5215,196.30649999999997,20.3225,24.107499999999998,3.7849999999999397,3.784999999999994
P032+29,32.1174,28.6921,30.456566666666696,33.77823333333331,27.03126666666667,30.35293333333333,3.321666666666614,3.3216666666666614
P113+62,113.66,61.9223,111.65625000000003,115.66374999999996,59.91855,63.92605,4.007499999999936,4.007499999999993
P295+88,295.76,87.8765,293.9641666666667,297.5558333333333,86.08066666666666,89.67233333333333,3.5916666666666095,3.591666666666661
P339+28,339.115,28.2338,337.01750000000004,341.2125,26.136300000000002,30.331299999999995,4.194999999999933,4.194999999999993
P191+42,191.792,42.2802,189.58366666666672,194.0003333333333,40.07186666666667,44.48853333333333,4.416666666666596,4.41666666666666
P223+35,223.581,34.9241,221.6276666666667,225.53433333333328,32.97076666666667,36.877433333333336,3.9066666666666046,3.9066666666666605
P178+80,178.287,79.8209,176.5411666666667,180.03283333333331,78.07506666666666,81.56673333333333,3.491666666666611,3.491666666666661
P229+25,229.986,24.9215,228.19433333333336,231.77766666666662,23.129833333333337,26.713166666666666,3.583333333333276,3.5833333333333277
P178+55,178.085,54.7557,176.26375000000004,179.90624999999997,52.93445,56.57695,3.642499999999942,3.642499999999994
P019+26,19.0725,26.0707,17.24875000000003,20.896249999999974,24.246950000000002,27.894449999999996,3.647499999999942,3.647499999999994
P036+16,36.8973,16.1819,35.10605000000003,38.68854999999997,14.39065,17.973149999999997,3.5824999999999427,3.5824999999999942
P243+20,243.495,19.9827,241.78500000000003,245.20499999999998,18.272700000000004,21.6927,3.4199999999999453,3.4199999999999946
P105+52,105.219,51.8323,103.44608333333336,106.99191666666663,50.05938333333333,53.605216666666664,3.545833333333277,3.5458333333333276
P135+60,135.483,59.5438,133.30466666666672,137.6613333333333,57.36546666666667,61.722133333333325,4.356666666666597,4.356666666666659
P233+22,233.591,22.4327,231.76600000000005,235.41599999999997,20.607700000000005,24.257699999999996,3.6499999999999417,3.649999999999994
P160+22,160.88,22.0388,158.84875000000002,162.91124999999997,20.007550000000002,24.070049999999995,4.062499999999935,4.062499999999994
P216+32,216.319,32.3733,214.29941666666667,218.3385833333333,30.35371666666667,34.39288333333333,4.039166666666603,4.03916666666666
P352+03,352.232,3.24604,350.18616666666674,354.2778333333333,1.20020666666667,5.29187333333333,4.091666666666601,4.09166666666666
P028+36,28.9676,36.1953,26.957183333333365,30.978016666666637,34.18488333333334,38.20571666666667,4.020833333333269,4.020833333333327
P243+33,243.93,32.5355,242.1416666666667,245.7183333333333,30.74716666666667,34.323833333333326,3.57666666666661,3.576666666666661
P132+42,132.452,41.9609,130.7795,134.12449999999998,40.2884,43.6334,3.344999999999947,3.3449999999999944
P113+22,113.448,21.7673,111.43133333333336,115.46466666666663,19.750633333333337,23.78396666666666,4.033333333333269,4.033333333333327
P046+66,46.0328,66.4498,44.063633333333364,48.00196666666664,64.48063333333333,68.41896666666666,3.9383333333332704,3.938333333333327
P313+10,313.237,10.4454,311.29575000000006,315.17825,8.504150000000003,12.386649999999996,3.882499999999938,3.8824999999999936
P210+52,210.684,52.4194,208.71275000000003,212.65524999999997,50.448150000000005,54.39065,3.9424999999999373,3.9424999999999937
P021+06,21.7974,6.01308,19.770733333333364,23.824066666666635,3.986413333333337,8.039746666666664,4.053333333333269,4.053333333333327
P240+70,240.244,70.1494,238.02525000000003,242.46274999999997,67.93065,72.36815,4.437499999999929,4.437499999999993
P258+63,258.672,62.7435,256.7549166666667,260.58908333333335,60.82641666666667,64.66058333333332,3.8341666666666057,3.8341666666666603
P350+13,350.074,13.2683,348.00900000000007,352.13899999999995,11.203300000000002,15.333299999999998,4.129999999999934,4.129999999999994
P255+78,255.854,77.7624,253.80650000000006,257.9015,75.7149,79.8099,4.094999999999935,4.0949999999999935
P241+63,241.736,62.635,239.66558333333336,243.80641666666662,60.56458333333333,64.70541666666666,4.140833333333267,4.140833333333327
P256+33,256.218,32.6138,254.44383333333337,257.99216666666666,30.839633333333335,34.387966666666664,3.548333333333277,3.5483333333333276
P180+30,180.436,29.6716,178.62558333333337,182.24641666666665,27.861183333333337,31.482016666666667,3.620833333333276,3.6208333333333274
P5Hetdex41,202.256,52.1221,200.39516666666668,204.11683333333332,50.26126666666667,53.982933333333335,3.721666666666607,3.7216666666666605
P340+08,340.04,8.161,338.0120833333334,342.06791666666663,6.133083333333336,10.188916666666664,4.055833333333268,4.055833333333327
P108+27,108.689,26.7571,106.74483333333336,110.63316666666663,24.812933333333337,28.701266666666665,3.8883333333332715,3.888333333333327
P251+20,251.76,20.0349,250.085,253.43499999999997,18.359900000000003,21.709899999999998,3.349999999999947,3.3499999999999948
P117+27,117.388,26.8118,115.51175000000003,119.26424999999998,24.935550000000006,28.688049999999997,3.75249999999994,3.7524999999999937
P131+27,131.896,26.8985,130.12683333333334,133.66516666666664,25.129333333333335,28.667666666666662,3.538333333333277,3.538333333333328
P098+57,98.4989,56.8064,96.6343166666667,100.3634833333333,54.94181666666667,58.670983333333325,3.729166666666607,3.7291666666666607
P076+44,76.5629,44.105,74.59915000000004,78.52664999999996,42.14125,46.068749999999994,3.9274999999999376,3.9274999999999936
P240+43,240.887,42.5558,238.97950000000003,242.79449999999997,40.6483,44.4633,3.814999999999939,3.8149999999999937
P037+19,37.6726,18.6985,35.8380166666667,39.50718333333331,16.863916666666668,20.53308333333333,3.6691666666666083,3.6691666666666607
P059+52,59.2916,51.5023,57.30035000000004,61.28284999999997,49.511050000000004,53.49354999999999,3.9824999999999364,3.9824999999999937
P003+69,3.98604,68.6004,2.0306233333333648,5.941456666666635,66.64498333333333,70.55581666666666,3.910833333333271,3.910833333333327
P261+58,261.37,57.7438,259.63375,263.10625,56.00755,59.48005,3.4724999999999446,3.4724999999999944
P129+34,129.15,34.4124,127.1329166666667,131.1670833333333,32.395316666666666,36.42948333333333,4.034166666666603,4.0341666666666605
P090+64,90.2718,64.2767,88.4034666666667,92.1401333333333,62.40836666666667,66.14503333333333,3.7366666666666073,3.7366666666666606
P183+77,183.577,77.3491,181.7636666666667,185.3903333333333,75.53576666666667,79.16243333333334,3.6266666666666088,3.6266666666666607
P248+40,248.72,40.0949,246.81750000000002,250.62249999999997,38.192400000000006,41.9974,3.8049999999999393,3.804999999999994
P268+33,268.517,32.6968,266.6349166666667,270.3990833333333,30.814716666666673,34.57888333333333,3.7641666666666067,3.7641666666666604
P201+25,201.46,24.7624,199.4616666666667,203.45833333333331,22.76406666666667,26.76073333333333,3.996666666666603,3.9966666666666604
P116+24,116.092,24.2938,114.07533333333336,118.10866666666664,22.27713333333334,26.310466666666663,4.033333333333269,4.033333333333327
P348+33,348.776,33.3373,346.92975,350.62225,31.49105,35.18355,3.6924999999999413,3.692499999999994
P314+33,314.749,33.0484,312.78150000000005,316.7165,31.080900000000003,35.015899999999995,3.9349999999999374,3.9349999999999934
P037+44,37.0047,43.7925,35.235533333333365,38.773866666666635,42.02333333333333,45.56166666666666,3.538333333333277,3.538333333333328
P057+82,57.8136,81.5688,56.01193333333336,59.61526666666664,79.76713333333333,83.37046666666666,3.6033333333332758,3.6033333333333273
P142+50,142.914,49.549,140.85066666666668,144.9773333333333,47.48566666666667,51.61233333333333,4.126666666666601,4.12666666666666
P184+27,184.216,27.1814,182.20183333333338,186.23016666666663,25.167233333333336,29.195566666666664,4.028333333333269,4.028333333333327
P147+52,147.239,52.0823,145.2469166666667,149.23108333333332,50.09021666666666,54.07438333333333,3.9841666666666034,3.98416666666666
P216+27,216.248,27.353,214.15925000000001,218.33674999999997,25.264250000000004,29.44175,4.177499999999934,4.177499999999993
P138+45,138.073,44.5027,136.09550000000004,140.05049999999997,42.5252,46.480199999999996,3.954999999999937,3.9549999999999934
P216+42,216.316,42.4124,214.64183333333335,217.99016666666665,40.73823333333333,44.08656666666666,3.34833333333328,3.348333333333328
P011+08,11.4299,8.43368,9.3328166666667,13.5269833333333,6.33659666666667,10.530763333333331,4.1941666666666,4.19416666666666
P003+11,3.28129,10.873,1.1554566666667005,5.407123333333299,8.747166666666669,12.99883333333333,4.2516666666665985,4.25166666666666
P016+24,16.9616,23.5424,15.13785000000003,18.785349999999973,21.718650000000004,25.366149999999998,3.647499999999942,3.647499999999994
P055+49,55.6072,48.9637,53.61595000000003,57.598449999999964,46.97245000000001,50.95495,3.9824999999999364,3.9824999999999937
P298+23,298.102,22.8752,296.212,299.99199999999996,20.985200000000003,24.765199999999997,3.77999999999994,3.779999999999994
P020+49,20.2182,48.6694,18.304033333333365,22.132366666666634,46.75523333333334,50.58356666666667,3.8283333333332723,3.828333333333327
P028+16,28.8148,16.1137,26.98605000000003,30.643549999999973,14.284950000000004,17.942449999999997,3.6574999999999416,3.657499999999994
P042+24,42.3953,23.7579,40.3919666666667,44.3986333333333,21.75456666666667,25.76123333333333,4.006666666666603,4.00666666666666
P284+10,284.294,10.2197,282.4485833333333,286.13941666666665,8.374283333333336,12.065116666666663,3.6908333333332743,3.690833333333327
P028+49,28.0643,48.7365,26.053466666666697,30.0751333333333,46.72566666666667,50.74733333333333,4.0216666666666026,4.02166666666666
P249+25,249.977,25.0435,248.06033333333338,251.89366666666663,23.126833333333337,26.960166666666666,3.833333333333272,3.8333333333333273
P101+77,101.981,76.8879,100.15100000000002,103.81099999999996,75.0579,78.7179,3.6599999999999415,3.659999999999994
P090+44,90.9972,44.2081,89.02553333333337,92.96886666666664,42.23643333333334,46.179766666666666,3.9433333333332703,3.9433333333333267
P005+01,5.13278,0.848245,2.1561133333333813,8.109446666666619,-2.1284216666666618,3.8249116666666616,5.953333333333238,5.953333333333323
P359+01,359.955,0.803119,356.97833333333335,362.9316666666666,-2.1735476666666615,3.779785666666662,5.953333333333238,5.953333333333323
P32Hetdex08,195.892,45.3324,193.78200000000004,198.00199999999995,43.2224,47.4424,4.219999999999933,4.2199999999999935
P154+37,154.839,37.066,152.89983333333336,156.77816666666664,35.12683333333334,39.00516666666667,3.8783333333332717,3.878333333333327
P048+61,48.1096,61.45,46.12335000000003,50.09584999999997,59.463750000000005,63.43625,3.9724999999999366,3.9724999999999935
P050+34,50.9408,33.8677,49.0262166666667,52.85538333333331,31.95311666666667,35.78228333333333,3.8291666666666058,3.8291666666666604
P018+16,18.0394,16.0215,16.159816666666696,19.918983333333305,14.141916666666669,17.90108333333333,3.759166666666607,3.7591666666666606
P130+47,130.028,46.966,128.17633333333336,131.87966666666662,45.114333333333335,48.81766666666667,3.7033333333332745,3.7033333333333274
P046+51,46.8267,51.4025,44.990033333333365,48.66336666666664,49.56583333333334,53.23916666666667,3.6733333333332747,3.6733333333333276
P292+15,292.014,15.2979,290.10358333333335,293.9244166666667,13.387483333333337,17.208316666666665,3.8208333333332725,3.820833333333327
P202+60,202.265,59.901,200.1954166666667,204.33458333333328,57.83141666666668,61.97058333333333,4.1391666666666005,4.13916666666666
P007+16,7.26768,15.928,5.336013333333365,9.199346666666637,13.996333333333338,17.859666666666666,3.8633333333332716,3.863333333333327
P080+62,80.7594,61.7008,78.96148333333336,82.55731666666664,59.902883333333335,63.49871666666667,3.595833333333276,3.5958333333333274
P153+30,153.641,29.53,152.00725000000003,155.27474999999995,27.896250000000002,31.16375,3.267499999999948,3.2674999999999947
P256+58,256.52,57.7116,254.8375,258.20249999999993,56.0291,59.394099999999995,3.3649999999999465,3.3649999999999944
P265+33,265.441,32.6757,263.58683333333335,267.2951666666666,30.821533333333335,34.52986666666666,3.7083333333332744,3.7083333333333273
P075+54,75.6098,54.1361,73.63813333333337,77.58146666666664,52.164433333333335,56.10776666666666,3.9433333333332703,3.9433333333333267
P241+22,241.994,22.4835,240.11483333333337,243.87316666666663,20.604333333333336,24.362666666666662,3.7583333333332734,3.758333333333327
P032+19,32.2078,18.6526,30.34280000000003,34.07279999999997,16.7876,20.517599999999998,3.7299999999999405,3.7299999999999938
P190+37,190.572,37.2543,188.7174166666667,192.4265833333333,35.39971666666667,39.10888333333333,3.7091666666666074,3.7091666666666607
P223+42,223.328,42.4521,221.60883333333337,225.04716666666664,40.732933333333335,44.17126666666667,3.4383333333332784,3.4383333333333277
P348+23,348.752,23.2971,346.82075000000003,350.68325,21.365850000000002,25.22835,3.8624999999999385,3.8624999999999936
P283+15,283.965,15.2373,282.0225,285.90749999999997,13.294800000000002,17.179799999999997,3.884999999999938,3.8849999999999936
P265+40,265.656,40.2066,263.5714166666667,267.7405833333333,38.122016666666674,42.29118333333333,4.1691666666666,4.16916666666666
P017+46,17.0322,46.1324,15.118033333333363,18.946366666666634,44.21823333333333,48.04656666666666,3.8283333333332723,3.828333333333327
P257+20,257.272,20.0707,255.60533333333336,258.9386666666666,18.404033333333334,21.737366666666663,3.33333333333328,3.3333333333333277
P037+14,37.9868,13.6809,36.089716666666696,39.88388333333331,11.783816666666668,15.57798333333333,3.794166666666606,3.7941666666666607
P150+40,150.973,39.5549,149.1009166666667,152.84508333333332,37.682816666666675,41.42698333333333,3.744166666666607,3.7441666666666604
P174+30,174.479,29.6404,172.7148333333334,176.24316666666664,27.876233333333335,31.404566666666664,3.528333333333277,3.5283333333333275
P227+12,227.978,12.3594,226.01175000000003,229.94424999999998,10.393150000000004,14.325649999999998,3.9324999999999375,3.9324999999999934
P353+16,353.812,15.8107,351.81200000000007,355.81199999999995,13.810700000000004,17.810699999999997,3.999999999999936,3.9999999999999933
P139+32,139.862,31.9641,138.15033333333335,141.57366666666664,30.252433333333336,33.67576666666666,3.4233333333332787,3.4233333333333276
P334+08,334.81,8.11596,332.79333333333335,336.82666666666665,6.0992933333333355,10.132626666666663,4.033333333333269,4.033333333333327
P295+23,295.293,22.8532,293.3834166666667,297.20258333333334,20.94361666666667,24.76278333333333,3.819166666666606,3.8191666666666606
P350+11,350.105,10.7582,348.02375000000006,352.18625,8.676950000000003,12.839449999999998,4.162499999999934,4.162499999999993
P048+14,48.6452,13.7687,46.78353333333337,50.50686666666664,11.907033333333338,15.630366666666664,3.723333333333274,3.7233333333333274
P000+06,0.978662,5.83253,-1.0942546666666337,3.0515786666666336,3.759613333333337,7.905446666666664,4.145833333333267,4.145833333333327
P119+37,119.197,36.8626,117.30533333333337,121.08866666666664,34.970933333333335,38.754266666666666,3.783333333333273,3.783333333333327
P286+68,286.993,67.9601,284.92383333333333,289.06216666666666,65.89093333333334,70.02926666666666,4.138333333333267,4.1383333333333265
P157+35,157.418,34.5701,155.5459166666667,159.2900833333333,32.69801666666667,36.442183333333325,3.744166666666607,3.7441666666666604
P186+60,186.791,59.8193,184.8764166666667,188.7055833333333,57.904716666666666,61.73388333333333,3.8291666666666058,3.8291666666666604
P093+57,93.7729,56.7747,91.8470666666667,95.69873333333331,54.84886666666667,58.70053333333333,3.8516666666666053,3.8516666666666604
P111+54,111.074,54.3791,109.32358333333336,112.82441666666664,52.628683333333335,56.12951666666667,3.5008333333332775,3.5008333333333277
P034+19,34.94,18.6756,33.090000000000025,36.78999999999997,16.8256,20.525599999999997,3.699999999999941,3.699999999999994
P108+64,108.216,64.3963,106.21225000000003,110.21974999999996,62.39255,66.40005,4.007499999999936,4.007499999999993
P065+57,65.4907,56.5691,63.5898666666667,67.39153333333331,54.66826666666667,58.46993333333333,3.801666666666606,3.8016666666666605
P316+66,316.624,65.6863,314.76316666666673,318.4848333333333,63.82546666666667,67.54713333333333,3.721666666666607,3.7216666666666605
P337+06,337.566,5.62937,335.53808333333336,339.5939166666666,3.6014533333333363,7.657286666666663,4.055833333333268,4.055833333333327
P171+20,171.971,19.5874,169.89808333333337,174.04391666666663,17.514483333333335,21.660316666666663,4.145833333333267,4.145833333333327
P113+52,113.604,51.8857,111.87858333333337,115.32941666666663,50.16028333333334,53.61111666666666,3.450833333333278,3.450833333333328
P153+42,153.362,42.0776,151.47658333333337,155.24741666666662,40.19218333333333,43.96301666666666,3.770833333333273,3.7708333333333273
P242+85,242.696,85.1402,240.6151666666667,244.7768333333333,83.05936666666666,87.22103333333332,4.1616666666666005,4.16166666666666
P252+48,252.2,47.6464,250.3179166666667,254.0820833333333,45.76431666666667,49.52848333333333,3.7641666666666067,3.7641666666666604
P055+16,55.772,16.3363,54.011166666666696,57.5328333333333,14.57546666666667,18.097133333333332,3.5216666666666105,3.5216666666666607
P218+55,218.577,54.9724,216.61783333333335,220.53616666666665,53.01323333333334,56.93156666666666,3.918333333333271,3.918333333333327
P063+49,63.4993,49.0258,61.39763333333337,65.60096666666664,46.92413333333333,51.12746666666666,4.2033333333332665,4.203333333333327
P272+55,272.939,55.3145,271.20025000000004,274.67775,53.575750000000006,57.05325,3.4774999999999445,3.4774999999999943
P058+62,58.9665,61.5365,57.00108333333337,60.93191666666664,59.571083333333334,63.50191666666666,3.9308333333332706,3.930833333333327
P067+52,67.6165,51.5669,65.6256666666667,69.6073333333333,49.57606666666667,53.557733333333324,3.9816666666666034,3.9816666666666602
P261+35,261.523,35.1589,259.6888333333334,263.35716666666667,33.32473333333334,36.993066666666664,3.668333333333275,3.6683333333333272
P279+43,279.626,42.8153,277.70141666666666,281.5505833333333,40.89071666666667,44.73988333333333,3.8491666666666053,3.8491666666666604
P007+33,7.38525,33.4994,5.55400000000003,9.216499999999971,31.668150000000004,35.33065,3.6624999999999415,3.662499999999994
P358+08,358.348,8.31977,356.2750833333334,360.42091666666664,6.246853333333337,10.392686666666663,4.145833333333267,4.145833333333327
P228+40,228.433,39.9717,226.71966666666668,230.1463333333333,38.25836666666667,41.68503333333333,3.426666666666612,3.426666666666661
P122+42,122.012,41.8992,120.30241666666669,123.72158333333331,40.18961666666667,43.60878333333333,3.4191666666666123,3.419166666666661
P124+62,124.678,61.9895,122.74800000000003,126.60799999999996,60.0595,63.9195,3.8599999999999386,3.8599999999999937
P161+32,161.236,32.0807,159.36183333333335,163.11016666666663,30.206533333333336,33.95486666666666,3.7483333333332736,3.7483333333333273
P016+06,16.5958,5.96821,14.5562166666667,18.6353833333333,3.92862666666667,8.00779333333333,4.079166666666602,4.07916666666666
P347+26,347.409,25.7955,345.5169166666667,349.3010833333333,23.903416666666672,27.68758333333333,3.7841666666666063,3.7841666666666605
P112+57,112.707,56.8986,111.00866666666668,114.4053333333333,55.20026666666667,58.59693333333333,3.3966666666666123,3.396666666666661
P104+42,104.636,41.7901,102.76266666666669,106.5093333333333,39.916766666666675,43.66343333333333,3.746666666666607,3.7466666666666604
P243+30,243.11,30.0205,241.26375000000004,244.95624999999998,28.17425,31.866749999999996,3.6924999999999413,3.692499999999994
P044+16,44.9846,16.249,43.22918333333336,46.74001666666664,14.493583333333335,18.004416666666664,3.5108333333332773,3.5108333333333275
P198+35,198.343,34.7855,196.4234166666667,200.26258333333328,32.86591666666667,36.70508333333333,3.8391666666666056,3.8391666666666606
P343+18,343.092,18.2278,341.0015833333334,345.1824166666666,16.137383333333336,20.31821666666666,4.180833333333267,4.180833333333327
P077+47,77.0779,46.6184,75.17998333333337,78.97581666666663,44.720483333333334,48.51631666666667,3.795833333333273,3.795833333333327
P308+03,308.163,2.87365,306.09175000000005,310.23425,0.8024000000000036,4.944899999999997,4.142499999999934,4.142499999999993
P191+55,191.558,54.8262,189.82883333333336,193.28716666666662,53.097033333333336,56.555366666666664,3.4583333333332784,3.4583333333333277
P009+31,9.27695,31.0059,7.472366666666694,11.081533333333304,29.20131666666667,32.81048333333333,3.609166666666609,3.6091666666666606
P222+58,222.683,57.5047,220.56133333333335,224.80466666666663,55.38303333333334,59.62636666666666,4.243333333333266,4.243333333333326
P354+46,354.653,45.9377,352.7684166666667,356.5375833333333,44.05311666666667,47.82228333333333,3.7691666666666066,3.7691666666666603
P021+11,21.7369,11.0329,19.61065000000003,23.863149999999965,8.906650000000003,13.159149999999997,4.252499999999932,4.252499999999993
P150+57,150.758,57.1199,148.6246666666667,152.8913333333333,54.98656666666667,59.253233333333334,4.266666666666598,4.2666666666666595
P024+19,24.0133,18.5829,22.102883333333367,25.923716666666635,16.672483333333336,20.49331666666666,3.8208333333332725,3.820833333333327
P057+36,57.8829,36.433,55.952066666666695,59.8137333333333,34.50216666666667,38.36383333333333,3.861666666666605,3.8616666666666606
P354+31,354.186,30.8744,352.2635,356.10849999999994,28.951900000000006,32.7969,3.844999999999939,3.8449999999999935
P241+58,241.995,57.619,240.1416666666667,243.8483333333333,55.76566666666667,59.47233333333333,3.7066666666666075,3.706666666666661
P152+47,152.819,47.0939,150.83733333333336,154.80066666666661,45.112233333333336,49.07556666666666,3.9633333333332703,3.9633333333333267
P060+31,60.7396,31.4357,58.7912666666667,62.687933333333305,29.48736666666667,33.38403333333333,3.8966666666666048,3.8966666666666603
P120+64,120.222,64.4711,118.38783333333336,122.05616666666663,62.636933333333346,66.30526666666667,3.668333333333275,3.6683333333333272
P012+31,12.2976,31.0321,10.515100000000027,14.080099999999971,29.2496,32.8146,3.564999999999943,3.564999999999994
P056+19,56.8111,18.8545,55.07318333333336,58.549016666666645,17.116583333333338,20.592416666666665,3.475833333333278,3.475833333333328
P019+24,19.7855,23.5668,17.94300000000003,21.627999999999968,21.724300000000003,25.409299999999998,3.6849999999999414,3.684999999999994
P047+44,47.7723,43.8814,45.88313333333336,49.66146666666664,41.99223333333334,45.77056666666666,3.778333333333273,3.778333333333327
P024+11,24.3742,11.0557,22.255866666666698,26.4925333333333,8.93736666666667,13.17403333333333,4.236666666666599,4.23666666666666
P357+03,357.415,3.29121,355.3716666666667,359.4583333333333,1.24787666666667,5.33454333333333,4.086666666666601,4.08666666666666
P216+75,216.558,75.0223,214.67758333333336,218.43841666666663,73.14188333333334,76.90271666666666,3.7608333333332733,3.760833333333327
P056+24,56.5431,23.8725,54.484350000000035,58.60184999999997,21.813750000000002,25.931249999999995,4.117499999999934,4.1174999999999935
P152+32,152.072,32.0314,150.27700000000004,153.86699999999996,30.2364,33.82639999999999,3.5899999999999426,3.589999999999994
P156+65,156.427,64.6764,154.57533333333336,158.27866666666662,62.824733333333334,66.52806666666666,3.7033333333332745,3.7033333333333274
P048+24,48.0529,23.8043,46.0083166666667,50.0974833333333,21.75971666666667,25.848883333333333,4.089166666666602,4.08916666666666
P119+44,119.939,44.3963,118.17316666666669,121.7048333333333,42.63046666666666,46.16213333333333,3.5316666666666103,3.531666666666661
P267+25,267.128,25.1573,265.0925833333334,269.1634166666666,23.121883333333336,27.192716666666662,4.070833333333268,4.070833333333327
P115+29,115.004,29.3071,113.08358333333337,116.92441666666664,27.386683333333334,31.227516666666663,3.840833333333272,3.840833333333327
P024+14,24.6695,13.5683,22.725333333333364,26.613666666666635,11.624133333333337,15.512466666666665,3.8883333333332715,3.888333333333327
P071+54,71.1905,54.1031,69.2759166666667,73.1050833333333,52.188516666666665,56.01768333333333,3.8291666666666058,3.8291666666666604
P002+01,2.5441,0.825687,-0.43256666666661925,5.520766666666619,-2.150979666666662,3.8023536666666615,5.953333333333238,5.953333333333323
P035+14,35.3228,13.6586,33.41613333333336,37.22946666666664,11.751933333333337,15.565266666666663,3.8133333333332726,3.8133333333333272
P245+40,245.337,40.0736,243.46825,247.20574999999997,38.20485,41.94235,3.7374999999999403,3.737499999999994
P265+43,265.521,42.7154,263.43600000000004,267.606,40.63040000000001,44.800399999999996,4.169999999999933,4.169999999999993
P282+08,282.544,7.69643,280.6315,284.45649999999995,5.783930000000003,9.608929999999997,3.824999999999939,3.824999999999994
P336+11,336.933,10.6443,334.90675000000005,338.95924999999994,8.618050000000004,12.670549999999995,4.052499999999935,4.052499999999993
P274+35,274.196,35.2465,272.2851666666667,276.1068333333333,33.33566666666667,37.15733333333333,3.821666666666606,3.8216666666666606
P133+24,133.14,24.3957,131.14708333333334,135.13291666666663,22.40278333333334,26.388616666666664,3.98583333333327,3.9858333333333267
P312+31,312.04,30.5163,310.07250000000005,314.0075,28.548800000000004,32.483799999999995,3.9349999999999374,3.9349999999999934
P130+39,130.842,39.4418,129.14950000000005,132.53449999999998,37.749300000000005,41.134299999999996,3.384999999999946,3.3849999999999945
P104+39,104.055,39.2766,102.1454166666667,105.96458333333331,37.36701666666667,41.18618333333333,3.819166666666606,3.8191666666666606
P267+50,267.498,50.258,265.46425000000005,269.53174999999993,48.224250000000005,52.29175,4.067499999999935,4.067499999999994
P152+45,152.604,44.5831,150.57608333333337,154.63191666666665,42.55518333333334,46.611016666666664,4.055833333333268,4.055833333333327
P021+26,21.9547,26.0955,20.11220000000003,23.797199999999968,24.253000000000004,27.938,3.6849999999999414,3.684999999999994
P245+38,245.977,37.5679,244.01783333333336,247.93616666666665,35.60873333333334,39.52706666666666,3.918333333333271,3.918333333333327
P122+12,122.091,11.7801,120.26433333333335,123.91766666666663,9.953433333333335,13.606766666666664,3.653333333333275,3.6533333333333275
P205+67,205.102,67.441,203.09283333333337,207.11116666666663,65.43183333333334,69.45016666666666,4.01833333333327,4.018333333333326
P022+44,22.6732,43.6711,20.902366666666698,24.444033333333305,41.900266666666674,45.44193333333333,3.54166666666661,3.5416666666666607
P097+62,97.1805,61.8154,95.21675000000003,99.14424999999996,59.85165,63.779149999999994,3.9274999999999376,3.9274999999999936
P290+08,290.381,7.75492,288.45391666666666,292.3080833333333,5.82783666666667,9.68200333333333,3.8541666666666052,3.8541666666666603
P122+57,122.198,56.9572,120.47258333333336,123.92341666666663,55.23178333333334,58.68261666666666,3.450833333333278,3.450833333333328
P249+15,249.107,14.9978,247.06200000000004,251.15199999999996,12.952800000000003,17.042799999999996,4.089999999999935,4.089999999999994
P013+46,13.2946,46.0999,11.42585000000003,15.163349999999971,44.23115,47.96865,3.7374999999999403,3.737499999999994
P223+17,223.494,17.3538,221.68275000000003,225.30524999999997,15.542550000000002,19.165049999999997,3.6224999999999423,3.6224999999999943
P028+04,28.5316,3.56045,26.508683333333366,30.554516666666636,1.5375333333333363,5.583366666666663,4.0458333333332686,4.045833333333327
P232+45,232.872,45.0171,230.82075000000006,234.92324999999997,42.96585,47.068349999999995,4.102499999999934,4.102499999999993
P216+22,216.793,22.3361,215.02425000000002,218.56175,20.56735,24.104849999999995,3.5374999999999437,3.5374999999999943
P2Hetdex01,161.952,49.748,160.34116666666668,163.56283333333332,48.137166666666666,51.35883333333333,3.221666666666615,3.2216666666666613
P334+58,334.707,58.3124,332.90700000000004,336.50699999999995,56.5124,60.112399999999994,3.599999999999943,3.5999999999999943
P238+15,238.39,14.9313,236.38958333333335,240.39041666666662,12.930883333333338,16.931716666666663,4.0008333333332695,4.000833333333327
P282+05,282.965,5.18931,281.0475,284.88249999999994,3.271810000000003,7.106809999999997,3.8349999999999387,3.8349999999999937
P223+55,223.09,54.9979,220.97500000000002,225.20499999999998,52.88290000000001,57.112899999999996,4.229999999999933,4.229999999999993
P290+20,290.368,20.3054,288.5259166666667,292.2100833333333,18.463316666666667,22.14748333333333,3.684166666666608,3.684166666666661
P230+12,230.628,12.3749,228.65050000000002,232.60549999999995,10.397400000000003,14.352399999999998,3.954999999999937,3.9549999999999934
P281+10,281.664,10.2001,279.8269166666667,283.50108333333327,8.36301666666667,12.037183333333331,3.674166666666608,3.6741666666666606
P133+19,133.529,19.3779,131.6469166666667,135.4110833333333,17.49581666666667,21.25998333333333,3.7641666666666067,3.7641666666666604
P106+54,106.632,54.3507,104.82533333333336,108.43866666666665,52.54403333333334,56.15736666666667,3.6133333333332756,3.6133333333333275
P045+36,45.0207,36.3294,43.075700000000026,46.96569999999997,34.3844,38.2744,3.889999999999938,3.8899999999999935
P012+03,12.9721,3.42665,10.937933333333365,15.006266666666633,1.3924833333333364,5.4608166666666635,4.0683333333332685,4.068333333333327
P185+62,185.692,62.322,183.77950000000004,187.60449999999997,60.40950000000001,64.2345,3.824999999999939,3.824999999999994
P209+42,209.302,42.3738,207.56658333333334,211.03741666666664,40.63838333333334,44.10921666666667,3.470833333333278,3.470833333333328
P117+29,117.973,29.3253,116.07758333333337,119.86841666666663,27.429883333333336,31.22071666666666,3.790833333333273,3.7908333333333273
P120+27,120.289,26.8295,118.43441666666669,122.14358333333331,24.97491666666667,28.68408333333333,3.7091666666666074,3.7091666666666607
P191+67,191.612,67.3692,189.77533333333335,193.44866666666664,65.53253333333335,69.20586666666667,3.6733333333332747,3.6733333333333276
P262+13,262.439,12.5749,260.39525000000003,264.48275,10.531150000000004,14.618649999999995,4.087499999999935,4.087499999999993
P013+21,13.3539,21.0011,11.396816666666698,15.3109833333333,19.04401666666667,22.95818333333333,3.9141666666666044,3.9141666666666604
P128+37,128.908,36.9207,126.92300000000002,130.89299999999994,34.9357,38.905699999999996,3.9699999999999367,3.9699999999999935
P155+27,155.132,27.0281,153.32450000000003,156.93949999999998,25.2206,28.835599999999996,3.6149999999999425,3.614999999999994
P179+32,179.577,32.177,177.52825000000004,181.62574999999995,30.12825,34.22575,4.097499999999934,4.097499999999993
P035+49,35.9214,48.8028,33.93598333333336,37.906816666666636,46.81738333333333,50.78821666666666,3.97083333333327,3.970833333333327
P271+28,271.711,27.6991,270.0114166666667,273.4105833333333,25.999516666666672,29.39868333333333,3.3991666666666123,3.399166666666661
P221+20,221.469,19.8523,219.65775000000002,223.28024999999997,18.041050000000002,21.663549999999997,3.6224999999999423,3.6224999999999943
P329+58,329.78,58.2704,328.0441666666667,331.51583333333326,56.53456666666667,60.006233333333334,3.471666666666611,3.471666666666661
P078+64,78.3536,64.1919,76.29235000000003,80.41484999999997,62.13065000000001,66.25315,4.122499999999934,4.122499999999993
P332+51,332.631,50.7666,330.75641666666667,334.5055833333333,48.89201666666666,52.64118333333333,3.749166666666607,3.7491666666666608
P039+26,39.2604,26.242,37.29998333333336,41.220816666666636,24.281583333333337,28.202416666666664,3.9208333333332708,3.920833333333327
P022+14,22.0068,13.5454,20.05305000000003,23.960549999999966,11.591650000000005,15.499149999999997,3.9074999999999376,3.9074999999999935
P149+80,149.058,79.667,147.00133333333335,151.11466666666664,77.61033333333334,81.72366666666666,4.113333333333268,4.113333333333327
P160+57,160.305,57.1713,158.3091666666667,162.30083333333332,55.17546666666667,59.16713333333333,3.991666666666603,3.99166666666666
P115+54,115.521,54.407,113.82266666666669,117.21933333333331,52.708666666666666,56.10533333333333,3.3966666666666123,3.396666666666661
P042+26,42.1467,26.2659,40.1658666666667,44.127533333333304,24.28506666666667,28.246733333333328,3.9616666666666034,3.9616666666666602
P272+18,272.351,17.6635,270.5939166666667,274.1080833333333,15.906416666666669,19.42058333333333,3.5141666666666107,3.514166666666661
P045+24,45.2239,23.7812,43.20098333333337,47.24681666666663,21.758283333333335,25.804116666666662,4.0458333333332686,4.045833333333327
P029+11,29.6495,11.1005,27.547833333333365,31.751166666666634,8.998833333333337,13.202166666666663,4.2033333333332665,4.203333333333327
P261+43,261.998,42.6915,259.8709166666667,264.1250833333333,40.564416666666666,44.81858333333333,4.254166666666599,4.254166666666659
P136+77,136.596,77.098,134.5626666666667,138.6293333333333,75.06466666666667,79.13133333333333,4.066666666666602,4.06666666666666
P147+75,147.121,74.6531,145.0876666666667,149.1543333333333,72.61976666666666,76.68643333333333,4.066666666666602,4.06666666666666
P038+04,38.9059,3.64782,36.89048333333337,40.921316666666634,1.6324033333333365,5.663236666666663,4.030833333333269,4.030833333333327
P018+01,18.0765,0.960817,15.07483333333338,21.07816666666662,-2.0408496666666616,3.9624836666666616,6.003333333333238,6.003333333333323
P157+70,157.214,69.6959,155.3056666666667,159.1223333333333,67.78756666666666,71.60423333333333,3.816666666666606,3.8166666666666607
P245+28,245.416,27.5247,243.56975000000003,247.26224999999997,25.67845,29.370949999999997,3.6924999999999413,3.692499999999994
P343+16,343.053,15.7174,340.9971666666667,345.1088333333333,13.661566666666669,17.77323333333333,4.1116666666666015,4.11166666666666
P215+25,215.718,24.8401,213.8271666666667,217.60883333333328,22.94926666666667,26.73093333333333,3.7816666666666063,3.7816666666666605
P027+21,27.2233,21.1204,25.343300000000028,29.10329999999997,19.240400000000005,23.000399999999996,3.7599999999999403,3.759999999999994
P241+55,241.172,55.1049,239.25575000000003,243.08824999999996,53.18865,57.02115,3.8324999999999387,3.832499999999994
P353+06,353.173,5.76448,351.1109166666667,355.2350833333333,3.7023966666666697,7.82656333333333,4.124166666666601,4.12416666666666
P002+21,2.26652,20.9047,0.24485333333336534,4.288186666666634,18.883033333333334,22.926366666666663,4.043333333333269,4.043333333333327
P010+21,10.5814,20.977,8.608483333333366,12.554316666666635,19.004083333333337,22.949916666666663,3.9458333333332702,3.945833333333327
P332+06,332.364,5.58487,330.3473333333333,334.3806666666666,3.568203333333336,7.601536666666663,4.033333333333269,4.033333333333327
P072+67,72.0766,66.6537,70.08993333333336,74.06326666666664,64.66703333333334,68.64036666666667,3.97333333333327,3.973333333333327
P092+47,92.1746,46.7259,90.32043333333336,94.02876666666664,44.87173333333334,48.58006666666667,3.7083333333332744,3.7083333333333273
P213+37,213.358,37.3765,211.5284166666667,215.18758333333332,35.54691666666667,39.20608333333333,3.6591666666666085,3.659166666666661
P248+28,248.336,27.5431,246.51225000000005,250.15974999999997,25.719350000000002,29.366849999999996,3.647499999999942,3.647499999999994
P126+65,126.237,64.5072,124.33616666666668,128.1378333333333,62.606366666666666,66.40803333333332,3.801666666666606,3.8016666666666605
P344+11,344.836,10.7125,342.7343333333334,346.93766666666664,8.610833333333337,12.814166666666663,4.2033333333332665,4.203333333333327
P331+11,331.666,10.5993,329.65933333333334,333.67266666666666,8.592633333333335,12.605966666666664,4.01333333333327,4.0133333333333265
P063+16,63.8657,16.3996,62.07403333333336,65.65736666666663,14.607933333333335,18.191266666666664,3.583333333333276,3.5833333333333277
P174+22,174.848,22.1124,172.83841666666672,176.8575833333333,20.10281666666667,24.121983333333333,4.019166666666603,4.01916666666666
P125+59,125.273,59.4843,123.26383333333337,127.28216666666663,57.47513333333333,61.49346666666666,4.01833333333327,4.018333333333326
P024+31,24.3885,31.1364,22.688916666666696,26.088083333333305,29.43681666666667,32.83598333333333,3.3991666666666123,3.399166666666661
P6,166.195,49.748,164.61916666666667,167.77083333333331,48.17216666666667,51.323833333333326,3.151666666666616,3.1516666666666615
P061+69,61.4219,69.0803,59.369400000000034,63.47439999999997,67.0278,71.13279999999999,4.104999999999935,4.104999999999993
P186+65,186.8,64.8364,184.96333333333337,188.63666666666666,62.99973333333333,66.67306666666666,3.6733333333332747,3.6733333333333276
P281+38,281.962,37.8126,280.0799166666667,283.8440833333333,35.930516666666676,39.69468333333333,3.7641666666666067,3.7641666666666604
P002+23,2.85108,23.4198,1.0048300000000294,4.697329999999971,21.57355,25.266049999999996,3.6924999999999413,3.692499999999994
P348+18,348.543,18.275,346.4234166666667,350.6625833333333,16.155416666666667,20.39458333333333,4.239166666666599,4.23916666666666
P15Hetdex13,176.801,47.4927,175.15308333333334,178.44891666666663,45.84478333333333,49.140616666666666,3.295833333333281,3.295833333333328
P209+70,209.844,69.974,208.08400000000003,211.60399999999996,68.21400000000001,71.734,3.519999999999944,3.5199999999999942
P050+46,50.7407,46.4151,48.85153333333336,52.629866666666636,44.52593333333334,48.30426666666666,3.778333333333273,3.778333333333327
P232+58,232.331,57.5607,230.3489166666667,234.31308333333328,55.57861666666667,59.542783333333325,3.9641666666666033,3.96416666666666
P314+68,314.742,68.1788,312.97491666666673,316.5090833333333,66.41171666666666,69.94588333333333,3.5341666666666103,3.534166666666661
P017+39,17.4949,38.6069,15.640733333333364,19.349066666666637,36.75273333333334,40.46106666666667,3.7083333333332744,3.7083333333333273
P248+53,248.99,52.6445,247.17708333333337,250.80291666666665,50.831583333333334,54.45741666666667,3.6258333333332757,3.6258333333333272
P060+34,60.2981,33.9421,58.37726666666669,62.218933333333304,32.021266666666676,35.86293333333333,3.8416666666666055,3.8416666666666606
P019+36,19.3491,36.113,17.431183333333365,21.267016666666635,34.195083333333336,38.03091666666666,3.835833333333272,3.835833333333327
P282+00,282.3,0.164003,279.3233333333334,285.27666666666664,-2.8126636666666616,3.140669666666662,5.953333333333238,5.953333333333323
P269+63,269.998,62.8206,268.0196666666667,271.9763333333333,60.84226666666667,64.79893333333332,3.9566666666666035,3.9566666666666603
P130+44,130.816,44.461,128.9276666666667,132.7043333333333,42.57266666666667,46.34933333333333,3.7766666666666064,3.7766666666666606
P183+22,183.231,22.1563,181.27225,185.18974999999998,20.197550000000003,24.11505,3.9174999999999374,3.9174999999999938
P136+14,136.718,14.3761,134.68383333333335,138.75216666666662,12.341933333333335,16.41026666666666,4.0683333333332685,4.068333333333327
P311+08,311.284,7.9193,309.3156666666667,313.2523333333333,5.95096666666667,9.88763333333333,3.936666666666604,3.9366666666666603
P226+20,226.973,19.8838,225.18758333333338,228.75841666666665,18.098383333333338,21.669216666666664,3.5708333333332765,3.5708333333333275
P135+29,135.798,29.4309,134.0434166666667,137.5525833333333,27.676316666666672,31.18548333333333,3.509166666666611,3.509166666666661
P192+65,192.897,64.8681,190.96533333333335,194.82866666666663,62.93643333333333,66.79976666666666,3.8633333333332716,3.863333333333327
P149+22,149.712,21.9787,147.74866666666668,151.6753333333333,20.01536666666667,23.94203333333333,3.926666666666604,3.92666666666666
P056+56,56.0993,56.4958,54.32680000000003,57.87179999999997,54.72330000000001,58.268299999999996,3.5449999999999435,3.544999999999994
P130+49,130.95,49.4809,128.97833333333335,132.92166666666662,47.509233333333334,51.45256666666666,3.9433333333332703,3.9433333333333267
P34Hetdex06,195.892,49.748,194.31616666666667,197.46783333333332,48.17216666666667,51.323833333333326,3.151666666666616,3.1516666666666615
P018+19,18.5522,18.536,16.61095000000003,20.493449999999967,16.594750000000005,20.477249999999998,3.882499999999938,3.8824999999999936
P252+30,252.082,30.0769,250.3011666666667,253.8628333333333,28.29606666666667,31.85773333333333,3.5616666666666097,3.5616666666666608
P250+23,250.402,22.5362,248.467,252.33699999999996,20.601200000000006,24.471199999999996,3.8699999999999384,3.869999999999994
P215+20,215.965,19.8214,214.1266666666667,217.8033333333333,17.98306666666667,21.65973333333333,3.676666666666608,3.6766666666666605
P001+43,1.23087,43.4853,-0.7678799999999681,3.2296199999999677,41.48655000000001,45.484049999999996,3.997499999999936,3.9974999999999934
P347+36,347.361,35.835,345.4005833333334,349.3214166666666,33.874583333333334,37.79541666666667,3.9208333333332708,3.920833333333327
P028+24,28.2603,23.6393,26.36030000000003,30.16029999999997,21.7393,25.539299999999997,3.7999999999999394,3.7999999999999936
P010+39,10.8719,38.5495,8.947316666666698,12.796483333333303,36.62491666666667,40.47408333333333,3.8491666666666053,3.8491666666666604
P065+67,65.5456,66.6043,63.653933333333356,67.43726666666663,64.71263333333333,68.49596666666666,3.783333333333273,3.783333333333327
P207+17,207.226,17.2634,205.33183333333335,209.12016666666665,15.369233333333337,19.157566666666664,3.788333333333273,3.7883333333333273
P118+42,118.535,41.878,116.79500000000003,120.27499999999996,40.138000000000005,43.617999999999995,3.4799999999999445,3.479999999999994
P222+27,222.078,27.3858,220.0409166666667,224.1150833333333,25.348716666666668,29.42288333333333,4.074166666666602,4.07416666666666
P239+50,239.205,50.0742,237.41125000000005,240.99874999999997,48.28045,51.86794999999999,3.5874999999999426,3.587499999999994
P152+27,152.226,27.0123,150.43725000000003,154.01474999999996,25.223550000000003,28.801049999999996,3.577499999999943,3.5774999999999944
P010+26,10.4298,25.9959,8.659800000000029,12.199799999999971,24.225900000000003,27.765899999999995,3.5399999999999436,3.5399999999999943
P108+62,108.16,61.8875,106.06500000000003,110.25499999999997,59.792500000000004,63.9825,4.189999999999933,4.189999999999993
P337+08,337.425,8.13836,335.4029166666667,339.4470833333333,6.11627666666667,10.16044333333333,4.0441666666666025,4.04416666666666
P115+32,115.469,31.8198,113.57358333333336,117.36441666666663,29.92438333333334,33.71521666666666,3.790833333333273,3.7908333333333273
P136+72,136.797,72.0904,134.7274166666667,138.8665833333333,70.02081666666668,74.15998333333333,4.1391666666666005,4.13916666666666
P264+63,264.331,62.7815,262.33225000000004,266.32975,60.78275000000001,64.78025,3.997499999999936,3.9974999999999934
P225+45,225.55,44.9744,223.5033333333334,227.59666666666664,42.927733333333336,47.02106666666667,4.093333333333268,4.093333333333327
P023+16,23.4246,16.0677,21.5712666666667,25.277933333333305,14.214366666666669,17.92103333333333,3.7066666666666075,3.706666666666661
P009+46,9.56201,46.0675,7.737426666666696,11.386593333333305,44.24291666666667,47.89208333333333,3.6491666666666087,3.6491666666666607
P092+52,92.6601,51.7483,90.72510000000003,94.59509999999997,49.813300000000005,53.683299999999996,3.8699999999999384,3.869999999999994
P027+26,27.7208,26.1448,25.840383333333364,29.601216666666637,24.264383333333335,28.025216666666665,3.7608333333332733,3.760833333333327
P291+55,291.171,55.4486,289.18225,293.15975,53.45985,57.437349999999995,3.9774999999999365,3.9774999999999934
P327+28,327.367,28.1336,325.2703333333334,329.46366666666665,26.036933333333337,30.230266666666665,4.193333333333267,4.193333333333326
P169+55,169.114,54.7087,167.18358333333336,171.04441666666665,52.778283333333334,56.639116666666666,3.8608333333332716,3.860833333333327
P218+10,218.583,9.79571,216.9221666666667,220.2438333333333,8.134876666666669,11.45654333333333,3.321666666666614,3.3216666666666614
P181+27,181.303,27.1662,179.31091666666669,183.2950833333333,25.17411666666667,29.15828333333333,3.9841666666666034,3.98416666666666
P239+38,239.447,37.5274,237.42158333333336,241.47241666666665,35.501983333333335,39.552816666666665,4.0508333333332684,4.050833333333327
P142+70,142.306,69.6147,140.54516666666672,144.0668333333333,67.85386666666668,71.37553333333332,3.5216666666666105,3.5216666666666607
P195+25,195.759,24.7321,193.71650000000002,197.80149999999995,22.689600000000002,26.774599999999996,4.084999999999935,4.084999999999994
P059+14,59.3076,13.8539,57.4830166666667,61.1321833333333,12.02931666666667,15.678483333333329,3.6491666666666087,3.6491666666666607
P336+13,336.78,13.1532,334.76375,338.79624999999993,11.136950000000002,15.169449999999998,4.032499999999936,4.0324999999999935
P135+24,135.982,24.412,134.00783333333337,137.95616666666663,22.437833333333337,26.38616666666666,3.94833333333327,3.948333333333327
P333+33,333.295,33.2039,331.31375,335.27625,31.22265,35.18514999999999,3.962499999999937,3.9624999999999937
P222+30,222.194,29.8964,220.0844166666667,224.30358333333328,27.78681666666667,32.00598333333333,4.2191666666666,4.21916666666666
P331+21,331.814,20.6411,329.70775000000003,333.92025,18.534850000000006,22.747349999999997,4.212499999999933,4.212499999999993
P192+25,192.909,24.7171,190.84358333333336,194.97441666666663,22.651683333333335,26.782516666666663,4.130833333333268,4.130833333333326
P180+62,180.114,62.2929,178.1131666666667,182.1148333333333,60.29206666666667,64.29373333333334,4.001666666666603,4.00166666666666
P357+43,357.664,43.4543,355.624,359.70399999999995,41.414300000000004,45.4943,4.079999999999935,4.079999999999993
P049+04,49.2812,3.73315,47.27328333333337,51.28911666666663,1.7252333333333367,5.741066666666663,4.015833333333269,4.015833333333327
P348+31,348.156,30.822,346.18391666666673,350.1280833333333,28.84991666666667,32.794083333333326,3.9441666666666038,3.94416666666666
P268+20,268.297,20.1453,266.5761666666667,270.01783333333333,18.424466666666667,21.86613333333333,3.441666666666612,3.441666666666661
P292+25,292.887,25.3448,290.97741666666667,294.79658333333333,23.43521666666667,27.25438333333333,3.819166666666606,3.8191666666666606
P172+22,172.053,22.0978,170.02550000000002,174.08049999999997,20.070300000000003,24.125299999999996,4.054999999999936,4.0549999999999935
P069+42,69.9769,41.5461,68.0535666666667,71.9002333333333,39.62276666666667,43.469433333333335,3.8466666666666054,3.8466666666666605
P155+60,155.955,59.6569,154.01708333333337,157.89291666666665,57.718983333333334,61.59481666666667,3.8758333333332717,3.8758333333333272
P011+13,11.3607,13.4534,9.369033333333364,13.352366666666635,11.461733333333337,15.445066666666664,3.98333333333327,3.9833333333333267
P030+26,30.6048,26.1693,28.70480000000003,32.50479999999997,24.2693,28.0693,3.7999999999999394,3.7999999999999936
P247+63,247.374,62.6701,245.39775000000003,249.35024999999996,60.69385,64.64635,3.952499999999937,3.9524999999999935
P017+51,17.8507,51.1586,15.91070000000003,19.79069999999997,49.2186,53.0986,3.879999999999938,3.8799999999999937
P192+35,192.04,34.7522,190.06333333333336,194.01666666666662,32.775533333333335,36.72886666666667,3.9533333333332705,3.953333333333327
P228+60,228.143,60.045,226.24758333333335,230.03841666666665,58.14958333333334,61.940416666666664,3.790833333333273,3.7908333333333273
P104+34,104.069,34.257,102.2669166666667,105.8710833333333,32.45491666666667,36.05908333333333,3.6041666666666092,3.6041666666666607
P198+67,198.351,67.4049,196.41933333333336,200.28266666666664,65.47323333333334,69.33656666666666,3.8633333333332716,3.863333333333327
P206+52,206.439,52.3963,204.63941666666668,208.2385833333333,50.596716666666666,54.19588333333333,3.5991666666666093,3.599166666666661
P069+44,69.3548,44.0513,67.1902166666667,71.5193833333333,41.886716666666665,46.21588333333333,4.329166666666597,4.3291666666666595
P160+55,160.155,54.6614,158.03833333333336,162.27166666666665,52.54473333333334,56.77806666666666,4.233333333333266,4.233333333333326
P270+70,270.922,70.3508,269.18700000000007,272.657,68.61580000000001,72.0858,3.4699999999999447,3.4699999999999944
P176+32,176.519,32.161,174.50066666666672,178.5373333333333,30.14266666666667,34.17933333333333,4.036666666666602,4.03666666666666
P239+10,239.602,9.9184,237.8874166666667,241.3165833333333,8.20381666666667,11.63298333333333,3.429166666666612,3.429166666666661
P138+22,138.548,21.9166,136.57383333333337,140.52216666666664,19.942433333333334,23.890766666666664,3.94833333333327,3.948333333333327
P213+73,213.538,72.5008,211.72883333333337,215.34716666666665,70.69163333333333,74.30996666666667,3.6183333333332754,3.6183333333333274
P046+01,46.5542,1.20072,43.57045000000005,49.53794999999995,-1.7830299999999952,4.184469999999996,5.967499999999905,5.9674999999999905
P070+57,70.1932,56.6049,68.22403333333337,72.16236666666664,54.635733333333334,58.57406666666667,3.9383333333332704,3.938333333333327
P355+11,355.375,10.804,353.2795833333334,357.4704166666666,8.708583333333337,12.899416666666664,4.190833333333266,4.190833333333327
P344+03,344.452,3.17853,342.4003333333334,346.5036666666666,1.1268633333333367,5.230196666666663,4.103333333333268,4.103333333333326
P310+25,310.083,25.4804,308.10300000000007,312.063,23.500400000000003,27.460399999999996,3.959999999999937,3.9599999999999937
P336+43,336.298,43.269,334.2559166666667,338.3400833333333,41.22691666666667,45.31108333333333,4.084166666666602,4.08416666666666
P121+22,121.812,21.8188,119.73700000000004,123.88699999999996,19.743800000000004,23.893799999999995,4.149999999999934,4.149999999999993
P089+57,89.0469,56.7418,87.05648333333336,91.03731666666663,54.75138333333334,58.73221666666666,3.98083333333327,3.980833333333327
P33Hetdex08,193.771,52.1221,192.01933333333335,195.52266666666662,50.37043333333334,53.87376666666667,3.5033333333332775,3.5033333333333276
P109+32,109.377,31.7816,107.43075000000003,111.32324999999996,29.835350000000005,33.72785,3.892499999999938,3.892499999999994
P266+65,266.668,65.3058,264.57383333333337,268.76216666666664,63.21163333333334,67.39996666666667,4.188333333333267,4.188333333333326
P166+87,166.434,87.1485,164.23900000000003,168.62899999999996,84.9535,89.34349999999999,4.38999999999993,4.389999999999993
P124+54,124.426,54.4612,122.75183333333337,126.10016666666664,52.78703333333333,56.13536666666666,3.34833333333328,3.348333333333328
P171+30,171.503,29.6248,169.76175,173.24424999999997,27.883550000000003,31.366049999999998,3.4824999999999444,3.482499999999994
P273+68,273.214,67.8597,271.2644166666667,275.1635833333333,65.91011666666667,69.80928333333334,3.8991666666666047,3.8991666666666602
P158+25,158.736,24.5374,156.88933333333335,160.58266666666663,22.690733333333338,26.384066666666666,3.6933333333332743,3.693333333333327
P135+37,135.386,36.9582,133.33683333333337,137.43516666666662,34.90903333333333,39.00736666666666,4.098333333333268,4.0983333333333265
P024+39,24.1232,38.6639,22.33528333333336,25.91111666666664,36.87598333333334,40.45181666666666,3.5758333333332764,3.5758333333333274
P217+57,217.864,57.4775,215.74400000000003,219.98399999999998,55.3575,59.5975,4.239999999999933,4.239999999999993
P097+39,97.3683,39.2322,95.38413333333337,99.35246666666664,37.24803333333333,41.216366666666666,3.96833333333327,3.968333333333327
P214+40,214.928,39.895,213.22341666666668,216.63258333333332,38.19041666666667,41.599583333333335,3.4091666666666125,3.409166666666661
P355+08,355.732,8.29722,353.6528333333334,357.8111666666667,6.218053333333335,10.376386666666663,4.1583333333332675,4.158333333333327
P329+11,329.033,10.5771,327.0359166666667,331.0300833333333,8.580016666666669,12.57418333333333,3.994166666666603,3.99416666666666
P225+32,225.517,32.4255,223.5786666666667,227.4553333333333,30.48716666666667,34.36383333333333,3.8766666666666048,3.8766666666666603
P230+22,230.79,22.4162,228.98208333333335,232.59791666666663,20.608283333333336,24.224116666666664,3.6158333333332755,3.6158333333333275
P051+19,51.3412,18.8108,49.576616666666695,53.10578333333331,17.04621666666667,20.57538333333333,3.5291666666666104,3.529166666666661
P173+35,173.148,34.6532,171.18841666666668,175.1075833333333,32.69361666666667,36.612783333333326,3.9191666666666043,3.9191666666666602
P221+25,221.424,24.8721,219.57400000000004,223.27399999999997,23.022100000000002,26.722099999999998,3.699999999999941,3.699999999999994
P230+63,230.478,62.5673,228.49425000000005,232.46174999999997,60.58355000000001,64.55105,3.9674999999999367,3.9674999999999936
P146+27,146.415,26.9807,144.66250000000002,148.16749999999996,25.2282,28.733199999999997,3.504999999999944,3.504999999999994
P037+06,37.416,6.1456,35.424333333333365,39.40766666666663,4.153933333333336,8.137266666666664,3.98333333333327,3.9833333333333267
P046+21,46.659,21.2829,44.88066666666669,48.43733333333331,19.504566666666673,23.06123333333333,3.55666666666661,3.556666666666661
P021+41,21.6926,41.1529,19.886766666666695,23.498433333333303,39.34706666666667,42.958733333333335,3.611666666666609,3.6116666666666606
P198+27,198.768,27.2581,196.7696666666667,200.7663333333333,25.259766666666668,29.25643333333333,3.996666666666603,3.9966666666666604
P217+35,217.267,34.8884,215.37658333333337,219.15741666666662,32.99798333333333,36.778816666666664,3.780833333333273,3.780833333333327
P035+34,35.3638,33.7394,33.29213333333337,37.43546666666663,31.66773333333334,35.81106666666667,4.143333333333267,4.143333333333326
P040+06,40.0194,6.1673,38.033566666666694,42.0052333333333,4.18146666666667,8.15313333333333,3.971666666666603,3.97166666666666
P229+48,229.172,47.5049,227.12533333333337,231.21866666666662,45.45823333333334,49.55156666666666,4.093333333333268,4.093333333333327
P269+45,269.571,45.2532,267.6776666666667,271.46433333333334,43.35986666666667,47.14653333333333,3.7866666666666062,3.7866666666666604
P026+29,26.2182,28.642,24.518616666666695,27.917783333333304,26.94241666666667,30.34158333333333,3.3991666666666123,3.399166666666661
P236+75,236.714,75.1391,234.97941666666668,238.44858333333332,73.40451666666667,76.87368333333333,3.469166666666611,3.469166666666661
P229+35,229.897,34.9606,227.87783333333337,231.9161666666666,32.941433333333336,36.97976666666666,4.038333333333269,4.038333333333327
P054+19,54.076,18.8327,52.32475000000003,55.82724999999997,17.081450000000004,20.583949999999994,3.502499999999944,3.502499999999994
P101+52,101.03,51.8048,99.2054166666667,102.85458333333331,49.98021666666667,53.62938333333333,3.6491666666666087,3.6491666666666607
P266+58,266.225,57.7768,264.4254166666667,268.02458333333334,55.97721666666667,59.57638333333333,3.5991666666666093,3.599166666666661
P333+28,333.24,28.1834,331.1104166666667,335.3695833333333,26.05381666666667,30.312983333333328,4.259166666666599,4.25916666666666
P351+16,351.122,15.7873,349.10825000000006,353.13575,13.773550000000004,17.801049999999996,4.027499999999936,4.027499999999994
P174+62,174.547,62.2638,172.45325000000003,176.64074999999997,60.17005,64.35755,4.187499999999933,4.187499999999993
P028+01,28.4317,1.04937,25.437950000000047,31.42544999999995,-1.9443799999999951,4.043119999999995,5.987499999999905,5.98749999999999
P048+11,48.1194,11.2543,46.0748166666667,50.1639833333333,9.20971666666667,13.29888333333333,4.089166666666602,4.08916666666666
P138+67,138.057,67.0835,136.05866666666668,140.0553333333333,65.08516666666667,69.08183333333334,3.996666666666603,3.9966666666666604
P329+08,329.581,8.07142,327.5751666666667,331.58683333333335,6.06558666666667,10.07725333333333,4.011666666666603,4.0116666666666605
P208+82,208.898,82.4741,206.87675000000002,210.91924999999998,80.45285000000001,84.49535,4.042499999999936,4.042499999999993
P150+65,150.374,64.6438,148.42775000000003,152.32024999999996,62.69755,66.59004999999999,3.892499999999938,3.892499999999994
P353+36,353.749,35.8905,351.85441666666674,355.6435833333333,33.99591666666667,37.78508333333333,3.789166666666606,3.7891666666666604
P080+52,80.1257,51.66,78.0098666666667,82.2415333333333,49.54416666666667,53.775833333333324,4.231666666666599,4.231666666666659
P071+52,71.7862,51.5982,69.81453333333336,73.75786666666663,49.626533333333334,53.56986666666666,3.9433333333332703,3.9433333333333267
P274+33,274.672,32.74,272.7324166666667,276.61158333333333,30.80041666666667,34.67958333333333,3.8791666666666047,3.87916666666666
P158+37,158.087,37.0835,156.11325000000002,160.06074999999996,35.109750000000005,39.057249999999996,3.947499999999937,3.9474999999999936
P174+57,174.653,57.2468,172.84550000000002,176.46049999999997,55.4393,59.0543,3.6149999999999425,3.614999999999994
P141+62,141.253,62.0851,139.35716666666667,143.1488333333333,60.18926666666667,63.980933333333326,3.791666666666606,3.7916666666666603
P246+75,246.852,75.2016,244.95033333333336,248.75366666666665,73.29993333333334,77.10326666666666,3.803333333333273,3.803333333333327
P248+48,248.357,47.6216,246.5224166666667,250.1915833333333,45.78701666666667,49.45618333333333,3.6691666666666083,3.6691666666666607
P19Hetdex17,181.043,47.4927,179.39508333333336,182.69091666666665,45.84478333333333,49.140616666666666,3.295833333333281,3.295833333333328
P031+49,31.9913,48.7698,29.95630000000003,34.026299999999964,46.7348,50.80479999999999,4.0699999999999354,4.069999999999993
P046+29,46.8812,28.8148,45.152033333333364,48.610366666666636,27.085633333333337,30.543966666666666,3.4583333333332784,3.4583333333333277
P236+55,236.647,55.0774,234.6649166666667,238.62908333333328,53.09531666666667,57.059483333333326,3.9641666666666033,3.96416666666666
P031+01,31.0206,1.07134,28.028933333333384,34.01226666666662,-1.9203266666666619,4.063006666666662,5.983333333333238,5.983333333333324
P084+59,84.6244,59.2197,82.66398333333336,86.58481666666663,57.25928333333334,61.18011666666666,3.9208333333332708,3.920833333333327
P026+19,26.7444,18.6062,24.849400000000028,28.63939999999997,16.711200000000005,20.501199999999997,3.7899999999999396,3.789999999999994
P103+57,103.231,56.8379,101.42433333333335,105.03766666666664,55.03123333333333,58.64456666666666,3.6133333333332756,3.6133333333333275
P212+12,212.078,12.2697,210.17383333333336,213.98216666666664,10.365533333333337,14.173866666666664,3.8083333333332727,3.8083333333333274
P011+41,11.3849,41.0638,9.466566666666697,13.303233333333303,39.14546666666667,42.98213333333333,3.8366666666666056,3.8366666666666602
P016+34,16.7027,33.5802,14.784783333333364,18.620616666666635,31.662283333333335,35.49811666666666,3.835833333333272,3.835833333333327
P164+25,164.428,24.5677,162.54133333333337,166.31466666666662,22.681033333333335,26.45436666666666,3.773333333333273,3.773333333333327
P098+67,98.328,66.8397,96.23716666666671,100.4188333333333,64.74886666666666,68.93053333333333,4.1816666666666,4.1816666666666595
P349+81,349.051,80.9912,347.33475000000004,350.76724999999993,79.27495,82.70745000000001,3.4324999999999455,3.4324999999999943
P029+44,29.8353,43.7322,28.13113333333336,31.53946666666664,42.02803333333333,45.436366666666665,3.408333333333279,3.408333333333328
P009+16,9.95971,15.9516,8.041376666666697,11.878043333333302,14.03326666666667,17.86993333333333,3.8366666666666056,3.8366666666666602
P036+01,36.1984,1.11497,33.210900000000045,39.185899999999954,-1.872529999999995,4.102469999999995,5.974999999999905,5.97499999999999
P219+27,219.163,27.3693,217.10008333333337,221.22591666666665,25.306383333333336,29.432216666666662,4.125833333333268,4.125833333333326
P241+15,241.069,14.9476,239.05733333333336,243.08066666666662,12.935933333333336,16.959266666666664,4.0233333333332695,4.023333333333327
P230+15,230.353,14.8834,228.38675000000003,232.31924999999998,12.917150000000003,16.849649999999997,3.9324999999999375,3.9324999999999934
P129+29,129.858,29.3966,128.05758333333335,131.65841666666665,27.596183333333336,31.197016666666663,3.600833333333276,3.6008333333333273
P119+72,119.98,71.9918,117.98083333333336,121.97916666666664,69.99263333333333,73.99096666666667,3.9983333333332696,3.998333333333327
P157+40,157.69,39.5913,155.75083333333336,159.62916666666663,37.65213333333333,41.53046666666666,3.8783333333332717,3.878333333333327
P138+50,138.924,49.5266,136.84066666666672,141.0073333333333,47.44326666666667,51.60993333333333,4.1666666666666,4.16666666666666
P337+41,337.126,40.7664,335.2601666666667,338.99183333333326,38.90056666666667,42.632233333333325,3.7316666666666074,3.7316666666666607
P310+48,310.071,48.069,308.02766666666673,312.1143333333333,46.02566666666667,50.11233333333333,4.086666666666601,4.08666666666666
P052+21,52.2159,21.3279,50.46465000000003,53.96714999999997,19.57665,23.07915,3.502499999999944,3.502499999999994
P173+32,173.461,32.1451,171.4726666666667,175.44933333333333,30.15676666666667,34.13343333333333,3.976666666666603,3.9766666666666604
P293+20,293.127,20.3265,291.26950000000005,294.98449999999997,18.469,22.183999999999997,3.714999999999941,3.714999999999994
P025+24,25.4349,23.6153,23.554483333333362,27.315316666666636,21.734883333333336,25.495716666666667,3.7608333333332733,3.760833333333327
P151+52,151.454,52.1054,149.29608333333337,153.61191666666664,49.94748333333334,54.26331666666667,4.315833333333265,4.315833333333327
P309+28,309.766,27.9878,307.80891666666673,311.7230833333333,26.03071666666667,29.94488333333333,3.9141666666666044,3.9141666666666604
P306+61,306.555,60.5871,304.7854166666667,308.3245833333333,58.81751666666667,62.35668333333333,3.53916666666661,3.539166666666661
P357+31,357.203,30.9007,355.3055,359.10049999999995,29.003200000000003,32.798199999999994,3.7949999999999395,3.7949999999999937
P233+12,233.276,12.3905,231.28683333333336,235.26516666666666,10.401333333333335,14.379666666666663,3.97833333333327,3.978333333333327
P332+08,332.196,8.09388,330.18433333333337,334.2076666666667,6.082213333333337,10.105546666666664,4.0233333333332695,4.023333333333327
P091+67,91.7466,66.7952,89.76993333333337,93.72326666666663,64.81853333333333,68.77186666666665,3.9533333333332705,3.953333333333327
P006+31,6.25714,30.9796,4.429640000000029,8.08463999999997,29.152100000000004,32.8071,3.6549999999999416,3.654999999999994
P036+04,36.3122,3.62616,34.29470000000003,38.32969999999997,1.6086600000000035,5.643659999999997,4.034999999999935,4.034999999999993
P271+48,271.439,47.7757,269.3790000000001,273.49899999999997,45.715700000000005,49.835699999999996,4.119999999999934,4.119999999999993
P150+50,150.899,49.593,148.94650000000004,152.85149999999996,47.64050000000001,51.5455,3.9049999999999376,3.9049999999999936
P177+22,177.643,22.1271,175.6509166666667,179.6350833333333,20.13501666666667,24.11918333333333,3.9841666666666034,3.98416666666666
P072+84,72.2414,84.1633,70.23598333333337,74.24681666666663,82.15788333333334,86.16871666666667,4.010833333333269,4.010833333333327
P016+21,16.1269,21.0251,14.185650000000031,18.068149999999967,19.08385,22.966349999999995,3.882499999999938,3.8824999999999936
P122+19,122.555,19.3132,120.73416666666671,124.3758333333333,17.49236666666667,21.134033333333328,3.6416666666666084,3.641666666666661
P202+62,202.442,62.4108,200.45575000000005,204.42824999999996,60.42455,64.39705,3.9724999999999366,3.9724999999999935
P255+35,255.192,35.1169,253.2961666666667,257.0878333333333,33.22106666666667,37.01273333333333,3.791666666666606,3.7916666666666603
P020+29,20.3191,28.5915,18.57951666666669,22.058683333333306,26.851916666666668,30.331083333333332,3.479166666666611,3.479166666666661
P187+37,187.32,37.2372,185.43250000000003,189.20749999999995,35.349700000000006,39.1247,3.77499999999994,3.7749999999999937
P330+26,330.169,25.6473,328.14233333333334,332.1956666666666,23.620633333333338,27.673966666666665,4.053333333333269,4.053333333333327
P265+13,265.091,12.5929,263.05850000000004,267.1235,10.560400000000003,14.625399999999997,4.0649999999999356,4.064999999999993
P155+57,155.53,57.1457,153.51458333333338,157.54541666666663,55.13028333333334,59.16111666666666,4.030833333333269,4.030833333333327
P146+50,146.905,49.5714,144.8979166666667,148.9120833333333,47.56431666666667,51.578483333333324,4.014166666666602,4.01416666666666
P191+60,191.945,59.8462,189.95083333333335,193.93916666666664,57.85203333333334,61.84036666666667,3.98833333333327,3.9883333333333266
P25Hetdex09,185.286,52.1221,183.49808333333337,187.07391666666663,50.33418333333334,53.910016666666664,3.5758333333332764,3.5758333333333274
P262+28,262.94,27.6387,261.22,264.65999999999997,25.9187,29.3587,3.4399999999999453,3.4399999999999946
P020+03,20.7516,3.49387,18.7232666666667,22.7799333333333,1.4655366666666696,5.52220333333333,4.056666666666602,4.05666666666666
P211+67,211.86,67.4778,209.95125000000004,213.76874999999998,65.56905,69.38655,3.817499999999939,3.8174999999999937
P150+82,150.244,82.1669,148.19983333333337,152.28816666666663,80.12273333333333,84.21106666666667,4.088333333333268,4.088333333333327
P189+57,189.026,57.322,187.33183333333338,190.72016666666664,55.62783333333334,59.01616666666666,3.3883333333332795,3.388333333333328
P032+34,32.2512,33.7132,30.17620000000003,34.326199999999965,31.638200000000005,35.788199999999996,4.149999999999934,4.149999999999993
P254+20,254.515,20.0527,252.85083333333336,256.1791666666666,18.38853333333334,21.716866666666665,3.3283333333332803,3.328333333333328
P167+37,167.823,37.1351,165.74050000000005,169.90549999999996,35.052600000000005,39.2176,4.164999999999933,4.164999999999993
P225+68,225.411,67.5539,223.31850000000003,227.50349999999997,65.4614,69.6464,4.184999999999933,4.184999999999993
P187+55,187.064,54.8027,185.30733333333336,188.82066666666663,53.04603333333334,56.55936666666666,3.5133333333332772,3.5133333333333274
P169+35,169.999,34.6367,168.06858333333335,171.92941666666664,32.70628333333333,36.567116666666664,3.8608333333332716,3.860833333333327
P264+23,264.418,22.6287,262.3825833333334,266.4534166666666,20.593283333333336,24.66411666666666,4.070833333333268,4.070833333333327
P219+50,219.057,49.9565,216.99491666666668,221.1190833333333,47.89441666666667,52.018583333333325,4.124166666666601,4.12416666666666
P127+75,127.585,74.5426,125.64750000000002,129.52249999999995,72.6051,76.4801,3.8749999999999383,3.874999999999994
P126+57,126.949,56.9853,125.1631666666667,128.7348333333333,55.19946666666667,58.77113333333333,3.57166666666661,3.571666666666661
P048+19,48.6067,18.7889,46.82836666666669,50.385033333333304,17.010566666666673,20.56723333333333,3.55666666666661,3.556666666666661
P019+09,19.2809,8.50163,17.1675666666667,21.394233333333297,6.388296666666671,10.61496333333333,4.226666666666599,4.2266666666666595
P059+26,59.4774,26.4057,57.46198333333337,61.492816666666634,24.390283333333336,28.421116666666663,4.030833333333269,4.030833333333327
P019+34,19.8105,33.607,17.8621666666667,21.758833333333303,31.65866666666667,35.55533333333333,3.8966666666666048,3.8966666666666603
P39Hetdex19,202.256,47.4927,200.60808333333335,203.90391666666665,45.84478333333333,49.140616666666666,3.295833333333281,3.295833333333328
P261+25,261.409,25.1185,259.4144166666667,263.4035833333333,23.12391666666667,27.113083333333332,3.9891666666666032,3.98916666666666
P238+80,238.126,80.1495,236.36975000000004,239.88224999999997,78.39325000000001,81.90575,3.5124999999999442,3.5124999999999944
P105+44,105.457,44.3052,103.64116666666669,107.2728333333333,42.48936666666667,46.12103333333333,3.6316666666666086,3.6316666666666606
P141+34,141.707,34.4841,139.67700000000002,143.73699999999997,32.454100000000004,36.51409999999999,4.059999999999936,4.059999999999993
P005+46,5.83157,46.0351,4.049486666666695,7.613653333333305,44.25301666666667,47.81718333333333,3.5641666666666096,3.5641666666666607
P124+24,124.614,24.3456,122.56275000000004,126.66524999999997,22.294350000000005,26.396849999999997,4.102499999999934,4.102499999999993
P258+18,258.775,17.5706,257.0704166666667,260.47958333333327,15.866016666666669,19.27518333333333,3.4091666666666125,3.409166666666661
P328+01,328.892,0.534931,325.91533333333336,331.8686666666666,-2.441735666666662,3.5115976666666615,5.953333333333238,5.953333333333323
P353+26,353.161,25.8455,351.3114166666667,355.01058333333333,23.99591666666667,27.695083333333333,3.6991666666666077,3.6991666666666605
P058+16,58.4696,16.3575,56.69876666666669,60.24043333333331,14.586666666666671,18.12833333333333,3.54166666666661,3.5416666666666607
P283+13,283.662,12.7249,281.70825,285.61574999999993,10.771150000000002,14.678649999999998,3.9074999999999376,3.9074999999999935
P355+13,355.394,13.3144,353.34275,357.44525,11.263150000000003,15.365649999999995,4.102499999999934,4.102499999999993
P223+50,223.083,49.9793,221.07925000000003,225.08674999999997,47.975550000000005,51.98305,4.007499999999936,4.007499999999993
P102+62,102.666,61.8519,100.61308333333336,104.71891666666663,59.79898333333334,63.90481666666666,4.105833333333268,4.105833333333327
P064+29,64.6202,28.9557,62.76936666666669,66.4710333333333,27.10486666666667,30.80653333333333,3.7016666666666076,3.7016666666666604
P264+18,264.202,17.6071,262.47741666666667,265.9265833333333,15.88251666666667,19.33168333333333,3.4491666666666116,3.449166666666661
P135+62,135.72,62.0539,133.7454166666667,137.6945833333333,60.07931666666667,64.02848333333333,3.9491666666666037,3.94916666666666
P136+19,136.273,19.3937,134.37508333333335,138.17091666666664,17.495783333333335,21.291616666666663,3.795833333333273,3.795833333333327
P148+45,148.969,44.5634,146.89358333333337,151.04441666666662,42.48798333333334,46.63881666666666,4.150833333333267,4.150833333333327
P350+06,350.572,5.74184,348.5161666666667,352.6278333333333,3.6860066666666698,7.79767333333333,4.1116666666666015,4.11166666666666
P283+33,283.908,32.8071,281.8771666666667,285.9388333333333,30.776266666666668,34.837933333333325,4.061666666666602,4.06166666666666
P157+62,157.873,62.1761,155.9959166666667,159.7500833333333,60.29901666666667,64.05318333333332,3.754166666666607,3.7541666666666607
P206+75,206.536,74.9673,204.47225000000003,208.59974999999997,72.90355,77.03105,4.127499999999934,4.127499999999993
P142+42,142.902,42.0202,141.1295,144.67449999999997,40.24770000000001,43.792699999999996,3.5449999999999435,3.544999999999994
P045+06,45.2267,6.21039,43.25253333333337,47.200866666666634,4.236223333333337,8.184556666666664,3.94833333333327,3.948333333333327
P047+49,47.7259,48.9003,45.83923333333337,49.61256666666664,47.01363333333334,50.786966666666665,3.773333333333273,3.773333333333327
P145+60,145.71,59.6012,143.7220833333334,147.69791666666663,57.613283333333335,61.58911666666666,3.97583333333327,3.975833333333327
P111+47,111.078,46.8509,108.9796666666667,113.1763333333333,44.752566666666674,48.94923333333333,4.1966666666666,4.19666666666666
P031+64,31.0678,63.8171,29.167800000000028,32.96779999999997,61.917100000000005,65.7171,3.7999999999999394,3.7999999999999936
P219+22,219.594,22.3518,217.84025000000003,221.34774999999996,20.598050000000004,24.105549999999997,3.507499999999944,3.5074999999999945
P104+67,104.921,66.8831,102.86308333333338,106.97891666666663,64.82518333333334,68.94101666666666,4.115833333333268,4.115833333333327
P295+25,295.752,25.3668,293.862,297.642,23.476800000000004,27.2568,3.77999999999994,3.779999999999994
P201+40,201.439,39.8216,199.60233333333335,203.27566666666664,37.98493333333333,41.65826666666666,3.6733333333332747,3.6733333333333276
P258+30,258.066,30.116,256.32641666666666,259.8055833333333,28.376416666666668,31.855583333333332,3.479166666666611,3.479166666666661
P088+54,88.8833,54.2315,86.72663333333337,91.03996666666664,52.07483333333333,56.38816666666666,4.313333333333264,4.313333333333326
P161+40,161.053,39.6091,159.07925000000003,163.02674999999996,37.63535,41.58284999999999,3.947499999999937,3.9474999999999936
P004+41,4.5208,41.0041,2.369133333333368,6.672466666666633,38.85243333333334,43.155766666666665,4.303333333333264,4.303333333333327
P342+08,342.655,8.18341,340.62166666666667,344.6883333333333,6.150076666666671,10.21674333333333,4.066666666666602,4.06666666666666
P150+24,150.201,24.4914,148.31933333333336,152.08266666666663,22.609733333333335,26.373066666666663,3.7633333333332732,3.7633333333333274
P133+55,133.341,54.5135,131.57183333333336,135.11016666666666,52.74433333333334,56.282666666666664,3.538333333333277,3.538333333333328
P027+31,27.4133,31.1622,25.733300000000025,29.093299999999974,29.482200000000002,32.8422,3.3599999999999466,3.3599999999999945
P257+53,257.531,52.6998,255.82058333333336,259.2414166666666,50.989383333333336,54.41021666666667,3.4208333333332788,3.4208333333333276
P169+57,169.865,57.2218,167.99750000000003,171.7325,55.3543,59.0893,3.7349999999999404,3.734999999999994
P352+13,352.734,13.2912,350.67233333333337,354.7956666666666,11.229533333333336,15.352866666666664,4.123333333333267,4.123333333333327
P184+57,184.23,57.2969,182.53208333333336,185.92791666666662,55.59898333333334,58.994816666666665,3.3958333333332793,3.3958333333333277
P227+25,227.132,24.9048,225.3211666666667,228.9428333333333,23.09396666666667,26.715633333333333,3.621666666666609,3.621666666666661
P21,181.043,52.1221,179.22175000000004,182.86424999999997,50.300850000000004,53.94335,3.642499999999942,3.642499999999994
P123+14,123.359,14.2979,121.29816666666669,125.4198333333333,12.23706666666667,16.35873333333333,4.121666666666601,4.12166666666666
P054+39,54.0152,38.9121,52.14978333333336,55.88061666666664,37.04668333333334,40.77751666666666,3.730833333333274,3.7308333333333272
P143+27,143.511,26.9645,141.776,145.24599999999998,25.229500000000005,28.699499999999997,3.4699999999999447,3.4699999999999944
P205+22,205.601,22.2747,203.77183333333335,207.43016666666665,20.445533333333337,24.10386666666666,3.658333333333275,3.6583333333333274
P264+35,264.69,35.1803,262.86333333333334,266.51666666666665,33.35363333333334,37.00696666666666,3.653333333333275,3.6533333333333275
P214+52,214.93,52.4428,212.9029166666667,216.95708333333332,50.41571666666667,54.46988333333333,4.054166666666602,4.05416666666666
P015+16,15.3447,15.9981,13.452616666666696,17.236783333333303,14.10601666666667,17.890183333333333,3.7841666666666063,3.7841666666666605
P255+70,255.546,70.2462,253.60225000000003,257.48974999999996,68.30245000000001,72.18995,3.887499999999938,3.8874999999999935
P041+74,41.5546,73.9344,39.81335000000003,43.29584999999997,72.19315,75.67564999999999,3.4824999999999444,3.482499999999994
P340+21,340.113,20.7122,337.9571666666667,342.2688333333333,18.55636666666667,22.86803333333333,4.311666666666598,4.311666666666659
P031+24,31.0863,23.6633,29.16630000000003,33.00629999999997,21.7433,25.583299999999998,3.8399999999999386,3.8399999999999936
P127+24,127.455,24.3627,125.42250000000003,129.48749999999995,22.330200000000005,26.395199999999996,4.0649999999999356,4.064999999999993
P204+27,204.593,27.2892,202.6096666666667,206.57633333333328,25.30586666666667,29.27253333333333,3.9666666666666033,3.96666666666666
P109+37,109.494,36.8019,107.6894166666667,111.2985833333333,34.99731666666667,38.60648333333334,3.609166666666609,3.6091666666666606
P7Hetdex11,168.316,47.4927,166.66808333333336,169.96391666666665,45.84478333333333,49.140616666666666,3.295833333333281,3.295833333333328
P251+15,251.787,15.0149,249.73033333333336,253.84366666666665,12.958233333333338,17.071566666666666,4.113333333333268,4.113333333333327
P181+60,181.641,59.7923,179.80183333333335,183.48016666666663,57.953133333333334,61.63146666666666,3.6783333333332746,3.6783333333333275
P280+58,280.815,57.8804,278.8016666666667,282.8283333333333,55.86706666666667,59.89373333333333,4.0266666666666024,4.02666666666666
P339+13,339.439,13.176,337.4127500000001,341.46524999999997,11.149750000000004,15.202249999999996,4.052499999999935,4.052499999999993
P174+20,174.719,19.6017,172.64608333333337,176.79191666666662,17.528783333333337,21.674616666666665,4.145833333333267,4.145833333333327
P187+70,187.203,69.8534,185.15133333333335,189.25466666666665,67.80173333333333,71.90506666666666,4.103333333333268,4.103333333333326
P275+25,275.71,25.2177,273.68125000000003,277.7387499999999,23.188950000000006,27.246449999999996,4.057499999999935,4.057499999999993
P071+16,71.962,16.4614,70.1386666666667,73.78533333333331,14.63806666666667,18.28473333333333,3.6466666666666083,3.6466666666666607
P029+34,29.1396,33.6869,27.097100000000033,31.18209999999997,31.644400000000005,35.7294,4.084999999999935,4.084999999999994
P043+46,43.2343,46.3539,41.29721666666669,45.1713833333333,44.416816666666676,48.29098333333333,3.874166666666605,3.8741666666666603
P166+60,166.217,59.7115,164.41408333333337,168.01991666666666,57.90858333333334,61.51441666666666,3.6058333333332757,3.6058333333333277
P20Hetdex17,183.164,45.3324,181.21733333333336,185.11066666666662,43.385733333333334,47.279066666666665,3.8933333333332714,3.893333333333327
P130+24,130.297,24.3792,128.28450000000004,132.30949999999996,22.366700000000005,26.391699999999997,4.0249999999999355,4.024999999999993
P221+40,221.679,39.9329,220.0194166666667,223.3385833333333,38.273316666666666,41.59248333333333,3.319166666666614,3.319166666666661
P247+25,247.12,25.0254,245.22208333333336,249.01791666666665,23.127483333333338,26.923316666666665,3.795833333333273,3.795833333333327
P006+13,6.03601,13.4071,4.023926666666698,8.048093333333302,11.39501666666667,15.41918333333333,4.024166666666603,4.02416666666666
P358+11,358.01,10.827,355.90458333333333,360.11541666666665,8.721583333333337,12.932416666666663,4.210833333333266,4.210833333333326
P093+54,93.315,54.2621,91.32458333333336,95.30541666666663,52.271683333333335,56.25251666666666,3.98083333333327,3.980833333333327
P189+30,189.377,29.7184,187.49325000000005,191.26074999999997,27.834650000000003,31.602149999999995,3.76749999999994,3.767499999999994
P258+43,258.476,42.6679,256.3493333333334,260.6026666666666,40.54123333333334,44.79456666666667,4.2533333333332655,4.253333333333327
P021+09,21.8982,8.52415,19.7773666666667,24.019033333333297,6.4033166666666705,10.64498333333333,4.241666666666599,4.24166666666666
P106+29,106.101,29.2504,103.9214166666667,108.2805833333333,27.07081666666667,31.42998333333333,4.359166666666598,4.35916666666666
P131+57,131.704,57.0131,129.85483333333337,133.55316666666664,55.16393333333334,58.86226666666666,3.698333333333274,3.6983333333333275
P207+77,207.412,77.475,205.28700000000003,209.53699999999998,75.35,79.6,4.2499999999999325,4.249999999999993
P036+24,36.7398,23.7109,34.779383333333364,38.70021666666664,21.750483333333335,25.671316666666662,3.9208333333332708,3.920833333333327
P1Hetdex15,206.498,47.4927,204.8505,208.14549999999997,45.845200000000006,49.14019999999999,3.2949999999999475,3.2949999999999946
P243+50,243.24,50.099,241.4941666666667,244.98583333333332,48.35316666666667,51.84483333333333,3.491666666666611,3.491666666666661
P253+53,253.259,52.6719,251.49858333333336,255.01941666666661,50.91148333333334,54.432316666666665,3.520833333333277,3.5208333333333277
P159+77,159.972,77.2255,158.0936666666667,161.8503333333333,75.34716666666667,79.10383333333333,3.756666666666607,3.7566666666666606
P245+17,245.198,17.4832,243.48800000000003,246.908,15.773200000000003,19.193199999999997,3.4199999999999453,3.4199999999999946
P220+17,220.782,17.3384,218.95700000000005,222.60699999999997,15.513400000000003,19.163399999999996,3.6499999999999417,3.649999999999994
P225+12,225.329,12.3441,223.37316666666672,227.2848333333333,10.388266666666668,14.29993333333333,3.9116666666666045,3.9116666666666604
P190+25,190.059,24.7021,187.97775000000004,192.14024999999995,22.620850000000004,26.78335,4.162499999999934,4.162499999999993
P177+42,177.803,42.2069,175.7384166666667,179.8675833333333,40.142316666666666,44.27148333333333,4.129166666666601,4.12916666666666
P262+33,262.366,32.6547,260.53933333333333,264.19266666666664,30.828033333333334,34.48136666666666,3.653333333333275,3.6533333333333275
P186+75,186.598,74.8616,184.69383333333337,188.50216666666665,72.95743333333333,76.76576666666666,3.8083333333332727,3.8083333333333274
P227+55,227.606,55.0239,225.50933333333336,229.70266666666663,52.927233333333334,57.12056666666666,4.193333333333267,4.193333333333326
P037+71,37.3823,71.3937,35.640216666666696,39.124383333333306,69.65161666666667,73.13578333333332,3.4841666666666113,3.484166666666661
P000+11,0.645588,10.85,-1.4706619999999662,2.7618379999999663,8.733750000000004,12.966249999999995,4.232499999999932,4.232499999999993
P163+27,163.852,27.0746,161.98575000000002,165.71824999999998,25.208350000000003,28.940849999999998,3.7324999999999404,3.7324999999999937
P053+26,53.6982,26.3599,51.63945000000003,55.75694999999997,24.301150000000003,28.418649999999996,4.117499999999934,4.1174999999999935
P149+42,149.874,42.0587,148.02733333333336,151.72066666666663,40.21203333333334,43.905366666666666,3.6933333333332743,3.693333333333327
P152+62,152.327,62.146,150.53075000000004,154.12324999999996,60.34975,63.94225,3.592499999999943,3.592499999999994
P184+67,184.883,67.334,183.08841666666672,186.6775833333333,65.53941666666667,69.12858333333334,3.5891666666666096,3.5891666666666606
P088+32,88.0761,31.6387,86.0890166666667,90.0631833333333,29.65161666666667,33.62578333333333,3.974166666666603,3.9741666666666604
P198+30,198.321,29.7656,196.35808333333335,200.28391666666664,27.802683333333334,31.728516666666664,3.9258333333332707,3.925833333333327
P158+50,158.891,49.636,157.04308333333336,160.73891666666663,47.78808333333334,51.483916666666666,3.6958333333332742,3.6958333333333275
P298+28,298.045,27.8946,296.17416666666674,299.9158333333333,26.02376666666667,29.76543333333333,3.741666666666607,3.7416666666666605
P229+37,229.657,37.469,227.6715833333334,231.64241666666663,35.483583333333335,39.45441666666667,3.97083333333327,3.970833333333327
P283+73,283.344,72.9466,281.65483333333333,285.03316666666666,71.25743333333334,74.63576666666667,3.3783333333332797,3.3783333333333276
P045+09,45.4609,8.7224,43.36715000000004,47.55464999999997,6.628650000000004,10.816149999999997,4.187499999999933,4.187499999999993
P334+18,334.917,18.1575,332.832,337.00199999999995,16.0725,20.242499999999996,4.169999999999933,4.169999999999993
P114+39,114.093,39.3408,112.2884166666667,115.8975833333333,37.53621666666667,41.145383333333335,3.609166666666609,3.6091666666666606
P042+16,42.2885,16.2268,40.521416666666696,44.0555833333333,14.45971666666667,17.993883333333333,3.5341666666666103,3.534166666666661
P154+40,154.331,39.5733,152.42600000000002,156.23599999999996,37.66830000000001,41.4783,3.809999999999939,3.809999999999994
P226+37,226.397,37.4501,224.4436666666667,228.35033333333328,35.496766666666666,39.40343333333333,3.9066666666666046,3.9066666666666605
P056+41,56.1517,41.4389,54.37836666666669,57.9250333333333,39.66556666666666,43.21223333333333,3.54666666666661,3.546666666666661
P254+65,254.285,65.2229,252.3991666666667,256.1708333333333,63.337066666666665,67.10873333333332,3.7716666666666065,3.7716666666666607
P332+43,332.744,43.2389,330.74816666666675,334.7398333333333,41.24306666666667,45.23473333333333,3.991666666666603,3.99166666666666
P103+72,103.256,71.8866,101.47808333333336,105.03391666666664,70.10868333333333,73.66451666666667,3.555833333333277,3.5558333333333274
P112+37,112.727,36.8224,110.89408333333337,114.55991666666664,34.98948333333334,38.655316666666664,3.665833333333275,3.6658333333333273
P119+54,119.972,54.4343,118.32200000000002,121.62199999999997,52.7843,56.0843,3.2999999999999474,3.2999999999999945
P096+64,96.2446,64.3176,94.36543333333337,98.12376666666664,62.438433333333336,66.19676666666666,3.7583333333332734,3.758333333333327
P215+50,215.034,49.934,212.94816666666668,217.1198333333333,47.84816666666667,52.019833333333324,4.1716666666666,4.17166666666666
P40Hetdex19,204.377,45.3324,202.4499166666667,206.30408333333332,43.40531666666667,47.25948333333333,3.8541666666666052,3.8541666666666603
P236+35,236.216,34.9981,234.12850000000003,238.30349999999999,32.9106,37.0856,4.174999999999933,4.174999999999994
P036+31,36.4926,31.239,34.7505166666667,38.23468333333331,29.49691666666667,32.98108333333333,3.4841666666666113,3.484166666666661
P138+52,138.818,52.0354,136.7909166666667,140.84508333333332,50.00831666666667,54.06248333333333,4.054166666666602,4.05416666666666
P168+65,168.555,64.7407,166.5916666666667,170.51833333333332,62.77736666666667,66.70403333333333,3.926666666666604,3.92666666666666
P035+41,35.458,41.2698,33.784666666666695,37.1313333333333,39.596466666666664,42.94313333333333,3.3466666666666134,3.3466666666666613
P087+44,87.3862,44.1829,85.3728666666667,89.39953333333331,42.16956666666667,46.196233333333325,4.0266666666666024,4.02666666666666
P351+21,351.186,20.8081,349.09683333333334,353.2751666666666,18.718933333333336,22.897266666666663,4.178333333333267,4.178333333333327
P104+59,104.912,59.3577,103.1936666666667,106.63033333333331,57.63936666666667,61.076033333333335,3.436666666666612,3.436666666666661
P282+30,282.028,30.2833,280.30925,283.74675,28.564550000000004,32.00205,3.4374999999999454,3.4374999999999942
P147+24,147.356,24.4758,145.45600000000002,149.25599999999997,22.5758,26.375799999999998,3.7999999999999394,3.7999999999999936
P344+36,344.168,35.8073,342.1746666666667,346.1613333333333,33.813966666666666,37.80063333333333,3.9866666666666033,3.98666666666666
P198+25,198.609,24.7474,196.58858333333336,200.62941666666666,22.726983333333337,26.76781666666666,4.040833333333269,4.040833333333326
P267+30,267.047,30.1767,265.36575000000005,268.72825,28.49545,31.85795,3.3624999999999465,3.3624999999999945
P236+53,236.199,52.5654,234.21191666666672,238.1860833333333,50.578316666666666,54.55248333333333,3.974166666666603,3.9741666666666604
P258+40,258.878,40.161,256.8688333333333,260.88716666666664,38.151833333333336,42.17016666666667,4.01833333333327,4.018333333333326
P011+29,11.4778,28.515,9.673216666666695,13.282383333333305,26.71041666666667,30.31958333333333,3.609166666666609,3.6091666666666606
P059+24,59.3741,23.8948,57.33785000000003,61.410349999999966,21.858550000000005,25.931049999999995,4.072499999999935,4.072499999999994
P18Hetdex03,178.922,49.748,177.34616666666668,180.49783333333332,48.17216666666667,51.323833333333326,3.151666666666616,3.1516666666666615
P198+57,198.625,57.3727,196.8091666666667,200.4408333333333,55.55686666666667,59.18853333333333,3.6316666666666086,3.6316666666666606
P224+15,224.997,14.8523,223.05116666666672,226.9428333333333,12.90646666666667,16.79813333333333,3.8916666666666044,3.8916666666666604
P134+52,134.609,52.0115,132.63733333333337,136.58066666666664,50.039833333333334,53.98316666666666,3.9433333333332703,3.9433333333333267
P245+55,245.703,55.133,243.8496666666667,247.5563333333333,53.27966666666667,56.986333333333334,3.7066666666666075,3.706666666666661
P348+16,348.432,15.764,346.4040833333334,350.45991666666663,13.736083333333337,17.791916666666662,4.055833333333268,4.055833333333327
P126+47,126.234,46.9437,124.33650000000003,128.13149999999996,45.046200000000006,48.84119999999999,3.7949999999999395,3.7949999999999937
P187+25,187.21,24.6871,185.15125000000003,189.26874999999998,22.628350000000005,26.745849999999997,4.117499999999934,4.1174999999999935
P245+35,245.7,35.0562,243.70833333333334,247.69166666666663,33.06453333333334,37.04786666666666,3.98333333333327,3.9833333333333267
P235+40,235.192,40.0115,233.41950000000003,236.9645,38.239000000000004,41.78399999999999,3.5449999999999435,3.544999999999994
P147+29,147.691,29.4975,146.01975000000002,149.36225,27.82625,31.168749999999996,3.3424999999999465,3.3424999999999945
P000+31,0.220021,30.927,-1.6541456666666368,2.094187666666637,29.052833333333336,32.80116666666666,3.7483333333332736,3.7483333333333273
P259+33,259.292,32.6341,257.492,261.0919999999999,30.8341,34.434099999999994,3.599999999999943,3.5999999999999943
P180+37,180.818,37.2032,178.86216666666672,182.7738333333333,35.24736666666667,39.15903333333333,3.9116666666666045,3.9116666666666604
P132+65,132.259,64.5424,130.26066666666668,134.2573333333333,62.54406666666667,66.54073333333334,3.996666666666603,3.9966666666666604
P254+15,254.468,15.0323,252.40133333333335,256.5346666666666,12.965633333333336,17.098966666666662,4.133333333333267,4.133333333333327
P247+50,247.277,50.1242,245.4886666666667,249.06533333333329,48.335866666666675,51.91253333333333,3.57666666666661,3.576666666666661
P141+37,141.867,36.9949,139.86991666666668,143.8640833333333,34.99781666666667,38.99198333333333,3.994166666666603,3.99416666666666
P134+80,134.61,79.587,132.5658333333334,136.65416666666664,77.54283333333333,81.63116666666667,4.088333333333268,4.088333333333327
P034+39,34.0756,38.7484,32.37935000000003,35.77184999999997,37.05215,40.444649999999996,3.392499999999946,3.3924999999999943
P055+51,55.1358,51.4695,53.19705000000003,57.074549999999974,49.53075,53.408249999999995,3.877499999999938,3.8774999999999937
P117+74,117.869,74.4847,116.07608333333336,119.66191666666664,72.69178333333333,76.27761666666667,3.585833333333276,3.5858333333333277
P287+08,287.769,7.73521,285.84650000000005,289.69149999999996,5.812710000000004,9.657709999999998,3.844999999999939,3.8449999999999935
P207+60,207.432,59.9289,205.44575000000003,209.41824999999994,57.94265,61.91515,3.9724999999999366,3.9724999999999935
P352+01,352.189,0.735456,349.21191666666675,355.1660833333333,-2.2416273333333283,3.7125393333333285,5.954166666666572,5.954166666666657
P056+26,56.59,26.3829,54.553750000000036,58.62624999999997,24.346650000000004,28.419149999999995,4.072499999999935,4.072499999999994
P124+67,124.77,67.0064,122.96000000000002,126.57999999999997,65.1964,68.8164,3.6199999999999424,3.619999999999994
P049+21,49.4372,21.3055,47.67261666666669,51.2017833333333,19.540916666666668,23.07008333333333,3.5291666666666104,3.529166666666661
P024+49,24.14,48.703,22.177916666666697,26.102083333333304,46.74091666666667,50.665083333333335,3.924166666666604,3.92416666666666
P353+28,353.814,28.3612,351.86733333333336,355.7606666666667,26.41453333333334,30.307866666666662,3.8933333333332714,3.893333333333327
P231+32,231.652,32.461,229.76575000000003,233.53824999999995,30.57475,34.347249999999995,3.77249999999994,3.7724999999999937
P334+06,334.965,5.60708,332.9429166666667,336.98708333333326,3.5849966666666697,7.62916333333333,4.0441666666666025,4.04416666666666
P239+22,239.192,22.4663,237.33075000000002,241.05325,20.605050000000002,24.32755,3.7224999999999406,3.722499999999994
P159+45,159.876,44.6222,157.9401666666667,161.8118333333333,42.68636666666667,46.55803333333333,3.871666666666605,3.8716666666666604
P236+38,236.183,37.5077,234.13008333333335,238.23591666666664,35.45478333333334,39.56061666666666,4.105833333333268,4.105833333333327
P138+34,138.566,34.4665,136.50308333333336,140.62891666666664,32.40358333333334,36.52941666666667,4.125833333333268,4.125833333333326
P204+40,204.809,39.8397,203.00733333333335,206.61066666666665,38.03803333333334,41.64136666666666,3.6033333333332758,3.6033333333333273
P194+32,194.877,32.2573,192.90033333333338,196.85366666666664,30.280633333333338,34.23396666666667,3.9533333333332705,3.953333333333327
P018+21,18.9035,21.0491,16.9789166666667,20.828083333333304,19.12451666666667,22.97368333333333,3.8491666666666053,3.8491666666666604
P256+73,256.96,72.7618,254.76541666666668,259.1545833333333,70.56721666666667,74.95638333333332,4.389166666666597,4.389166666666659
P260+20,260.027,20.089,258.34700000000004,261.70699999999994,18.409000000000002,21.768999999999995,3.3599999999999466,3.3599999999999945
P285+38,285.24,37.8367,283.3916666666667,287.0883333333333,35.98836666666667,39.68503333333333,3.6966666666666077,3.6966666666666606
P318+18,318.579,18.0198,316.6135833333334,320.5444166666666,16.054383333333337,19.985216666666663,3.9308333333332706,3.930833333333327
P053+14,53.9759,13.8117,52.13340000000003,55.818399999999976,11.969200000000003,15.654199999999998,3.6849999999999414,3.684999999999994
P045+41,45.7981,41.3555,44.12310000000002,47.473099999999974,39.6805,43.030499999999996,3.349999999999947,3.3499999999999948
P14Hetdex04,174.68,49.748,173.10416666666669,176.25583333333333,48.17216666666667,51.323833333333326,3.151666666666616,3.1516666666666615
P032+21,32.7742,21.1676,30.92420000000003,34.62419999999997,19.317600000000002,23.017599999999998,3.699999999999941,3.699999999999994
P339+46,339.783,45.8087,337.7409166666667,341.82508333333334,43.76661666666667,47.85078333333333,4.084166666666602,4.08416666666666
P014+59,14.3382,58.6562,12.374033333333365,16.302366666666636,56.692033333333335,60.62036666666666,3.9283333333332706,3.928333333333327
P347+01,347.012,0.690471,344.03533333333337,349.98866666666663,-2.2861956666666616,3.6671376666666617,5.953333333333238,5.953333333333323
P007+03,7.78608,3.38158,5.748996666666699,9.823163333333301,1.3444966666666702,5.418663333333329,4.074166666666602,4.07416666666666
P231+17,231.631,17.401,229.8589166666667,233.4030833333333,15.628916666666669,19.17308333333333,3.54416666666661,3.5441666666666607
P314+23,314.968,23.0102,312.99050000000005,316.9455,21.032700000000006,24.987699999999997,3.954999999999937,3.9549999999999934
P086+62,86.227,61.7399,84.4274166666667,88.0265833333333,59.94031666666667,63.53948333333333,3.5991666666666093,3.599166666666661
P006+08,6.19673,8.38817,4.111730000000033,8.281729999999966,6.303170000000004,10.473169999999996,4.169999999999933,4.169999999999993
P231+53,231.941,52.5401,229.89058333333338,233.99141666666662,50.48968333333334,54.590516666666666,4.100833333333268,4.100833333333327
P262+38,262.319,37.6741,260.23441666666673,264.4035833333333,35.589516666666675,39.75868333333333,4.1691666666666,4.16916666666666
P197+60,197.103,59.8735,195.02508333333338,199.18091666666663,57.79558333333334,61.95141666666666,4.155833333333267,4.155833333333327
P333+31,333.094,30.6922,330.99150000000003,335.19649999999996,28.589700000000004,32.7947,4.204999999999933,4.204999999999993
P010+03,10.3791,3.40413,8.343683333333365,12.414516666666634,1.3687133333333366,5.439546666666663,4.070833333333268,4.070833333333327
P249+30,249.091,30.058,247.2889166666667,250.89308333333332,28.25591666666667,31.86008333333333,3.6041666666666092,3.6041666666666607
P027+39,27.4394,38.6922,25.683150000000026,29.195649999999972,36.935950000000005,40.448449999999994,3.5124999999999442,3.5124999999999944
P035+36,35.3856,36.2495,33.346433333333366,37.42476666666663,34.21033333333333,38.288666666666664,4.078333333333268,4.078333333333327
P051+44,51.3651,43.9104,49.433016666666695,53.2971833333333,41.97831666666667,45.842483333333334,3.864166666666605,3.8641666666666605
P111+27,111.588,26.7756,109.66675000000002,113.50924999999997,24.854350000000004,28.696849999999998,3.842499999999939,3.8424999999999936
P139+42,139.418,42.0006,137.68050000000002,141.1555,40.2631,43.738099999999996,3.4749999999999446,3.4749999999999943
P110+24,110.412,24.2581,108.43366666666671,112.3903333333333,22.279766666666667,26.23643333333333,3.9566666666666035,3.9566666666666603
P165+57,165.084,57.1966,163.15358333333336,167.01441666666665,55.26618333333333,59.12701666666666,3.8608333333332716,3.860833333333327
P027+14,27.3324,13.591,25.39740000000003,29.26739999999997,11.656000000000002,15.525999999999996,3.8699999999999384,3.869999999999994
P040+39,40.7197,38.8038,38.974700000000034,42.46469999999997,37.058800000000005,40.5488,3.4899999999999443,3.4899999999999944
P109+29,109.068,29.2695,107.0959166666667,111.0400833333333,27.29741666666667,31.24158333333333,3.9441666666666038,3.94416666666666
P259+13,259.787,12.5572,257.73158333333333,261.8424166666666,10.501783333333336,14.612616666666664,4.110833333333268,4.110833333333327
P027+09,27.1333,8.56896,25.014966666666698,29.2516333333333,6.45062666666667,10.687293333333331,4.236666666666599,4.23666666666666
P134+50,134.936,49.5039,132.9089166666667,136.96308333333332,47.47681666666667,51.53098333333333,4.054166666666602,4.05416666666666
P053+54,53.5567,53.9663,51.84753333333336,55.26586666666664,52.257133333333336,55.67546666666666,3.418333333333279,3.4183333333333277
P164+70,164.69,69.7355,162.67875000000004,166.70124999999996,67.72425000000001,71.74674999999999,4.022499999999936,4.022499999999994
P014+39,14.1827,38.5783,12.29395000000003,16.07144999999997,36.689550000000004,40.46704999999999,3.77749999999994,3.7774999999999936
P244+23,244.796,22.5008,242.89808333333335,246.69391666666664,20.602883333333338,24.398716666666665,3.795833333333273,3.795833333333327
P057+21,57.7746,21.3722,56.05001666666669,59.499183333333306,19.647616666666668,23.09678333333333,3.4491666666666116,3.449166666666661
P063+11,63.9589,11.3801,61.96265000000003,65.95514999999997,9.383850000000004,13.376349999999997,3.992499999999936,3.9924999999999935
P342+06,342.768,5.67432,340.72883333333334,344.8071666666666,3.6351533333333363,7.713486666666663,4.078333333333268,4.078333333333327
P006+36,6.54024,36.002,4.736490000000028,8.343989999999971,34.19825000000001,37.805749999999996,3.6074999999999426,3.607499999999994
P175+25,175.817,24.6276,173.84700000000004,177.78699999999998,22.657600000000006,26.597599999999996,3.9399999999999373,3.9399999999999937
P226+17,226.206,17.3694,224.40808333333334,228.00391666666664,15.571483333333335,19.16731666666666,3.595833333333276,3.5958333333333274
P238+60,238.526,60.1067,236.76308333333338,240.28891666666664,58.343783333333334,61.86961666666666,3.525833333333277,3.5258333333333276
P345+06,345.369,5.69687,343.3244166666667,347.41358333333335,3.6522866666666696,7.74145333333333,4.089166666666602,4.08916666666666
P134+14,134.046,14.3607,131.9989166666667,136.09308333333328,12.31361666666667,16.40778333333333,4.0941666666666015,4.09416666666666
P069+11,69.2396,11.4205,67.25918333333335,71.22001666666664,9.440083333333337,13.400916666666664,3.9608333333332704,3.9608333333333268
P342+28,342.053,28.2591,339.9271666666667,344.1788333333333,26.13326666666667,30.38493333333333,4.2516666666665985,4.25166666666666
P062+26,62.3679,26.4283,60.373316666666696,64.3624833333333,24.43371666666667,28.42288333333333,3.9891666666666032,3.98916666666666
P008+28,8.53211,28.4894,6.704610000000029,10.35960999999997,26.661900000000003,30.316899999999997,3.6549999999999416,3.654999999999994
P122+34,122.875,34.375,120.9216666666667,124.8283333333333,32.42166666666667,36.32833333333333,3.9066666666666046,3.9066666666666605
P080+54,80.03,54.1684,77.97583333333337,82.08416666666663,52.11423333333334,56.22256666666666,4.108333333333268,4.108333333333326
P337+36,337.786,35.7523,335.72225000000003,339.84975,33.68855,37.81605,4.127499999999934,4.127499999999993
P170+32,170.404,32.129,168.44441666666668,172.3635833333333,30.169416666666667,34.088583333333325,3.9191666666666043,3.9191666666666602
P112+32,112.423,31.8007,110.50258333333336,114.34341666666664,29.880283333333335,33.72111666666666,3.840833333333272,3.840833333333327
P113+34,113.468,34.3172,111.6059166666667,115.3300833333333,32.45511666666667,36.17928333333333,3.724166666666607,3.7241666666666604
P231+78,231.495,77.6108,229.80083333333337,233.18916666666664,75.91663333333334,79.30496666666666,3.3883333333332795,3.388333333333328
P196+72,196.336,72.4077,194.13225000000006,198.53974999999997,70.20395,74.61145,4.40749999999993,4.407499999999993
P292+23,292.487,22.8316,290.5574166666667,294.41658333333334,20.902016666666672,24.76118333333333,3.859166666666605,3.85916666666666
P30Hetdex06,191.649,49.748,190.07316666666668,193.22483333333332,48.17216666666667,51.323833333333326,3.151666666666616,3.1516666666666615
P016+36,16.1452,36.0854,14.256866666666696,18.033533333333303,34.19706666666667,37.97373333333333,3.7766666666666064,3.7766666666666606
P349+01,349.601,0.712945,346.62433333333337,352.57766666666663,-2.2637216666666617,3.6896116666666616,5.953333333333238,5.953333333333323
P066+11,66.5989,11.4004,64.6105666666667,68.5872333333333,9.41206666666667,13.38873333333333,3.976666666666603,3.9766666666666604
P256+23,256.006,22.5725,254.031,257.98099999999994,20.597500000000004,24.5475,3.949999999999937,3.9499999999999935
P104+24,104.734,24.2215,102.79316666666669,106.6748333333333,22.28066666666667,26.16233333333333,3.8816666666666046,3.88166666666666
P354+03,354.822,3.26867,352.77658333333335,356.86741666666666,1.2232533333333366,5.314086666666664,4.0908333333332685,4.090833333333327
P018+31,18.3414,31.0844,16.601816666666693,20.080983333333307,29.344816666666667,32.82398333333333,3.479166666666611,3.479166666666661
P005+23,5.67136,23.4444,3.8417766666666955,7.500943333333304,21.61481666666667,25.273983333333334,3.6591666666666085,3.659166666666661
P098+84,98.4951,84.344,96.59093333333335,100.39926666666663,82.43983333333333,86.24816666666666,3.8083333333332727,3.8083333333333274
P224+63,224.859,62.5346,222.9644166666667,226.75358333333332,60.64001666666667,64.42918333333333,3.789166666666606,3.7891666666666604
P140+27,140.607,26.9482,138.8899166666667,142.3240833333333,25.23111666666667,28.66528333333333,3.434166666666612,3.4341666666666613
P026+66,26.644,66.288,24.685666666666695,28.602333333333302,64.32966666666667,68.24633333333333,3.9166666666666043,3.9166666666666603
P041+04,41.4996,3.66937,39.485850000000035,43.51334999999997,1.655620000000003,5.683119999999997,4.027499999999936,4.027499999999994
P310+13,310.21,12.9309,308.2866666666667,312.13333333333327,11.00756666666667,14.85423333333333,3.8466666666666054,3.8466666666666605
P273+30,273.037,30.2185,271.38033333333334,274.6936666666666,28.561833333333336,31.87516666666666,3.3133333333332806,3.313333333333328
P248+65,248.111,65.1831,246.2239166666667,249.99808333333328,63.29601666666667,67.07018333333333,3.7741666666666065,3.7741666666666607
P332+16,332.3,15.6252,330.25250000000005,334.34749999999997,13.577700000000004,17.672699999999995,4.094999999999935,4.0949999999999935
P256+48,256.044,47.6712,254.11358333333334,257.9744166666666,45.74078333333333,49.601616666666665,3.8608333333332716,3.860833333333327
P239+35,239.377,35.0172,237.3174166666667,241.43658333333332,32.957616666666674,37.07678333333333,4.119166666666601,4.1191666666666595
P356+18,356.723,18.3462,354.63050000000004,358.8155,16.253700000000002,20.438699999999997,4.184999999999933,4.184999999999993
P140+39,140.903,39.4993,139.12550000000002,142.68049999999997,37.7218,41.276799999999994,3.5549999999999433,3.5549999999999944
P050+11,50.7621,11.2757,48.72668333333336,52.79751666666663,9.240283333333338,13.311116666666663,4.070833333333268,4.070833333333327
P351+31,351.171,30.8482,349.22433333333333,353.11766666666665,28.901533333333337,32.794866666666664,3.8933333333332714,3.893333333333327
P032+09,32.369,8.61339,30.267333333333365,34.47066666666663,6.511723333333338,10.715056666666664,4.2033333333332665,4.203333333333327
P284+03,284.84,2.69297,282.77958333333333,286.9004166666666,0.6325533333333366,4.753386666666663,4.120833333333268,4.1208333333333265
P023+29,23.2676,28.6168,21.548433333333364,24.98676666666664,26.89763333333334,30.335966666666664,3.4383333333332784,3.4383333333333277
P145+72,145.24,72.1375,143.32083333333338,147.15916666666664,70.21833333333333,74.05666666666667,3.838333333333272,3.838333333333327
P17,178.922,45.3324,176.88158333333337,180.96241666666663,43.291983333333334,47.372816666666665,4.080833333333269,4.080833333333326
P211+85,211.999,84.9643,209.94400000000002,214.05399999999997,82.9093,87.01929999999999,4.109999999999935,4.109999999999993
P013+34,13.5969,33.5535,11.708566666666696,15.485233333333303,31.665166666666668,35.44183333333333,3.7766666666666064,3.7766666666666606
P007+01,7.72149,0.870785,4.744823333333381,10.69815666666662,-2.1058816666666615,3.847451666666662,5.953333333333238,5.953333333333323
P184+42,184.796,42.2435,182.71600000000004,186.87599999999995,40.1635,44.323499999999996,4.1599999999999335,4.159999999999993
P037+39,37.3956,38.7762,35.67810000000003,39.113099999999974,37.05870000000001,40.4937,3.4349999999999454,3.4349999999999943
P044+39,44.0396,38.8313,42.26585000000003,45.81334999999997,37.05755,40.60505,3.5474999999999435,3.547499999999994
P166+22,166.466,22.0684,164.40350000000004,168.52849999999998,20.005900000000004,24.130899999999997,4.124999999999934,4.124999999999993
P276+43,276.098,42.7895,274.1350833333334,278.0609166666666,40.82658333333333,44.75241666666666,3.9258333333332707,3.925833333333327
P073+47,73.3095,46.5905,71.36825000000003,75.25074999999997,44.64925,48.531749999999995,3.882499999999938,3.8824999999999936
P098+44,98.2239,44.2574,96.33265000000003,100.11514999999997,42.36615,46.148649999999996,3.78249999999994,3.782499999999994
P348+21,348.417,20.7841,346.31241666666665,350.5215833333333,18.679516666666668,22.88868333333333,4.2091666666666,4.209166666666659
P122+49,122.983,49.4338,121.08550000000004,124.88049999999997,47.536300000000004,51.33129999999999,3.7949999999999395,3.7949999999999937
P240+45,240.202,45.0612,238.24533333333335,242.15866666666665,43.104533333333336,47.01786666666666,3.913333333333271,3.913333333333327
P217+47,217.681,47.4393,215.7739166666667,219.58808333333332,45.53221666666667,49.346383333333335,3.814166666666606,3.8141666666666603
P127+22,127.389,21.8521,125.33775000000003,129.44024999999996,19.800850000000004,23.903349999999996,4.102499999999934,4.102499999999993
P252+35,252.027,35.0964,250.09991666666667,253.9540833333333,33.169316666666674,37.02348333333333,3.8541666666666052,3.8541666666666603
P051+49,51.6649,48.9322,49.72615000000003,53.60364999999997,46.99345,50.87095,3.877499999999938,3.8774999999999937
P236+10,236.974,9.90249,235.2665,238.68149999999997,8.194990000000002,11.609989999999998,3.4149999999999454,3.4149999999999943
P121+52,121.999,51.9373,120.18150000000003,123.81649999999996,50.119800000000005,53.754799999999996,3.634999999999942,3.634999999999994
P137+27,137.703,26.9318,135.9721666666667,139.4338333333333,25.20096666666667,28.66263333333333,3.4616666666666114,3.461666666666661
P126+14,126.03,14.3139,123.95625000000004,128.10374999999996,12.240150000000003,16.387649999999997,4.147499999999934,4.147499999999993
P259+60,259.354,60.2392,257.35525,261.35274999999996,58.24045,62.23794999999999,3.997499999999936,3.9974999999999934
P105+69,105.291,69.393,103.34558333333337,107.23641666666663,67.44758333333334,71.33841666666666,3.8908333333332714,3.890833333333327
P131+82,131.212,82.0618,129.13158333333337,133.2924166666666,79.98138333333334,84.14221666666667,4.160833333333267,4.1608333333333265
P144+40,144.259,39.518,142.45066666666668,146.0673333333333,37.70966666666667,41.32633333333333,3.616666666666609,3.616666666666661
P030+31,30.4389,31.1879,28.741816666666693,32.13598333333331,29.490816666666667,32.88498333333333,3.3941666666666124,3.3941666666666612
P308+00,308.184,0.363597,305.2073333333334,311.16066666666666,-2.6130696666666617,3.3402636666666616,5.953333333333238,5.953333333333323
P083+49,83.2716,49.1729,81.43535000000004,85.10784999999997,47.33665,51.00915,3.6724999999999413,3.672499999999994
P200+37,200.333,37.3059,198.5721666666667,202.0938333333333,35.54506666666667,39.06673333333333,3.5216666666666105,3.5216666666666607
P071+11,71.8805,11.4405,69.90800000000003,73.85299999999997,9.468000000000004,13.412999999999997,3.9449999999999372,3.9449999999999936
P254+55,254.766,55.191,253.03016666666667,256.5018333333333,53.45516666666667,56.926833333333335,3.471666666666611,3.471666666666661
P042+64,42.8289,63.9153,40.84265000000003,44.81514999999997,61.929050000000004,65.90155,3.9724999999999366,3.9724999999999935
P114+47,114.865,46.8746,112.81875000000002,116.91124999999997,44.82835000000001,48.920849999999994,4.0924999999999345,4.092499999999993
P195+35,195.191,34.7688,193.2439166666667,197.1380833333333,32.82171666666667,36.71588333333333,3.8941666666666044,3.8941666666666603
P118+67,118.143,66.9665,116.30258333333336,119.98341666666664,65.12608333333333,68.80691666666667,3.6808333333332746,3.6808333333333274
P083+44,83.7767,44.1573,81.72920000000003,85.82419999999998,42.1098,46.2048,4.094999999999935,4.0949999999999935
P340+36,340.977,35.7799,338.94825000000003,343.0057499999999,33.75115,37.80864999999999,4.057499999999935,4.057499999999993
P011+44,11.9437,43.5785,10.064116666666695,13.823283333333304,41.69891666666667,45.45808333333333,3.759166666666607,3.7591666666666606
P267+35,267.858,35.2021,266.0038333333334,269.71216666666663,33.34793333333334,37.056266666666666,3.7083333333332744,3.7083333333333273
P213+62,213.639,62.4715,211.8081666666667,215.46983333333333,60.64066666666667,64.30233333333332,3.6616666666666084,3.661666666666661
P31Hetdex19,193.771,47.4927,192.12308333333334,195.41891666666663,45.84478333333333,49.140616666666666,3.295833333333281,3.295833333333328
P255+50,255.362,50.1762,253.4799166666667,257.2440833333333,48.294116666666675,52.05828333333333,3.7641666666666067,3.7641666666666604
P135+22,135.758,21.9008,133.76508333333337,137.75091666666665,19.907883333333338,23.893716666666663,3.98583333333327,3.9858333333333267
P044+34,44.7072,33.817,42.7313666666667,46.6830333333333,31.84116666666667,35.79283333333333,3.9516666666666036,3.9516666666666604
P035+21,35.5524,21.1909,33.71781666666669,37.386983333333305,19.356316666666668,23.02548333333333,3.6691666666666083,3.6691666666666607
P128+54,128.882,54.4876,127.16200000000003,130.60199999999998,52.7676,56.2076,3.4399999999999453,3.4399999999999946
P022+36,22.5542,36.1406,20.6058666666667,24.502533333333304,34.19226666666667,38.08893333333333,3.8966666666666048,3.8966666666666603
P049+54,49.1546,53.9309,47.4900166666667,50.81918333333331,52.26631666666667,55.595483333333334,3.3291666666666138,3.3291666666666613
P138+29,138.77,29.4478,137.03750000000005,140.50249999999997,27.715300000000003,31.1803,3.464999999999945,3.4649999999999945
P128+27,128.994,26.8816,127.20316666666669,130.7848333333333,25.090766666666667,28.67243333333333,3.5816666666666097,3.581666666666661
P228+17,228.919,17.3851,227.13358333333338,230.70441666666665,15.599683333333338,19.170516666666664,3.5708333333332765,3.5708333333333275
P016+49,16.2991,48.6356,14.430350000000029,18.16784999999997,46.76685,50.504349999999995,3.7374999999999403,3.737499999999994
P332+46,332.355,45.7451,330.4029166666667,334.3070833333333,43.793016666666674,47.69718333333333,3.9041666666666046,3.90416666666666
P020+39,20.8091,38.6355,18.988266666666696,22.629933333333305,36.81466666666667,40.45633333333333,3.6416666666666084,3.641666666666661
P271+20,271.055,20.1645,269.32000000000005,272.78999999999996,18.429500000000004,21.899499999999996,3.4699999999999447,3.4699999999999944
P339+31,339.116,30.7438,337.04516666666666,341.1868333333333,28.67296666666667,32.81463333333333,4.141666666666601,4.1416666666666595
P272+40,272.44,40.2537,270.2945833333334,274.5854166666666,38.10828333333334,42.399116666666664,4.290833333333265,4.290833333333326
P196+75,196.55,74.9139,194.5104166666667,198.5895833333333,72.87431666666667,76.95348333333332,4.079166666666602,4.07916666666666
P201+27,201.681,27.2736,199.70475000000005,203.65724999999998,25.29735,29.249849999999995,3.952499999999937,3.9524999999999935
P256+18,256.056,17.5527,254.36266666666668,257.7493333333333,15.859366666666672,19.246033333333333,3.3866666666666125,3.386666666666661
P203+37,203.588,37.3234,201.84258333333335,205.33341666666664,35.577983333333336,39.06881666666666,3.4908333333332777,3.4908333333333275
P075+52,75.9531,51.6292,73.77310000000004,78.13309999999997,49.4492,53.8092,4.35999999999993,4.359999999999993
P191+32,191.816,32.2414,189.80975000000004,193.82224999999997,30.23515,34.24764999999999,4.012499999999936,4.012499999999993
P029+29,29.1676,28.6671,27.487600000000025,30.847599999999975,26.987100000000005,30.347099999999998,3.3599999999999466,3.3599999999999945
P16Hetdex13,176.801,52.1221,174.94225000000003,178.65974999999995,50.26335,53.980850000000004,3.7174999999999407,3.717499999999994
P172+27,172.576,27.1205,170.6485,174.50349999999997,25.193,29.048,3.8549999999999387,3.8549999999999938
P030+51,30.2504,51.2646,28.470816666666693,32.029983333333305,49.485016666666674,53.04418333333333,3.5591666666666097,3.559166666666661
P267+48,267.587,47.749,265.4995,269.67449999999997,45.661500000000004,49.8365,4.174999999999933,4.174999999999994
P160+20,160.982,19.5294,158.86700000000002,163.09699999999998,17.4144,21.644399999999997,4.229999999999933,4.229999999999993
P264+30,264.053,30.1562,262.353,265.753,28.456200000000003,31.856199999999994,3.3999999999999457,3.3999999999999946
P263+70,263.224,70.2974,261.4065,265.0415,68.4799,72.11489999999999,3.634999999999942,3.634999999999994
P241+25,241.407,24.9899,239.54575000000003,243.26825,23.12865,26.851149999999997,3.7224999999999406,3.722499999999994
P164+40,164.411,39.6269,162.40225000000004,166.41974999999996,37.61815,41.63565,4.017499999999936,4.017499999999994
P200+55,200.553,54.8741,198.74841666666669,202.3575833333333,53.069516666666665,56.67868333333333,3.609166666666609,3.6091666666666606
P315+28,315.631,28.0357,313.62808333333334,317.6339166666666,26.032783333333334,30.038616666666663,4.005833333333269,4.005833333333327
P272+65,272.874,65.3492,270.8194166666667,274.92858333333334,63.29461666666667,67.40378333333332,4.109166666666601,4.10916666666666
P248+35,248.863,35.0762,246.90383333333335,250.82216666666665,33.11703333333334,37.03536666666666,3.918333333333271,3.918333333333327
P234+32,234.722,32.4792,232.86158333333339,236.58241666666663,30.618783333333337,34.339616666666664,3.720833333333274,3.7208333333333274
P197+32,197.938,32.2735,195.9909166666667,199.88508333333328,30.326416666666667,34.22058333333333,3.8941666666666044,3.8941666666666603
P235+20,235.233,19.9324,233.48633333333336,236.97966666666665,18.18573333333334,21.679066666666664,3.4933333333332777,3.493333333333328
P149+70,149.752,69.6556,147.9474166666667,151.55658333333332,67.85101666666668,71.46018333333333,3.609166666666609,3.6091666666666606
P102+54,102.188,54.3218,100.3234166666667,104.0525833333333,52.457216666666675,56.18638333333333,3.729166666666607,3.7291666666666607
P288+05,288.164,5.228,286.2369166666667,290.0910833333333,3.3009166666666694,7.15508333333333,3.8541666666666052,3.8541666666666603
P008+08,8.81326,8.41094,6.722010000000033,10.904509999999966,6.319690000000003,10.502189999999997,4.1824999999999335,4.182499999999993
P225+70,225.012,70.0589,223.0386666666667,226.9853333333333,68.08556666666667,72.03223333333332,3.9466666666666037,3.94666666666666
P049+01,49.1432,1.22181,46.15736666666672,52.12903333333328,-1.7640233333333284,4.207643333333328,5.971666666666572,5.971666666666657
P227+22,227.99,22.3998,226.1991666666667,229.7808333333333,20.608966666666667,24.19063333333333,3.5816666666666097,3.581666666666661
P340+76,340.365,75.9143,338.5345833333334,342.19541666666663,74.08388333333333,77.74471666666666,3.660833333333275,3.6608333333333274
P091+49,91.1967,49.2287,89.38670000000003,93.00669999999998,47.41870000000001,51.0387,3.6199999999999424,3.619999999999994
P358+13,358.054,13.3376,356.01233333333334,360.0956666666666,11.295933333333338,15.379266666666663,4.083333333333268,4.083333333333327
P029+06,29.6062,6.0798,27.597033333333368,31.615366666666635,4.070633333333337,8.088966666666662,4.01833333333327,4.018333333333326
P232+70,232.62,70.1033,230.68083333333337,234.55916666666664,68.16413333333334,72.04246666666667,3.8783333333332717,3.878333333333327
P275+58,275.947,57.8451,274.0086666666667,277.8853333333333,55.90676666666667,59.783433333333335,3.8766666666666048,3.8766666666666603
P239+73,239.515,72.6511,237.58125,241.44874999999996,70.71735,74.58485,3.8674999999999384,3.8674999999999935
P337+18,337.643,18.181,335.573,339.71299999999997,16.111000000000004,20.250999999999998,4.139999999999934,4.1399999999999935
P261+18,261.487,17.5887,259.7728333333334,263.20116666666667,15.874533333333336,19.302866666666663,3.4283333333332786,3.428333333333328
P146+22,146.92,21.9634,144.97375000000002,148.86624999999995,20.017150000000004,23.909649999999996,3.892499999999938,3.892499999999994
P078+67,78.6206,66.702,76.6585166666667,80.58268333333329,64.73991666666667,68.66408333333332,3.924166666666604,3.92416666666666
P127+70,127.453,69.53,125.45383333333336,129.45216666666664,67.53083333333333,71.52916666666667,3.9983333333332696,3.998333333333327
P022+24,22.6099,23.5911,20.74865000000003,24.47114999999997,21.729850000000003,25.45235,3.7224999999999406,3.722499999999994
P345+21,345.649,20.76,343.52775,347.77025,18.638750000000005,22.881249999999998,4.242499999999932,4.2424999999999935
P033+04,33.7186,3.60436,31.699433333333367,35.73776666666664,1.5851933333333363,5.623526666666663,4.038333333333269,4.038333333333327
P227+15,227.676,14.8678,225.7201666666667,229.63183333333328,12.91196666666667,16.82363333333333,3.9116666666666045,3.9116666666666604
P239+27,239.579,27.4887,237.68691666666672,241.4710833333333,25.59661666666667,29.380783333333333,3.7841666666666063,3.7841666666666605
P245+68,245.822,67.6765,243.99241666666668,247.65158333333332,65.84691666666667,69.50608333333334,3.6591666666666085,3.659166666666661
P323+21,323.516,20.571,321.46516666666673,325.5668333333333,18.52016666666667,22.62183333333333,4.101666666666602,4.10166666666666
P032+74,32.2062,73.8566,30.315366666666698,34.09703333333331,71.96576666666667,75.74743333333333,3.7816666666666063,3.7816666666666605
P002+46,2.10332,46.0026,0.29915333333336225,3.907486666666638,44.198433333333334,47.80676666666667,3.6083333333332757,3.6083333333333276
P134+70,134.875,69.5727,133.00000000000003,136.74999999999997,67.6977,71.4477,3.74999999999994,3.749999999999994
P287+03,287.431,2.7123,285.3693333333334,289.4926666666666,0.6506333333333365,4.773966666666663,4.123333333333267,4.123333333333327
P121+32,121.564,31.8572,119.71733333333336,123.41066666666663,30.010533333333335,33.70386666666666,3.6933333333332743,3.693333333333327
P003+31,3.23817,30.9533,1.3877533333333631,5.088586666666638,29.102883333333335,32.80371666666666,3.700833333333274,3.7008333333333274
P207+32,207.126,32.3228,205.11058333333338,209.14141666666663,30.307383333333338,34.33821666666667,4.030833333333269,4.030833333333327
P246+58,246.833,57.6492,245.04050000000004,248.62549999999996,55.856700000000004,59.4417,3.5849999999999427,3.584999999999994
P072+44,72.9578,44.0782,70.9719666666667,74.94363333333331,42.09236666666667,46.064033333333334,3.971666666666603,3.97166666666666
P065+26,65.2589,26.4506,63.285566666666696,67.2322333333333,24.477266666666672,28.42393333333333,3.9466666666666037,3.94666666666666
P040+11,40.2025,11.1894,38.1329166666667,42.2720833333333,9.119816666666669,13.25898333333333,4.1391666666666005,4.13916666666666
P225+22,225.19,22.3836,223.41625000000002,226.96374999999998,20.609850000000005,24.157349999999997,3.5474999999999435,3.547499999999994
P027+06,27.0032,6.05765,24.98820000000003,29.01819999999997,4.042650000000004,8.072649999999996,4.029999999999935,4.029999999999993
P011+06,11.3872,5.92311,9.3376166666667,13.4367833333333,3.8735266666666703,7.97269333333333,4.099166666666601,4.09916666666666
P107+47,107.293,46.8269,105.24383333333337,109.34216666666664,44.77773333333334,48.87606666666667,4.098333333333268,4.0983333333333265
P207+27,207.506,27.305,205.3389166666667,209.6730833333333,25.13791666666667,29.47208333333333,4.334166666666597,4.334166666666659
P336+46,336.066,45.7768,334.0701666666667,338.06183333333325,43.78096666666667,47.77263333333333,3.991666666666603,3.99166666666666
P163+62,163.426,62.2054,161.46266666666668,165.3893333333333,60.242066666666666,64.16873333333332,3.926666666666604,3.92666666666666
P165+30,165.545,29.5935,163.8454166666667,167.24458333333328,27.89391666666667,31.29308333333333,3.3991666666666123,3.399166666666661
P122+37,122.433,36.8822,120.5109166666667,124.35508333333331,34.960116666666664,38.80428333333333,3.8441666666666054,3.8441666666666605
P310+10,310.605,10.424,308.67250000000007,312.53749999999997,8.491500000000002,12.356499999999997,3.8649999999999385,3.8649999999999936
P029+21,29.9985,21.144,28.13350000000003,31.86349999999997,19.279,23.008999999999997,3.7299999999999405,3.7299999999999938
P261+30,261.059,30.136,259.33900000000006,262.779,28.416,31.855999999999998,3.4399999999999453,3.4399999999999946
P155+25,155.891,24.5222,154.0439166666667,157.7380833333333,22.67511666666667,26.369283333333332,3.6941666666666078,3.6941666666666606
P011+23,11.3154,23.4935,9.518316666666696,13.112483333333305,21.69641666666667,25.29058333333333,3.5941666666666094,3.594166666666661
P049+41,49.2478,41.3836,47.54155000000002,50.954049999999974,39.677350000000004,43.08985,3.4124999999999455,3.4124999999999943
P347+13,347.415,13.245,345.36000000000007,349.46999999999997,11.190000000000003,15.299999999999995,4.109999999999935,4.109999999999993
P29Hetdex19,189.528,52.1221,187.77133333333336,191.28466666666662,50.36543333333334,53.878766666666664,3.5133333333332772,3.5133333333333274
P002+03,2.60308,3.33666,0.563496666666699,4.642663333333301,1.29707666666667,5.37624333333333,4.079166666666602,4.07916666666666
P050+06,50.4344,6.25269,48.47148333333336,52.39731666666663,4.289773333333336,8.215606666666664,3.9258333333332707,3.925833333333327
P188+35,188.889,34.7356,186.88275000000004,190.89524999999998,32.729350000000004,36.74184999999999,4.012499999999936,4.012499999999993
P106+79,106.061,79.4152,104.27475000000004,107.84724999999997,77.62895,81.20145,3.572499999999943,3.572499999999994
P243+15,243.748,14.9641,241.7255,245.77049999999997,12.941600000000003,16.986599999999996,4.044999999999935,4.044999999999994
P208+15,208.932,14.7626,207.04825000000002,210.81574999999995,12.878850000000003,16.646349999999998,3.76749999999994,3.767499999999994
P207+45,207.27,44.8724,205.44958333333338,209.09041666666664,43.05198333333333,46.692816666666666,3.6408333333332754,3.6408333333333274
P294+71,294.141,70.5218,292.1826666666667,296.09933333333333,68.56346666666667,72.48013333333333,3.9166666666666043,3.9166666666666603
P238+25,238.551,24.9724,236.70808333333335,240.39391666666663,23.129483333333337,26.815316666666664,3.6858333333332745,3.6858333333333273
P174+42,174.312,42.1888,172.20783333333338,176.41616666666664,40.084633333333336,44.292966666666665,4.208333333333266,4.208333333333327
P192+27,192.945,27.2272,190.90250000000003,194.98749999999995,25.184700000000003,29.269699999999997,4.084999999999935,4.084999999999994
P045+26,45.0373,26.2897,43.0339666666667,47.040633333333304,24.28636666666667,28.29303333333333,4.006666666666603,4.00666666666666
P274+85,274.681,85.3514,272.64475,276.71725,83.31515,87.38765,4.072499999999935,4.072499999999994
P184+37,184.069,37.2202,182.14733333333336,185.9906666666666,35.29853333333333,39.141866666666665,3.843333333333272,3.843333333333327
P166+27,166.76,27.09,164.87333333333336,168.64666666666662,25.203333333333337,28.976666666666663,3.773333333333273,3.773333333333327
P043+14,43.3155,13.7251,41.43675000000003,45.19424999999997,11.846350000000003,15.603849999999996,3.7574999999999403,3.757499999999994
P029+14,29.9956,13.6136,28.070183333333365,31.921016666666635,11.688183333333336,15.539016666666663,3.850833333333272,3.850833333333327
P354+33,354.975,33.3913,353.17875000000004,356.77125,31.595050000000004,35.18755,3.592499999999943,3.592499999999994
P066+09,66.4159,8.88885,64.41965000000002,68.41214999999997,6.892600000000003,10.885099999999996,3.992499999999936,3.9924999999999935
P347+28,347.932,28.31,345.93575000000004,349.92825,26.313750000000002,30.306249999999995,3.992499999999936,3.9924999999999935
P219+78,219.421,77.5413,217.52766666666668,221.3143333333333,75.64796666666668,79.43463333333334,3.7866666666666062,3.7866666666666604
P098+74,98.549,74.3613,96.73858333333337,100.35941666666665,72.55088333333333,76.17171666666667,3.620833333333276,3.6208333333333274
P142+55,142.268,54.5641,140.3821666666667,144.1538333333333,52.67826666666667,56.449933333333334,3.7716666666666065,3.7716666666666607
P066+54,66.776,54.0697,64.91683333333336,68.63516666666663,52.21053333333333,55.928866666666664,3.718333333333274,3.7183333333333275
P156+45,156.24,44.6027,154.25833333333338,158.22166666666664,42.62103333333334,46.58436666666666,3.9633333333332703,3.9633333333333267
P232+20,232.482,19.916,230.72325000000004,234.24074999999996,18.157250000000005,21.674749999999996,3.517499999999944,3.5174999999999943
P097+54,97.7499,54.2923,95.8240666666667,99.6757333333333,52.36646666666667,56.21813333333333,3.8516666666666053,3.8516666666666604
P259+50,259.403,50.2029,257.4725833333334,261.33341666666666,48.272483333333334,52.133316666666666,3.8608333333332716,3.860833333333327
P043+19,43.1389,18.7439,41.33223333333336,44.945566666666636,16.937233333333335,20.550566666666665,3.6133333333332756,3.6133333333333275
P024+06,24.4023,6.03541,22.380633333333364,26.423966666666637,4.013743333333336,8.057076666666664,4.043333333333269,4.043333333333327
P170+42,170.815,42.1703,168.6679166666667,172.96208333333328,40.02321666666667,44.317383333333325,4.294166666666598,4.294166666666659
P254+28,254.176,27.5805,252.39516666666668,255.9568333333333,25.79966666666667,29.36133333333333,3.5616666666666097,3.5616666666666608
P088+47,88.3948,46.6997,86.58480000000003,90.20479999999998,44.889700000000005,48.509699999999995,3.6199999999999424,3.619999999999994
P167+40,167.773,39.6446,165.70925000000003,169.83674999999997,37.58085,41.708349999999996,4.127499999999934,4.127499999999993
P162+65,162.487,64.7087,160.6099166666667,164.3640833333333,62.83161666666666,66.58578333333332,3.754166666666607,3.7541666666666607
P286+70,286.38,70.4628,284.4316666666667,288.3283333333333,68.51446666666668,72.41113333333332,3.8966666666666048,3.8966666666666603
P103+47,103.51,46.8021,101.51208333333336,105.50791666666665,44.80418333333334,48.800016666666664,3.9958333333332696,3.995833333333327
P262+20,262.785,20.1075,261.0920833333334,264.47791666666666,18.414583333333336,21.800416666666667,3.3858333333332795,3.385833333333328
P243+45,243.866,45.0838,241.95558333333338,245.77641666666665,43.173383333333334,46.99421666666666,3.8208333333332725,3.820833333333327
P117+39,117.441,39.3615,115.66933333333337,119.21266666666664,37.58983333333334,41.13316666666666,3.543333333333277,3.5433333333333277
P357+41,357.663,40.9444,355.58050000000003,359.7455,38.861900000000006,43.0269,4.164999999999933,4.164999999999993
P179+72,179.22,72.318,177.25625000000002,181.18374999999997,70.35425000000001,74.28174999999999,3.9274999999999376,3.9274999999999936
P285+08,285.156,7.7157,283.23850000000004,287.07349999999997,5.798200000000003,9.633199999999997,3.8349999999999387,3.8349999999999937
P335+83,335.572,83.3653,333.62575000000004,337.51824999999997,81.41905000000001,85.31155,3.892499999999938,3.892499999999994
P054+31,54.6731,31.3877,52.779766666666696,56.5664333333333,29.494366666666668,33.281033333333326,3.7866666666666062,3.7866666666666604
P343+46,343.495,45.8408,341.4804166666667,345.5095833333333,43.826216666666674,47.85538333333333,4.029166666666603,4.02916666666666
P344+01,344.424,0.668043,341.4469166666667,347.40108333333325,-2.3090403333333285,3.6451263333333284,5.954166666666572,5.954166666666657
P040+19,40.4056,18.7213,38.584766666666695,42.226433333333304,16.90046666666667,20.54213333333333,3.6416666666666084,3.641666666666661
P36Hetdex10,200.134,45.3324,198.19233333333335,202.07566666666662,43.39073333333334,47.27406666666666,3.8833333333332716,3.883333333333327
P213+10,213.333,9.7665,211.68550000000002,214.98049999999998,8.119000000000003,11.413999999999998,3.2949999999999475,3.2949999999999946
P130+32,130.71,31.9115,128.93333333333337,132.48666666666665,30.134833333333336,33.68816666666666,3.553333333333277,3.5533333333333275
P167+32,167.347,32.1129,165.41658333333336,169.27741666666665,30.18248333333334,34.04331666666667,3.8608333333332716,3.860833333333327
P207+20,207.711,19.7761,205.83100000000005,209.59099999999998,17.896100000000004,21.656099999999995,3.7599999999999403,3.759999999999994
P037+09,37.6053,8.65738,35.51988333333337,39.69071666666663,6.571963333333336,10.742796666666663,4.170833333333267,4.170833333333326
P342+33,342.581,33.2837,340.6818333333334,344.48016666666666,31.38453333333334,35.18286666666667,3.798333333333273,3.798333333333327
P354+01,354.778,0.757995,351.8017500000001,357.75424999999996,-2.2182549999999948,3.734244999999995,5.9524999999999055,5.95249999999999
P201+30,201.304,29.7815,199.3156666666667,203.29233333333332,27.79316666666667,31.76983333333333,3.976666666666603,3.9766666666666604
P285+18,285.938,17.7621,284.12425,287.75174999999996,15.948350000000003,19.575849999999996,3.627499999999942,3.627499999999994
P124+77,124.996,77.031,123.15308333333336,126.83891666666663,75.18808333333334,78.87391666666667,3.6858333333332745,3.6858333333333273
P015+19,15.8222,18.5124,13.865116666666697,17.779283333333304,16.55531666666667,20.46948333333333,3.9141666666666044,3.9141666666666604
P237+30,237.131,29.9838,235.2389166666667,239.0230833333333,28.09171666666667,31.875883333333327,3.7841666666666063,3.7841666666666605
P004+18,4.906,18.4176,2.7626666666667004,7.0493333333332995,16.27426666666667,20.56093333333333,4.286666666666599,4.28666666666666
P353+21,353.956,20.8323,351.8968333333334,356.01516666666663,18.773133333333337,22.891466666666663,4.1183333333332675,4.118333333333327
P007+26,7.55092,25.9708,5.7980033333333605,9.303836666666639,24.217883333333337,27.723716666666665,3.5058333333332774,3.5058333333333276
P151+67,151.386,67.1572,149.4776666666667,153.2943333333333,65.24886666666667,69.06553333333333,3.816666666666606,3.8166666666666607
P133+47,133.822,46.988,131.9336666666667,135.7103333333333,45.09966666666667,48.87633333333333,3.7766666666666064,3.7766666666666606
P106+32,106.332,31.7618,104.35991666666669,108.3040833333333,29.78971666666667,33.73388333333333,3.9441666666666038,3.94416666666666
P119+22,119.024,21.8018,116.96858333333337,121.07941666666663,19.746383333333338,23.857216666666663,4.110833333333268,4.110833333333327
P144+24,144.512,24.4601,142.59408333333337,146.42991666666663,22.542183333333337,26.378016666666664,3.835833333333272,3.835833333333327
P153+72,153.703,72.1835,151.92133333333337,155.48466666666664,70.40183333333333,73.96516666666666,3.5633333333332766,3.5633333333333277
P117+19,117.069,19.2799,115.27733333333336,118.86066666666665,17.488233333333337,21.071566666666666,3.583333333333276,3.5833333333333277
P054+36,54.6658,36.4075,52.768300000000025,56.56329999999997,34.510000000000005,38.30499999999999,3.7949999999999395,3.7949999999999937
P041+36,41.8079,36.303,39.8320666666667,43.783733333333295,34.32716666666667,38.278833333333324,3.9516666666666036,3.9516666666666604
P193+37,193.827,37.2715,192.00450000000004,195.64949999999996,35.449000000000005,39.094,3.644999999999942,3.6449999999999942
P254+45,254.873,45.1539,252.8371666666667,256.9088333333333,43.11806666666667,47.18973333333333,4.0716666666666015,4.07166666666666
P103+37,103.029,36.76,101.25150000000002,104.80649999999997,34.9825,38.537499999999994,3.5549999999999433,3.5549999999999944
P155+32,155.126,32.0479,153.3051666666667,156.9468333333333,30.22706666666667,33.86873333333333,3.6416666666666084,3.641666666666661
P300+58,300.337,58.0287,298.3195,302.3545,56.0112,60.0462,4.034999999999935,4.034999999999993
P344+28,344.992,28.2845,342.9690833333334,347.01491666666664,26.261583333333338,30.307416666666665,4.0458333333332686,4.045833333333327
P057+54,57.9579,54.0012,56.202066666666695,59.71373333333331,52.24536666666667,55.757033333333325,3.5116666666666108,3.511666666666661
P004+26,4.67263,25.9458,2.9034633333333613,6.441796666666638,24.176633333333335,27.714966666666662,3.538333333333277,3.538333333333328
P113+77,113.457,76.961,111.79325000000001,115.12074999999997,75.29725,78.62474999999999,3.327499999999947,3.327499999999995
P056+11,56.038,11.318,54.01758333333336,58.05841666666663,9.297583333333336,13.338416666666664,4.040833333333269,4.040833333333326
P240+20,240.741,19.9657,239.0189166666667,242.46308333333332,18.243616666666668,21.68778333333333,3.4441666666666118,3.444166666666661
P108+74,108.19,74.4241,106.5166666666667,109.8633333333333,72.75076666666666,76.09743333333333,3.3466666666666134,3.3466666666666613
P219+37,219.876,37.4129,217.98558333333338,221.76641666666663,35.522483333333334,39.30331666666667,3.780833333333273,3.780833333333327
P143+52,143.027,52.059,141.0199166666667,145.03408333333329,50.05191666666667,54.066083333333324,4.014166666666602,4.01416666666666
P158+32,158.181,32.0643,156.33308333333338,160.02891666666665,30.21638333333334,33.912216666666666,3.6958333333332742,3.6958333333333275
P246+20,246.249,19.9999,244.5506666666667,247.9473333333333,18.30156666666667,21.69823333333333,3.3966666666666123,3.396666666666661
P337+48,337.252,48.2966,335.27575,339.22825,46.320350000000005,50.27284999999999,3.952499999999937,3.9524999999999935
P269+25,269.989,25.1771,267.93275,272.04524999999995,23.120850000000004,27.233349999999994,4.112499999999934,4.112499999999994
P041+01,41.3762,1.15812,38.39286666666671,44.35953333333328,-1.8252133333333285,4.141453333333328,5.966666666666572,5.966666666666657
P008+06,8.78489,5.90049,6.729473333333367,10.840306666666635,3.8450733333333362,7.955906666666663,4.110833333333268,4.110833333333327
P354+38,354.337,38.4055,352.2236666666667,356.4503333333333,36.292166666666674,40.51883333333333,4.226666666666599,4.2266666666666595
P287+20,287.607,20.2846,285.7811666666667,289.43283333333335,18.45876666666667,22.110433333333333,3.6516666666666087,3.6516666666666606
P327+31,327.075,30.6411,324.9641666666667,329.1858333333333,28.530266666666673,32.751933333333334,4.221666666666599,4.22166666666666
P171+77,171.749,77.2873,170.0606666666667,173.4373333333333,75.59896666666667,78.97563333333333,3.3766666666666127,3.376666666666661
P295+20,295.89,20.3477,294.0166666666667,297.76333333333326,18.47436666666667,22.22103333333333,3.746666666666607,3.7466666666666604
P315+18,315.857,17.9973,313.90575000000007,317.80825,16.04605,19.948549999999997,3.9024999999999377,3.9024999999999936
P309+30,309.036,30.4919,307.09600000000006,310.97599999999994,28.551900000000003,32.4319,3.879999999999938,3.8799999999999937
P279+40,279.224,40.3023,277.2610833333334,281.1869166666666,38.33938333333334,42.26521666666667,3.9258333333332707,3.925833333333327
P054+46,54.497,46.4452,52.5649166666667,56.4290833333333,44.51311666666667,48.37728333333333,3.864166666666605,3.8641666666666605
P146+42,146.39,42.0395,144.58208333333334,148.19791666666663,40.23158333333333,43.84741666666666,3.6158333333332755,3.6158333333333275
P055+29,55.7477,28.8862,53.95895000000003,57.536449999999974,27.097450000000002,30.674949999999995,3.577499999999943,3.5774999999999944
P354+43,354.098,43.4231,352.0750833333334,356.12091666666663,41.40018333333333,45.446016666666665,4.0458333333332686,4.045833333333327
P223+65,223.489,65.0351,221.6744166666667,225.3035833333333,63.22051666666667,66.84968333333333,3.6291666666666087,3.6291666666666607
P203+57,203.432,57.3984,201.54950000000002,205.31449999999995,55.5159,59.2809,3.76499999999994,3.764999999999994
P071+49,71.4012,49.0858,69.4103666666667,73.3920333333333,47.09496666666667,51.07663333333333,3.9816666666666034,3.9816666666666602
P326+11,326.4,10.5547,324.4120833333333,328.3879166666666,8.566783333333337,12.542616666666664,3.97583333333327,3.975833333333327
P351+38,351.035,38.3768,348.88250000000005,353.1875,36.22430000000001,40.5293,4.304999999999931,4.304999999999993
P065+47,65.7784,46.5335,63.74673333333337,67.81006666666664,44.50183333333333,48.56516666666666,4.063333333333269,4.063333333333326
P336+33,336.39,33.2304,334.4379166666667,338.3420833333333,31.278316666666672,35.18248333333333,3.9041666666666046,3.90416666666666
P242+28,242.497,27.5066,240.62783333333337,244.36616666666666,25.637433333333334,29.375766666666664,3.738333333333274,3.738333333333327
P355+06,355.778,5.78714,353.7113333333334,357.8446666666666,3.7204733333333366,7.853806666666664,4.133333333333267,4.133333333333327
P277+28,277.557,27.7408,275.8228333333334,279.29116666666664,26.006633333333337,29.474966666666663,3.468333333333278,3.4683333333333275
P144+35,144.848,34.5016,142.8509166666667,146.84508333333332,32.504516666666674,36.49868333333333,3.994166666666603,3.99416666666666
P050+26,50.8095,26.3369,48.7649166666667,52.8540833333333,24.29231666666667,28.38148333333333,4.089166666666602,4.08916666666666
P205+65,205.111,64.9332,202.99516666666668,207.2268333333333,62.81736666666667,67.04903333333333,4.231666666666599,4.231666666666659
P235+65,235.782,65.1071,233.79825000000005,237.76574999999997,63.12335000000001,67.09085,3.9674999999999367,3.9674999999999936
P341+03,341.86,3.15619,339.80666666666673,343.9133333333333,1.10285666666667,5.20952333333333,4.106666666666602,4.10666666666666
P202+42,202.295,42.3359,200.35333333333335,204.23666666666662,40.39423333333334,44.277566666666665,3.8833333333332716,3.883333333333327
P222+80,222.981,80.0605,221.13683333333336,224.82516666666663,78.21633333333334,81.90466666666667,3.6883333333332744,3.6883333333333272
P271+33,271.594,32.7182,269.6831666666667,273.5048333333333,30.807366666666674,34.62903333333333,3.821666666666606,3.8216666666666606
P339+01,339.246,0.623603,336.2689166666667,342.22308333333325,-2.3534803333333283,3.6006863333333285,5.954166666666572,5.954166666666657
P330+33,330.202,33.1775,328.19408333333337,332.20991666666663,31.16958333333334,35.18541666666667,4.015833333333269,4.015833333333327
P118+47,118.653,46.898,116.65758333333338,120.64841666666663,44.90258333333334,48.89341666666667,3.9908333333332697,3.990833333333327
P227+27,227.91,27.4193,225.92208333333338,229.89791666666662,25.431383333333336,29.407216666666663,3.97583333333327,3.975833333333327
P195+77,195.465,77.4112,193.4329166666667,197.4970833333333,75.37911666666666,79.44328333333333,4.064166666666602,4.06416666666666
P345+23,345.935,23.2726,343.9866666666667,347.8833333333333,21.32426666666667,25.22093333333333,3.8966666666666048,3.8966666666666603
P350+41,350.811,40.8847,348.6976666666667,352.92433333333327,38.77136666666667,42.99803333333333,4.226666666666599,4.2266666666666595
P167+42,167.322,42.1522,165.13283333333337,169.51116666666664,39.963033333333335,44.341366666666666,4.378333333333264,4.378333333333326
P230+42,230.348,42.4926,228.55800000000005,232.13799999999998,40.702600000000004,44.2826,3.579999999999943,3.5799999999999943
P000+08,0.964129,8.34258,-1.1092043333333004,3.0374623333333,6.269246666666669,10.41591333333333,4.146666666666601,4.14666666666666
P027+11,27.0118,11.0781,24.901800000000033,29.12179999999997,8.968100000000003,13.188099999999995,4.219999999999933,4.2199999999999935
P270+90,270.0,89.9001,267.9745833333334,272.0254166666666,87.87468333333334,91.92551666666665,4.0508333333332684,4.050833333333327
P282+40,282.62,40.3272,280.6954166666667,284.5445833333333,38.40261666666667,42.25178333333333,3.8491666666666053,3.8491666666666604
P247+43,247.919,42.5995,245.9269166666667,249.91108333333332,40.607416666666666,44.59158333333333,3.9841666666666034,3.98416666666666
P334+23,334.666,23.1755,332.64433333333335,336.68766666666664,21.153833333333335,25.197166666666664,4.043333333333269,4.043333333333327
P074+39,73.9997,39.0665,71.95886666666671,76.0405333333333,37.025666666666666,41.10733333333333,4.081666666666601,4.08166666666666
P180+65,180.711,64.8043,178.79850000000005,182.62349999999998,62.8918,66.71679999999999,3.824999999999939,3.824999999999994
P248+73,248.224,72.7053,246.19775,250.25024999999997,70.67905,74.73154999999998,4.052499999999935,4.052499999999993
P150+60,150.831,59.6292,148.82100000000003,152.84099999999995,57.6192,61.639199999999995,4.019999999999936,4.019999999999993
P111+49,111.048,49.3602,109.00175000000003,113.09424999999997,47.313950000000006,51.40644999999999,4.0924999999999345,4.092499999999993
P347+11,347.47,10.7354,345.3787500000001,349.56125,8.644150000000003,12.826649999999997,4.1824999999999335,4.182499999999993
P001+41,1.09111,40.9743,-1.0197233333332996,3.2019433333332996,38.86346666666667,43.08513333333333,4.221666666666599,4.22166666666666
P115+49,115.024,49.3852,113.02858333333337,117.01941666666663,47.389783333333334,51.38061666666666,3.9908333333332697,3.990833333333327
P091+62,91.6989,61.7782,89.81973333333336,93.57806666666663,59.899033333333335,63.65736666666666,3.7583333333332734,3.758333333333327
P075+82,75.7356,81.7037,73.68893333333337,77.78226666666664,79.65703333333333,83.75036666666666,4.093333333333268,4.093333333333327
P006+06,6.18271,5.87785,4.121460000000033,8.243959999999968,3.816600000000003,7.939099999999996,4.122499999999934,4.122499999999993
P107+24,107.573,24.2399,105.6146666666667,109.5313333333333,22.28156666666667,26.198233333333327,3.9166666666666043,3.9166666666666603
P012+36,12.9424,36.0576,11.082816666666696,14.801983333333302,34.19801666666667,37.917183333333334,3.7191666666666072,3.7191666666666605
P042+41,42.3499,41.3272,40.70448333333336,43.99531666666664,39.681783333333335,42.97261666666666,3.290833333333281,3.290833333333328
P108+42,108.112,41.8126,106.27450000000002,109.94949999999997,39.975100000000005,43.6501,3.6749999999999416,3.674999999999994
P004+44,4.79998,43.5164,2.842063333333364,6.757896666666635,41.558483333333335,45.47431666666666,3.915833333333271,3.915833333333327
P149+32,149.019,32.0148,147.24900000000002,150.789,30.244800000000005,33.7848,3.5399999999999436,3.5399999999999943
P067+29,67.5791,28.9784,65.70660000000002,69.45159999999997,27.105900000000005,30.850899999999996,3.74499999999994,3.744999999999994
P039+31,39.5207,31.2642,37.75445000000003,41.28694999999997,29.497950000000003,33.030449999999995,3.532499999999944,3.5324999999999944
P163+22,163.673,22.0537,161.62425000000005,165.72174999999996,20.00495,24.102449999999997,4.097499999999934,4.097499999999993
P337+21,337.346,20.6884,335.2001666666667,339.4918333333333,18.542566666666673,22.83423333333333,4.291666666666599,4.29166666666666
P042+06,42.623,6.18886,40.64300000000003,44.602999999999966,4.208860000000003,8.168859999999997,3.959999999999937,3.9599999999999937
P258+45,258.546,45.1781,256.52475000000004,260.56724999999994,43.156850000000006,47.199349999999995,4.042499999999936,4.042499999999993
P270+53,270.362,52.7871,268.5836666666667,272.14033333333333,51.00876666666667,54.56543333333333,3.55666666666661,3.556666666666661
P046+46,46.9864,46.3847,45.0968166666667,48.87598333333331,44.495116666666675,48.27428333333333,3.7791666666666064,3.7791666666666606
P047+39,47.3635,38.8585,45.55975000000003,49.167249999999974,37.054750000000006,40.66224999999999,3.6074999999999426,3.607499999999994
P049+29,49.836,28.8388,48.08683333333336,51.58516666666664,27.089633333333335,30.587966666666663,3.4983333333332776,3.4983333333333277
P211+50,211.012,49.9118,208.8311666666667,213.1928333333333,47.73096666666667,52.09263333333333,4.361666666666597,4.361666666666659
P255+30,255.074,30.0963,253.31400000000005,256.834,28.3363,31.856299999999997,3.519999999999944,3.5199999999999942
P127+44,127.189,44.4398,125.34275000000002,129.03524999999996,42.59355,46.286049999999996,3.6924999999999413,3.692499999999994
P106+37,106.261,36.7812,104.48391666666669,108.0380833333333,35.00411666666667,38.55828333333333,3.55416666666661,3.554166666666661
P356+28,356.757,28.3868,354.83450000000005,358.67949999999996,26.464300000000005,30.309299999999997,3.844999999999939,3.8449999999999935
P028+41,28.5722,41.2118,26.83553333333336,30.30886666666664,39.47513333333333,42.94846666666666,3.473333333333278,3.473333333333328
P208+40,208.181,39.858,206.41308333333336,209.94891666666666,38.09008333333333,41.62591666666666,3.5358333333332768,3.5358333333333274
P345+18,345.817,18.2515,343.71158333333335,347.92241666666666,16.146083333333337,20.356916666666663,4.210833333333266,4.210833333333326
P021+21,21.6742,21.0729,19.763783333333365,23.584616666666633,19.162483333333338,22.983316666666664,3.8208333333332725,3.820833333333327
P132+34,132.291,34.4305,130.24183333333337,134.34016666666662,32.38133333333334,36.47966666666667,4.098333333333268,4.0983333333333265
P209+55,209.56,54.9226,207.7279166666667,211.39208333333332,53.09051666666667,56.75468333333333,3.6641666666666084,3.664166666666661
P266+53,266.082,52.7575,264.35033333333337,267.8136666666666,51.02583333333334,54.48916666666666,3.4633333333332783,3.4633333333333276
P253+63,253.02,62.7063,251.13291666666672,254.9070833333333,60.81921666666667,64.59338333333334,3.7741666666666065,3.7741666666666607
P195+27,195.856,27.2426,193.83558333333335,197.87641666666664,25.222183333333337,29.263016666666662,4.040833333333269,4.040833333333326
P252+68,252.653,67.72,250.86050000000003,254.44549999999995,65.9275,69.5125,3.5849999999999427,3.584999999999994
P277+55,277.491,55.3471,275.6951666666667,279.2868333333333,53.55126666666667,57.142933333333325,3.5916666666666095,3.591666666666661
P197+37,197.079,37.2888,195.2881666666667,198.8698333333333,35.49796666666667,39.079633333333334,3.5816666666666097,3.581666666666661
P086+72,86.6268,71.774,84.76555000000003,88.48804999999997,69.91275,73.63525,3.7224999999999406,3.722499999999994
P224+25,224.278,24.8886,222.44758333333334,226.10841666666664,23.058183333333336,26.719016666666665,3.660833333333275,3.6608333333333274
P132+29,132.826,29.4138,131.04933333333335,134.60266666666664,27.637133333333335,31.190466666666662,3.553333333333277,3.5533333333333275
P219+30,219.21,29.8795,217.12583333333336,221.29416666666665,27.795333333333335,31.963666666666665,4.168333333333267,4.168333333333327
P181+42,181.299,42.2252,179.25858333333338,183.33941666666664,40.184783333333336,44.265616666666666,4.080833333333269,4.080833333333326
P326+23,326.222,23.1038,324.1711666666667,328.27283333333327,21.05296666666667,25.15463333333333,4.101666666666602,4.10166666666666
P094+72,94.928,71.8312,93.19425000000003,96.66174999999997,70.09745,73.56495,3.4674999999999447,3.4674999999999945
P057+31,57.7059,31.4117,55.785066666666694,59.626733333333306,29.49086666666667,33.33253333333333,3.8416666666666055,3.8416666666666606
P251+28,251.255,27.5617,249.45291666666668,253.0570833333333,25.759616666666666,29.36378333333333,3.6041666666666092,3.6041666666666607
P327+06,327.162,5.54076,325.15616666666665,329.1678333333333,3.5349266666666694,7.54659333333333,4.011666666666603,4.0116666666666605
P244+53,244.724,52.6176,242.85483333333335,246.59316666666663,50.74843333333334,54.48676666666667,3.738333333333274,3.738333333333327
P024+46,24.5057,46.1965,22.4948666666667,26.516533333333303,44.18566666666667,48.20733333333333,4.0216666666666026,4.02166666666666
P147+40,147.616,39.5365,145.77600000000004,149.456,37.6965,41.37649999999999,3.6799999999999415,3.679999999999994
P252+40,252.105,40.1165,250.16791666666668,254.0420833333333,38.17941666666667,42.053583333333336,3.874166666666605,3.8741666666666603
P263+50,263.449,50.2301,261.46775,265.43025,48.248850000000004,52.211349999999996,3.962499999999937,3.9624999999999937
P035+46,35.7364,46.2916,33.701400000000035,37.77139999999997,44.256600000000006,48.3266,4.0699999999999354,4.069999999999993
P110+34,110.334,34.2974,108.50108333333337,112.16691666666664,32.46448333333334,36.130316666666666,3.665833333333275,3.6658333333333273
P337+38,337.836,38.2626,335.80725000000007,339.86474999999996,36.233850000000004,40.291349999999994,4.057499999999935,4.057499999999993
P119+19,119.812,19.2966,118.00616666666669,121.61783333333331,17.490766666666673,21.10243333333333,3.611666666666609,3.6116666666666606
P067+77,67.951,76.6479,66.04558333333335,69.85641666666663,74.74248333333334,78.55331666666667,3.8108333333332727,3.8108333333333273
P279+00,279.711,0.145092,276.7343333333334,282.68766666666664,-2.8315746666666617,3.1217586666666617,5.953333333333238,5.953333333333323
P309+63,309.891,63.123,307.8668333333334,311.91516666666666,61.09883333333333,65.14716666666666,4.048333333333269,4.048333333333327
P001+16,1.88457,15.8811,-0.07334666666663536,3.8424866666666357,13.923183333333336,17.839016666666662,3.915833333333271,3.915833333333327
P062+44,62.1538,43.996,60.0854666666667,64.2221333333333,41.927666666666674,46.06433333333333,4.136666666666601,4.13666666666666
P018+03,18.1596,3.47152,16.130016666666698,20.189183333333304,1.44193666666667,5.5011033333333295,4.059166666666602,4.05916666666666
P237+43,237.373,42.5344,235.5055,239.24049999999997,40.6669,44.4019,3.7349999999999404,3.734999999999994
P149+47,149.017,47.0732,146.98908333333335,151.04491666666664,45.04528333333334,49.10111666666666,4.055833333333268,4.055833333333327
P219+52,219.182,52.4665,217.17825000000002,221.18574999999996,50.46275000000001,54.47025,4.007499999999936,4.007499999999993
P217+60,217.778,59.9859,215.74966666666668,219.8063333333333,57.95756666666667,62.01423333333333,4.056666666666602,4.05666666666666
P116+22,116.236,21.7846,114.2001666666667,118.2718333333333,19.748766666666672,23.82043333333333,4.0716666666666015,4.07166666666666
P213+47,213.854,47.418,211.99108333333336,215.71691666666666,45.555083333333336,49.28091666666666,3.725833333333274,3.7258333333333273
P220+12,220.026,12.3139,218.09058333333337,221.96141666666665,10.378483333333337,14.249316666666664,3.870833333333272,3.870833333333327
P357+23,357.209,23.3707,355.3294166666667,359.0885833333333,21.49111666666667,25.25028333333333,3.759166666666607,3.7591666666666606
P000+03,0.00751667,3.31381,-2.034566663333301,2.0496000033333006,1.27172666666667,5.355893333333331,4.084166666666602,4.08416666666666
P118+24,118.932,24.3113,116.8961666666667,120.9678333333333,22.27546666666667,26.34713333333333,4.0716666666666015,4.07166666666666
P215+10,215.956,9.78104,214.30100000000002,217.61099999999996,8.126040000000003,11.436039999999998,3.309999999999947,3.3099999999999947
P038+51,38.5321,51.3344,36.78668333333336,40.27751666666664,49.58898333333334,53.079816666666666,3.4908333333332777,3.4908333333333275
P285+05,285.564,5.20855,283.64150000000006,287.4865,3.286050000000003,7.131049999999997,3.844999999999939,3.8449999999999935
P228+30,228.168,29.9307,226.2046666666667,230.13133333333332,27.96736666666667,31.894033333333333,3.926666666666604,3.92666666666666
P025+36,25.7603,36.168,23.781133333333365,27.739466666666637,34.188833333333335,38.147166666666664,3.9583333333332704,3.958333333333327
P338+26,338.787,25.7209,336.82908333333336,340.7449166666666,23.762983333333338,27.678816666666663,3.915833333333271,3.915833333333327
P039+46,39.4843,46.3229,37.49888333333336,41.469716666666635,44.33748333333333,48.30831666666666,3.97083333333327,3.970833333333327
P160+35,160.565,34.5869,158.71708333333336,162.41291666666663,32.73898333333334,36.43481666666666,3.6958333333332742,3.6958333333333275
P310+03,310.755,2.8946,308.68375000000003,312.82624999999996,0.8233500000000036,4.965849999999996,4.142499999999934,4.142499999999993
P194+70,194.736,69.8929,192.81558333333336,196.65641666666662,67.97248333333333,71.81331666666667,3.840833333333272,3.840833333333327
P239+68,239.007,67.6344,237.06783333333337,240.94616666666664,65.69523333333333,69.57356666666666,3.8783333333332717,3.878333333333327
P069+47,69.543,46.5624,67.5571666666667,71.52883333333331,44.576566666666665,48.54823333333333,3.971666666666603,3.97166666666666
P233+60,233.332,60.0755,231.5049166666667,235.15908333333329,58.24841666666667,61.902583333333325,3.6541666666666086,3.6541666666666606
P136+32,136.811,31.9466,135.07850000000005,138.54349999999997,30.214100000000002,33.6791,3.464999999999945,3.4649999999999945
P352+48,352.84,48.4316,350.83125,354.84874999999994,46.422850000000004,50.44035,4.017499999999936,4.017499999999994
P269+60,269.801,60.3105,267.73725,271.86474999999996,58.24675,62.374249999999996,4.127499999999934,4.127499999999993
P247+70,247.886,70.1968,245.80558333333337,249.96641666666662,68.11638333333333,72.27721666666666,4.160833333333267,4.1608333333333265
P201+32,201.004,32.2898,199.04108333333335,202.96691666666663,30.326883333333335,34.252716666666664,3.9258333333332707,3.925833333333327
P158+22,158.09,22.0239,156.0754166666667,160.1045833333333,20.00931666666667,24.038483333333332,4.029166666666603,4.02916666666666
P159+52,159.89,52.1507,157.85875000000001,161.92124999999996,50.11945,54.18195,4.062499999999935,4.062499999999994
P354+41,354.236,40.9145,352.16058333333336,356.3114166666666,38.839083333333335,42.98991666666666,4.150833333333267,4.150833333333327
P001+26,1.79255,25.9207,0.004216666666695179,3.580883333333305,24.13236666666667,27.70903333333333,3.57666666666661,3.576666666666661
P310+66,310.339,65.6348,308.40775,312.27025,63.70355,67.56604999999999,3.8624999999999385,3.8624999999999936
P049+59,49.3366,58.9508,47.44743333333336,51.22576666666664,57.06163333333334,60.83996666666666,3.778333333333273,3.778333333333327
P099+49,99.1307,49.2827,97.2298666666667,101.03153333333331,47.38186666666667,51.18353333333333,3.801666666666606,3.8016666666666605
P047+16,47.681,16.271,45.93725000000003,49.42474999999997,14.527250000000004,18.01475,3.4874999999999443,3.4874999999999945
P144+65,144.328,64.6106,142.2809166666667,146.3750833333333,62.56351666666667,66.65768333333334,4.0941666666666015,4.09416666666666
P326+08,326.969,8.04931,324.96775,328.97024999999996,6.048060000000003,10.050559999999997,4.002499999999936,4.002499999999993
P283+43,283.157,42.8409,281.27075,285.04324999999994,40.95465,44.727149999999995,3.77249999999994,3.7724999999999937
P114+64,114.215,64.4342,112.29833333333336,116.13166666666665,62.51753333333334,66.35086666666666,3.833333333333272,3.8333333333333273
P159+30,159.594,29.5619,157.9344166666667,161.2535833333333,27.90231666666667,31.22148333333333,3.319166666666614,3.319166666666661
P097+69,97.9359,69.3446,95.95923333333337,99.91256666666663,67.36793333333334,71.32126666666666,3.9533333333332705,3.953333333333327
P174+65,174.629,64.7725,172.6281666666667,176.6298333333333,62.77166666666666,66.77333333333333,4.001666666666603,4.00166666666666
P218+45,218.233,44.933,216.28050000000005,220.18549999999996,42.980500000000006,46.88549999999999,3.9049999999999376,3.9049999999999936
P246+15,246.428,14.9809,244.39383333333336,248.46216666666663,12.946733333333336,17.015066666666662,4.0683333333332685,4.068333333333327
P174+37,174.319,37.1694,172.2915,176.34649999999996,35.14190000000001,39.1969,4.054999999999936,4.0549999999999935
P191+22,191.618,22.2003,189.70925000000003,193.52674999999996,20.29155,24.109049999999996,3.817499999999939,3.8174999999999937
P094+44,94.6098,44.233,92.67896666666671,96.5406333333333,42.302166666666665,46.16383333333333,3.861666666666605,3.8616666666666606
P144+17,144.935,16.9323,142.9516666666667,146.9183333333333,14.94896666666667,18.915633333333332,3.9666666666666033,3.96666666666666
P018+41,18.2552,41.1233,16.41270000000003,20.097699999999968,39.280800000000006,42.965799999999994,3.6849999999999414,3.684999999999994
P050+16,50.3777,16.2929,48.636450000000025,52.11894999999997,14.551650000000002,18.034149999999997,3.4824999999999444,3.482499999999994
P212+17,212.648,17.293,210.78175000000002,214.51424999999998,15.426750000000002,19.159249999999997,3.7324999999999404,3.7324999999999937
P341+48,341.145,48.3301,339.1154166666667,343.17458333333326,46.300516666666674,50.35968333333333,4.059166666666602,4.05916666666666
P054+69,54.1741,69.0233,51.9882666666667,56.3599333333333,66.83746666666667,71.20913333333334,4.371666666666597,4.37166666666666
P182+32,182.636,32.193,180.5564166666667,184.71558333333329,30.11341666666667,34.27258333333333,4.1591666666666,4.15916666666666
P231+10,231.719,9.87118,230.02525000000003,233.41274999999996,8.177430000000003,11.564929999999999,3.387499999999946,3.3874999999999944
P177+20,177.467,19.6162,175.37783333333337,179.55616666666666,17.527033333333335,21.705366666666663,4.178333333333267,4.178333333333327
P120+59,120.175,59.4537,118.24500000000003,122.10499999999996,57.5237,61.3837,3.8599999999999386,3.8599999999999937
P053+24,53.7137,23.85,51.6328666666667,55.794533333333305,21.76916666666667,25.930833333333332,4.1616666666666005,4.16166666666666
P123+29,123.914,29.3614,122.06733333333337,125.76066666666664,27.514733333333336,31.208066666666664,3.6933333333332743,3.693333333333327
P003+13,3.37613,13.3839,1.354880000000032,5.397379999999968,11.362650000000004,15.405149999999997,4.042499999999936,4.042499999999993
P244+43,244.402,42.5775,242.4524166666667,246.35158333333328,40.62791666666667,44.52708333333333,3.8991666666666047,3.8991666666666602
P004+16,4.57597,15.9046,2.6309700000000307,6.520969999999969,13.959600000000004,17.849599999999995,3.889999999999938,3.8899999999999935
P050+24,50.8825,23.8272,48.81625000000003,52.94874999999997,21.760950000000005,25.893449999999998,4.132499999999935,4.132499999999993
P173+55,173.597,54.7324,171.72950000000003,175.4645,52.8649,56.5999,3.7349999999999404,3.734999999999994
P090+69,90.5977,69.2947,88.72770000000003,92.46769999999998,67.42470000000002,71.1647,3.7399999999999403,3.739999999999994
P030+39,30.7568,38.7204,29.030966666666693,32.482633333333304,36.99456666666667,40.446233333333325,3.4516666666666116,3.451666666666661
P124+39,124.14,39.4022,122.4304166666667,125.8495833333333,37.69261666666667,41.11178333333333,3.4191666666666123,3.419166666666661
P005+21,5.03954,20.9288,3.0349566666666985,7.044123333333301,18.92421666666667,22.933383333333328,4.009166666666602,4.00916666666666
P246+30,246.102,30.0389,244.27825000000004,247.92574999999997,28.215150000000005,31.86265,3.647499999999942,3.647499999999994
P228+32,228.585,32.4431,226.67333333333337,230.49666666666664,30.53143333333334,34.35476666666666,3.8233333333332724,3.823333333333327
P110+39,110.746,39.3197,108.90850000000002,112.58349999999997,37.4822,41.157199999999996,3.6749999999999416,3.674999999999994
P145+57,145.989,57.0938,143.82608333333337,148.15191666666664,54.93088333333334,59.25671666666666,4.325833333333264,4.3258333333333265
P236+22,236.391,22.4494,234.54808333333335,238.23391666666663,20.606483333333337,24.292316666666665,3.6858333333332745,3.6858333333333273
P339+03,339.267,3.13378,337.21200000000005,341.32199999999995,1.0787800000000032,5.188779999999996,4.109999999999935,4.109999999999993
P132+37,132.147,36.9396,130.1299166666667,134.16408333333328,34.92251666666667,38.95668333333333,4.034166666666603,4.0341666666666605
P013+18,13.0926,18.4887,11.119683333333365,15.065516666666634,16.51578333333334,20.461616666666664,3.9458333333332702,3.945833333333327
P291+18,291.375,17.803,289.5370833333334,293.2129166666666,15.965083333333338,19.640916666666666,3.6758333333332747,3.6758333333333275
P032+41,32.0144,41.2409,30.31023333333336,33.71856666666664,39.53673333333334,42.94506666666667,3.408333333333279,3.408333333333328
P021+51,21.9806,51.1941,20.096433333333362,23.864766666666636,49.30993333333333,53.078266666666664,3.768333333333273,3.7683333333333273
P038+41,38.9032,41.2986,37.25945000000002,40.546949999999974,39.65485,42.94235,3.2874999999999477,3.2874999999999948
P032+36,32.176,36.2225,30.133500000000033,34.21849999999997,34.18,38.26499999999999,4.084999999999935,4.084999999999994
P039+49,39.8531,48.8356,37.91601666666669,41.7901833333333,46.898516666666666,50.77268333333333,3.874166666666605,3.8741666666666603
P169+20,169.223,19.5729,167.1334166666667,171.31258333333332,17.48331666666667,21.66248333333333,4.1791666666666,4.17916666666666
P054+44,54.9596,43.9392,52.982933333333364,56.93626666666664,41.96253333333333,45.915866666666666,3.9533333333332705,3.953333333333327
P039+16,39.5928,16.2044,37.81363333333336,41.37196666666664,14.425233333333336,17.983566666666665,3.5583333333332767,3.5583333333333274
P111+72,111.605,71.9401,109.71250000000003,113.49749999999997,70.0476,73.8326,3.7849999999999397,3.784999999999994
P239+17,239.771,17.45,238.03683333333333,241.50516666666664,15.715833333333336,19.184166666666663,3.468333333333278,3.4683333333333275
P211+40,211.554,39.8764,209.81858333333335,213.28941666666665,38.14098333333333,41.61181666666666,3.470833333333278,3.470833333333328
P261+53,261.805,52.7284,260.1175,263.4925,51.0409,54.4159,3.3749999999999463,3.3749999999999947
P007+39,7.56236,38.5208,5.601526666666698,9.523193333333301,36.55996666666667,40.481633333333335,3.9216666666666042,3.92166666666666
P218+25,218.573,24.856,216.70175000000003,220.44424999999998,22.984750000000005,26.727249999999998,3.74249999999994,3.742499999999994
P131+14,131.374,14.3453,129.31400000000002,133.43399999999997,12.285300000000003,16.405299999999997,4.119999999999934,4.119999999999993
P351+23,351.57,23.3216,349.65583333333336,353.4841666666666,21.407433333333337,25.235766666666663,3.8283333333332723,3.828333333333327
P113+24,113.252,24.276,111.25491666666669,115.2490833333333,22.27891666666667,26.27308333333333,3.994166666666603,3.99416666666666
P345+31,345.145,30.7959,343.14875,347.14124999999996,28.799650000000003,32.79215,3.992499999999936,3.9924999999999935
P121+09,121.465,9.26623,119.63083333333337,123.29916666666664,7.432063333333336,11.100396666666663,3.668333333333275,3.6683333333333272
P172+25,172.969,24.6126,171.0206666666667,174.9173333333333,22.66426666666667,26.56093333333333,3.8966666666666048,3.8966666666666603
P144+29,144.72,29.4813,143.02833333333336,146.41166666666663,27.789633333333338,31.172966666666664,3.3833333333332796,3.383333333333328
P241+12,241.227,12.4385,239.20450000000002,243.24949999999998,10.416000000000002,14.460999999999997,4.044999999999935,4.044999999999994
P310+15,310.806,15.4459,308.86725,312.74474999999995,13.507150000000003,17.384649999999997,3.877499999999938,3.8774999999999937
P101+44,101.84,44.2815,99.98750000000004,103.69249999999997,42.429,46.134,3.704999999999941,3.704999999999994
P142+32,142.914,31.981,141.19233333333335,144.63566666666662,30.259333333333338,33.702666666666666,3.4433333333332783,3.4433333333333276
P116+34,116.603,34.3367,114.71133333333336,118.49466666666663,32.445033333333335,36.228366666666666,3.783333333333273,3.783333333333327
P020+01,20.6653,0.982895,17.66488333333338,23.66571666666662,-2.0175216666666618,3.983311666666662,6.0008333333332375,6.000833333333324
P289+23,289.677,22.8103,287.72825000000006,291.62575,20.861550000000005,24.75905,3.897499999999938,3.8974999999999937
P180+20,180.215,19.6305,178.11000000000004,182.31999999999996,17.525500000000005,21.7355,4.2099999999999325,4.209999999999993
P171+67,171.458,67.2638,169.44675000000004,173.46924999999996,65.25255000000001,69.27505,4.022499999999936,4.022499999999994
P227+53,227.685,52.5151,225.57000000000005,229.79999999999995,50.4001,54.63009999999999,4.229999999999933,4.229999999999993
P259+55,259.304,55.2209,257.6215,260.9864999999999,53.5384,56.9034,3.3649999999999465,3.3649999999999944
P146+62,146.786,62.1158,144.96308333333337,148.60891666666663,60.292883333333336,63.938716666666664,3.6458333333332753,3.6458333333333273
P187+40,187.961,39.7503,185.97600000000006,189.94599999999997,37.7653,41.7353,3.9699999999999367,3.9699999999999935
P8Hetdex,168.316,52.1221,166.37600000000003,170.25599999999997,50.182100000000005,54.0621,3.879999999999938,3.8799999999999937
P123+17,123.295,16.8076,121.24708333333336,125.34291666666664,14.759683333333337,18.855516666666663,4.095833333333268,4.095833333333327
P240+48,240.678,47.5737,238.76758333333336,242.58841666666663,45.66328333333334,49.484116666666665,3.8208333333332725,3.820833333333327
P084+52,84.3011,51.6898,82.24693333333337,86.35526666666664,49.63563333333334,53.74396666666666,4.108333333333268,4.108333333333326
P094+39,94.0265,39.2095,92.00400000000003,96.04899999999996,37.187000000000005,41.23199999999999,4.044999999999935,4.044999999999994
P248+60,248.93,60.1714,247.09000000000003,250.76999999999998,58.3314,62.011399999999995,3.6799999999999415,3.679999999999994
P095+49,95.1636,49.2559,93.30943333333336,97.01776666666665,47.40173333333333,51.11006666666666,3.7083333333332744,3.7083333333333273
P300+56,300.31,55.5194,298.22125000000005,302.39874999999995,53.43065,57.608149999999995,4.177499999999934,4.177499999999993
P012+16,12.6521,15.9748,10.747100000000032,14.55709999999997,14.069800000000003,17.879799999999996,3.809999999999939,3.809999999999994
P332+18,332.193,18.1342,330.09341666666666,334.2925833333333,16.034616666666672,20.233783333333328,4.1991666666666,4.19916666666666
P358+46,358.377,45.9701,356.53325000000007,360.22074999999995,44.12635,47.81385,3.6874999999999414,3.687499999999994
P120+80,120.278,79.5036,118.50175000000003,122.05424999999998,77.72735000000002,81.27985,3.5524999999999434,3.5524999999999944
P295+28,295.118,27.8719,293.2671666666667,296.9688333333333,26.02106666666667,29.72273333333333,3.7016666666666076,3.7016666666666604
P336+31,336.108,30.7179,334.0334166666667,338.1825833333333,28.64331666666667,32.79248333333333,4.1491666666666,4.14916666666666
P002+18,2.1779,18.3938,0.050816666666700705,4.3049833333333,16.266716666666667,20.52088333333333,4.254166666666599,4.254166666666659
P244+48,244.519,47.5974,242.6531666666667,246.38483333333332,45.73156666666667,49.46323333333333,3.7316666666666074,3.7316666666666607
P158+27,158.038,27.0437,156.21133333333339,159.86466666666664,25.217033333333337,28.870366666666666,3.653333333333275,3.6533333333333275
P025+41,25.1317,41.1824,23.360866666666695,26.902533333333302,39.41156666666667,42.95323333333333,3.54166666666661,3.5416666666666607
P3Hetdex16,164.073,47.4927,162.41883333333337,165.72716666666665,45.83853333333334,49.14686666666666,3.3083333333332807,3.308333333333328
P226+75,226.618,75.0795,224.89925000000002,228.33674999999997,73.36075,76.79825,3.4374999999999454,3.4374999999999942
P243+60,243.725,60.1386,241.9575,245.49249999999998,58.3711,61.906099999999995,3.5349999999999437,3.5349999999999944
P199+65,199.0,64.9005,196.96625000000003,201.03374999999997,62.866749999999996,66.93424999999999,4.067499999999935,4.067499999999994
P205+42,205.798,42.3548,203.98758333333336,207.60841666666664,40.544383333333336,44.16521666666666,3.620833333333276,3.6208333333333274
P249+83,249.44,82.711,247.33375000000004,251.54624999999996,80.60475,84.81725,4.212499999999933,4.212499999999993
P015+44,15.5184,43.6096,13.675900000000029,17.36089999999997,41.767100000000006,45.452099999999994,3.6849999999999414,3.684999999999994
P128+17,128.703,16.8398,126.64300000000003,130.76299999999998,14.779800000000003,18.899799999999995,4.119999999999934,4.119999999999993
P347+46,347.212,45.873,345.242,349.18199999999996,43.903,47.842999999999996,3.9399999999999373,3.9399999999999937
P190+27,190.034,27.2119,187.97525000000002,192.09274999999997,25.153150000000004,29.270649999999996,4.117499999999934,4.1174999999999935
P210+20,210.462,19.7911,208.59575,212.32824999999997,17.924850000000003,21.657349999999997,3.7324999999999404,3.7324999999999937
P007+41,7.95206,41.034,5.994143333333365,9.909976666666635,39.07608333333334,42.99191666666666,3.915833333333271,3.915833333333327
P258+25,258.551,25.0993,256.576,260.52599999999995,23.1243,27.074299999999997,3.949999999999937,3.9499999999999935
P096+52,96.8436,51.7768,94.96485000000003,98.72234999999996,49.898050000000005,53.65555,3.7574999999999403,3.757499999999994
P061+14,61.9738,13.8748,60.157966666666695,63.7896333333333,12.05896666666667,15.69063333333333,3.6316666666666086,3.6316666666666606
P131+17,131.408,16.8557,129.3609166666667,133.45508333333328,14.80861666666667,18.90278333333333,4.0941666666666015,4.09416666666666
P350+08,350.501,8.25143,348.41058333333336,352.5914166666666,6.161013333333336,10.341846666666662,4.180833333333267,4.180833333333327
P134+39,134.195,39.4612,132.4754166666667,135.9145833333333,37.741616666666665,41.18078333333333,3.439166666666612,3.439166666666661
P236+63,236.104,62.6007,234.02650000000006,238.18149999999997,60.52320000000001,64.6782,4.154999999999934,4.154999999999993
P045+11,45.4802,11.2327,43.42728333333337,47.533116666666636,9.179783333333337,13.285616666666662,4.105833333333268,4.105833333333327
P169+22,169.26,22.0831,167.2154166666667,171.30458333333328,20.038516666666673,24.12768333333333,4.089166666666602,4.08916666666666
P031+04,31.1258,3.58246,29.1049666666667,33.146633333333305,1.5616266666666703,5.60329333333333,4.041666666666602,4.04166666666666
P090+39,90.6859,39.1865,88.56048333333337,92.81131666666664,37.061083333333336,41.31191666666667,4.250833333333266,4.250833333333326
P178+27,178.394,27.151,176.42400000000004,180.36399999999998,25.181000000000004,29.120999999999995,3.9399999999999373,3.9399999999999937
P252+38,252.511,37.6094,250.53808333333336,254.48391666666663,35.63648333333334,39.582316666666664,3.9458333333332702,3.945833333333327
P103+49,103.101,49.309,101.15225000000002,105.04974999999997,47.36025,51.257749999999994,3.897499999999938,3.8974999999999937
P091+79,91.9641,79.322,89.91743333333336,94.01076666666664,77.27533333333334,81.36866666666667,4.093333333333268,4.093333333333327
P235+12,235.926,12.4063,233.92558333333335,237.92641666666663,10.405883333333335,14.406716666666664,4.0008333333332695,4.000833333333327
P090+77,90.5695,76.8113,88.5336666666667,92.6053333333333,74.77546666666667,78.84713333333333,4.0716666666666015,4.07166666666666
P264+60,264.574,60.2745,262.4894166666667,266.6585833333333,58.189916666666676,62.35908333333333,4.1691666666666,4.16916666666666
P141+47,141.417,47.0314,139.43950000000004,143.39449999999997,45.0539,49.0089,3.954999999999937,3.9549999999999934
P099+59,99.8299,59.3243,98.06615000000002,101.59364999999997,57.560550000000006,61.088049999999996,3.527499999999944,3.527499999999994
P094+59,94.7562,59.2902,92.9303666666667,96.58203333333331,57.46436666666667,61.11603333333333,3.6516666666666087,3.6516666666666606
P109+52,109.41,51.8592,107.6866666666667,111.1333333333333,50.13586666666667,53.58253333333333,3.4466666666666117,3.446666666666661
P087+49,87.2331,49.2011,85.4447666666667,89.02143333333329,47.41276666666667,50.989433333333324,3.57666666666661,3.576666666666661
P327+26,327.298,25.623,325.24800000000005,329.34799999999996,23.573000000000004,27.673,4.099999999999935,4.099999999999993
P004+33,4.28135,33.4724,2.4776000000000282,6.085099999999971,31.668650000000003,35.276149999999994,3.6074999999999426,3.607499999999994
P331+13,331.464,13.1078,329.4669166666667,333.4610833333333,11.110716666666669,15.10488333333333,3.994166666666603,3.99416666666666
P349+03,349.637,3.2235,347.5886666666667,351.6853333333333,1.1751666666666702,5.27183333333333,4.096666666666601,4.09666666666666
P019+14,19.3443,13.5227,17.38055000000003,21.30804999999997,11.558950000000003,15.486449999999998,3.9274999999999376,3.9274999999999936
P356+48,356.743,48.4656,354.7871666666667,358.6988333333333,46.50976666666667,50.42143333333333,3.9116666666666045,3.9116666666666604
P051+36,51.4497,36.3818,49.5651166666667,53.3342833333333,34.49721666666667,38.26638333333333,3.7691666666666066,3.7691666666666603
P084+47,84.6206,46.673,82.80560000000003,86.43559999999997,44.858000000000004,48.488,3.629999999999942,3.629999999999994
P034+11,34.9256,11.1451,32.84018333333337,37.011016666666634,9.059683333333336,13.230516666666663,4.170833333333267,4.170833333333326
P329+16,329.612,15.6022,327.5782500000001,331.64574999999996,13.568450000000002,17.635949999999998,4.067499999999935,4.067499999999994
P171+60,171.357,59.7385,169.61575000000002,173.09824999999998,57.99725000000001,61.479749999999996,3.4824999999999444,3.482499999999994
P238+40,238.572,40.0319,236.7686666666667,240.37533333333332,38.22856666666667,41.83523333333333,3.606666666666609,3.6066666666666607
P270+30,270.043,30.1974,268.3796666666667,271.7063333333333,28.534066666666668,31.86073333333333,3.326666666666614,3.3266666666666613
P282+55,282.047,55.3803,280.1899166666667,283.90408333333335,53.52321666666667,57.23738333333333,3.7141666666666073,3.7141666666666606
P038+36,38.5993,36.2763,36.59263333333337,40.60596666666663,34.26963333333334,38.28296666666666,4.01333333333327,4.0133333333333265
P033+31,33.4653,31.2135,31.745716666666695,35.1848833333333,29.49391666666667,32.93308333333333,3.439166666666612,3.439166666666661
P141+29,141.743,29.4646,140.03133333333335,143.45466666666664,27.75293333333334,31.176266666666663,3.4233333333332787,3.4233333333333276
P354+23,354.389,23.3461,352.49233333333336,356.28566666666666,21.449433333333335,25.242766666666665,3.793333333333273,3.7933333333333272
P27Hetdex09,189.528,47.4927,187.88008333333335,191.17591666666664,45.84478333333333,49.140616666666666,3.295833333333281,3.295833333333328
P240+33,240.86,32.5164,239.04875000000004,242.67125,30.70515,34.32764999999999,3.6224999999999423,3.6224999999999943
P079+59,79.5664,59.1835,77.53390000000003,81.59889999999997,57.151,61.216,4.0649999999999356,4.064999999999993
P160+47,160.428,47.1347,158.5359166666667,162.3200833333333,45.24261666666667,49.026783333333334,3.7841666666666063,3.7841666666666605
P232+68,232.203,67.5936,230.14633333333336,234.25966666666665,65.53693333333334,69.65026666666665,4.113333333333268,4.113333333333327
P344+26,344.535,25.7705,342.62125000000003,346.44875,23.85675,27.684249999999995,3.827499999999939,3.827499999999994
P084+64,84.3081,64.2348,82.3460166666667,86.27018333333329,62.272716666666675,66.19688333333333,3.924166666666604,3.92416666666666
P243+78,243.637,77.6843,241.81825000000003,245.45574999999997,75.86555,79.50304999999999,3.637499999999942,3.637499999999994
P138+37,138.626,36.9767,136.59600000000003,140.65599999999998,34.94670000000001,39.006699999999995,4.059999999999936,4.059999999999993
P050+09,50.6988,8.76518,48.58838333333337,52.80921666666663,6.654763333333338,10.875596666666663,4.220833333333266,4.220833333333326
P242+10,242.231,9.9345,240.50975000000003,243.95224999999996,8.213250000000002,11.655749999999998,3.4424999999999453,3.4424999999999946
P151+55,151.206,54.6133,149.11183333333335,153.30016666666663,52.519133333333336,56.70746666666667,4.188333333333267,4.188333333333326
P130+62,130.196,62.022,128.18683333333337,132.20516666666663,60.01283333333333,64.03116666666666,4.01833333333327,4.018333333333326
P178+25,178.664,24.6424,176.67191666666668,180.6560833333333,22.65031666666667,26.63448333333333,3.9841666666666034,3.98416666666666
P005+11,5.91719,10.8959,3.780940000000034,8.053439999999966,8.759650000000002,13.032149999999996,4.272499999999932,4.272499999999993
P210+32,210.19,32.3397,208.1466666666667,212.2333333333333,30.29636666666667,34.38303333333333,4.086666666666601,4.08666666666666
P053+61,53.5325,61.4934,51.630833333333364,55.434166666666634,59.59173333333334,63.395066666666665,3.803333333333273,3.803333333333327
P139+14,139.39,14.3912,137.36875,141.41124999999997,12.369950000000003,16.412449999999996,4.042499999999936,4.042499999999993
P315+31,315.046,30.5409,313.05058333333335,317.04141666666663,28.545483333333337,32.536316666666664,3.9908333333332697,3.990833333333327
P076+06,76.4804,6.4544,74.5745666666667,78.38623333333331,4.5485666666666695,8.36023333333333,3.8116666666666057,3.8116666666666603
P075+01,75.0344,1.42331,72.02523333333339,78.04356666666662,-1.5858566666666618,4.432476666666662,6.018333333333238,6.018333333333324
P034+51,34.3895,51.2995,32.658250000000024,36.12074999999997,49.568250000000006,53.03075,3.462499999999945,3.4624999999999946
P060+21,60.5577,21.394,58.84686666666669,62.2685333333333,19.68316666666667,23.10483333333333,3.4216666666666122,3.421666666666661
P312+13,312.866,12.9527,310.93350000000004,314.79849999999993,11.020200000000003,14.885199999999998,3.8649999999999385,3.8649999999999936
P162+30,162.568,29.5777,160.8884166666667,164.24758333333332,27.89811666666667,31.25728333333333,3.359166666666613,3.359166666666661
P026+51,26.1137,51.2296,24.2828666666667,27.944533333333304,49.39876666666667,53.06043333333333,3.6616666666666084,3.661666666666661
P000+13,0.714471,13.3608,-1.3171956666666342,2.7461376666666344,11.329133333333337,15.392466666666662,4.063333333333269,4.063333333333326
P122+47,122.443,46.9211,120.4971666666667,124.3888333333333,44.97526666666667,48.866933333333336,3.8916666666666044,3.8916666666666604
P224+20,224.221,19.868,222.42308333333335,226.01891666666666,18.070083333333336,21.66591666666666,3.595833333333276,3.5958333333333274
P005+03,5.19316,3.35901,3.1544100000000324,7.231909999999967,1.3202600000000033,5.397759999999996,4.077499999999935,4.0774999999999935
P044+44,44.1813,43.852,42.333383333333366,46.029216666666635,42.004083333333334,45.69991666666666,3.6958333333332742,3.6958333333333275
P061+16,61.1675,16.3787,59.386250000000025,62.94874999999997,14.597450000000002,18.159949999999995,3.562499999999943,3.5624999999999942
P204+32,204.063,32.3062,202.07466666666667,206.0513333333333,30.317866666666667,34.29453333333333,3.976666666666603,3.9766666666666604
P131+67,131.409,67.0454,129.50816666666668,133.3098333333333,65.14456666666668,68.94623333333332,3.801666666666606,3.8016666666666605
P014+29,14.4242,28.5406,12.641700000000029,16.206699999999973,26.758100000000006,30.323099999999997,3.564999999999943,3.564999999999994
P128+42,128.971,41.9408,127.3189166666667,130.6230833333333,40.28871666666667,43.59288333333333,3.304166666666614,3.3041666666666614
P004+38,4.25415,38.492,2.2562333333333653,6.252066666666635,36.494083333333336,40.48991666666666,3.9958333333332696,3.995833333333327
P062+54,62.3652,54.0357,60.55895000000003,64.17144999999998,52.22945,55.84195,3.6124999999999425,3.612499999999994
P235+50,235.171,50.0499,233.32808333333335,237.01391666666663,48.20698333333334,51.89281666666666,3.6858333333332745,3.6858333333333273
P350+46,350.932,45.9054,349.0053333333334,352.85866666666664,43.97873333333334,47.83206666666666,3.8533333333332718,3.8533333333333273
P141+24,141.669,24.4442,139.7319166666667,143.60608333333332,22.50711666666667,26.38128333333333,3.874166666666605,3.8741666666666603
P144+67,144.717,67.1207,142.77075000000005,146.66324999999998,65.17445000000001,69.06694999999999,3.892499999999938,3.892499999999994
P062+24,62.2056,23.917,60.190183333333366,64.22101666666663,21.90158333333334,25.932416666666665,4.030833333333269,4.030833333333327
P033+24,33.9151,23.6872,31.975933333333366,35.85426666666664,21.748033333333336,25.626366666666666,3.8783333333332717,3.878333333333327
P010+34,10.4901,33.5265,8.630516666666697,12.349683333333303,31.66691666666667,35.38608333333333,3.7191666666666072,3.7191666666666605
P341+01,341.835,0.64567,338.85833333333335,344.8116666666666,-2.3309966666666617,3.6223366666666617,5.953333333333238,5.953333333333323
P330+31,330.084,30.6666,327.9544166666667,332.2135833333333,28.53701666666667,32.79618333333333,4.259166666666599,4.25916666666666
P225+40,225.055,39.9521,223.3691666666667,226.7408333333333,38.266266666666674,41.63793333333333,3.371666666666613,3.3716666666666613
P240+53,240.461,52.5913,238.53350000000003,242.3885,50.6638,54.51879999999999,3.8549999999999387,3.8549999999999938
P191+40,191.329,39.768,189.38275000000004,193.27524999999997,37.82175,41.71425,3.892499999999938,3.892499999999994
P125+37,125.67,36.9015,123.7166666666667,127.6233333333333,34.948166666666665,38.85483333333333,3.9066666666666046,3.9066666666666605
P335+26,335.914,25.6963,333.93358333333333,337.89441666666664,23.715883333333338,27.676716666666664,3.9608333333332704,3.9608333333333268
P120+39,120.79,39.382,119.05000000000004,122.52999999999997,37.642,41.12199999999999,3.4799999999999445,3.479999999999994
P222+12,222.676,12.3289,220.7301666666667,224.62183333333329,10.383066666666672,14.27473333333333,3.8916666666666044,3.8916666666666604
P015+01,15.4895,0.938205,12.512000000000047,18.466999999999953,-2.039294999999995,3.915704999999995,5.954999999999905,5.95499999999999
P145+47,145.216,47.0523,143.19225000000003,147.23975,45.02855,49.07605,4.0474999999999355,4.047499999999993
P265+28,265.862,27.6586,264.16200000000003,267.562,25.958600000000004,29.358599999999996,3.3999999999999457,3.3999999999999946
P164+55,164.633,54.6851,162.6371666666667,166.62883333333332,52.68926666666667,56.68093333333333,3.991666666666603,3.99166666666666
P192+30,192.358,29.7341,190.44883333333337,194.26716666666664,27.824933333333338,31.643266666666666,3.8183333333332725,3.818333333333327
P207+25,207.162,24.7931,205.20741666666672,209.1165833333333,22.83851666666667,26.747683333333327,3.9091666666666045,3.9091666666666605
P060+57,60.7927,56.5327,58.958533333333364,62.62686666666664,54.69853333333334,58.36686666666666,3.668333333333275,3.6683333333333272
P163+35,163.708,34.6036,161.83383333333336,165.58216666666664,32.72943333333334,36.47776666666666,3.7483333333332736,3.7483333333333273
P185+35,185.739,34.7191,183.70233333333337,187.77566666666664,32.682433333333336,36.75576666666666,4.073333333333268,4.073333333333327
P084+54,84.4549,54.2002,82.36198333333336,86.54781666666663,52.10728333333334,56.29311666666666,4.1858333333332665,4.185833333333327
P230+73,230.832,72.599,229.0224166666667,232.6415833333333,70.78941666666667,74.40858333333334,3.619166666666609,3.619166666666661
P251+43,251.437,42.6221,249.4011666666667,253.4728333333333,40.586266666666674,44.65793333333333,4.0716666666666015,4.07166666666666
P240+30,240.12,30.0019,238.25083333333336,241.98916666666665,28.132733333333334,31.871066666666664,3.738333333333274,3.738333333333327
P078+72,78.3515,71.7147,76.34900000000003,80.35399999999997,69.7122,73.71719999999999,4.004999999999936,4.004999999999994
P080+44,80.1688,44.1313,78.16380000000004,82.17379999999997,42.12630000000001,46.1363,4.009999999999936,4.009999999999994
P147+35,147.99,34.519,146.02500000000003,149.95499999999998,32.554,36.483999999999995,3.9299999999999375,3.9299999999999935
P155+55,155.679,54.6374,153.59525000000002,157.76274999999998,52.553650000000005,56.721149999999994,4.167499999999934,4.167499999999993
P281+63,281.355,62.9021,279.5341666666667,283.17583333333334,61.081266666666664,64.72293333333333,3.6416666666666084,3.641666666666661
P291+83,291.491,83.0058,289.72808333333336,293.2539166666666,81.24288333333332,84.76871666666666,3.525833333333277,3.5258333333333276
P026+34,26.0289,33.6604,24.018483333333364,28.039316666666636,31.64998333333334,35.67081666666667,4.020833333333269,4.020833333333327
P073+42,73.4367,41.5721,71.47295000000004,75.40044999999996,39.60835,43.535849999999996,3.9274999999999376,3.9274999999999936
P339+43,339.858,43.2996,337.75050000000005,341.96549999999996,41.1921,45.40709999999999,4.214999999999933,4.214999999999993
P043+29,43.927,28.7906,42.214916666666696,45.6390833333333,27.078516666666673,30.50268333333333,3.424166666666612,3.424166666666661
P270+23,270.028,22.6673,267.95133333333337,272.1046666666667,20.590633333333336,24.743966666666665,4.153333333333267,4.153333333333326
P021+19,21.2825,18.5595,19.357916666666696,23.2070833333333,16.63491666666667,20.48408333333333,3.8491666666666053,3.8491666666666604
P034+06,34.8135,6.12378,32.815583333333365,36.81141666666663,4.125863333333337,8.121696666666663,3.9958333333332696,3.995833333333327
P268+38,268.863,37.719,266.838,270.888,35.694,39.744,4.049999999999936,4.049999999999994
P017+29,17.3713,28.566,15.610466666666696,19.132133333333307,26.80516666666667,30.32683333333333,3.5216666666666105,3.5216666666666607
P286+10,286.924,10.239,285.07025,288.77774999999997,8.385250000000005,12.092749999999997,3.707499999999941,3.707499999999994
P233+43,233.86,42.5133,232.0320833333334,235.68791666666664,40.685383333333334,44.34121666666667,3.655833333333275,3.6558333333333275
P146+55,146.736,54.5888,144.78683333333336,148.68516666666662,52.639633333333336,56.53796666666666,3.8983333333332713,3.898333333333327
P053+11,53.3983,11.2969,51.3699666666667,55.4266333333333,9.26856666666667,13.325233333333331,4.056666666666602,4.05666666666666
P134+44,134.444,44.482,132.51191666666668,136.3760833333333,42.54991666666667,46.41408333333333,3.864166666666605,3.8641666666666605
P003+06,3.58063,5.85518,1.5135466666667,5.6477133333333,3.7880966666666698,7.92226333333333,4.134166666666601,4.13416666666666
P177+37,177.568,37.1862,175.57675000000003,179.55925,35.194950000000006,39.17744999999999,3.9824999999999364,3.9824999999999937
P112+82,112.444,81.9503,110.73275000000002,114.15524999999998,80.23905,83.66154999999999,3.4224999999999453,3.4224999999999945
P213+22,213.995,22.3205,212.21125000000004,215.77874999999997,20.53675,24.104249999999997,3.567499999999943,3.567499999999994
P35Hetdex10,198.013,47.4927,196.36508333333336,199.66091666666665,45.84478333333333,49.140616666666666,3.295833333333281,3.295833333333328
P019+06,19.1947,5.99068,17.162200000000034,21.227199999999968,3.9581800000000036,8.023179999999996,4.0649999999999356,4.064999999999993
P153+25,153.046,24.5068,151.18225,154.90974999999997,22.643050000000002,26.370549999999994,3.7274999999999405,3.727499999999994
P219+32,219.385,32.3904,217.39333333333335,221.37666666666664,30.398733333333336,34.38206666666666,3.98333333333327,3.9833333333333267
P340+18,340.367,18.2043,338.29075000000006,342.44325,16.12805,20.280549999999998,4.152499999999934,4.152499999999994
P043+01,43.9652,1.17949,40.98353333333338,46.94686666666662,-1.802176666666662,4.1611566666666615,5.963333333333238,5.963333333333324
P226+35,226.739,34.9423,224.75358333333338,228.72441666666663,32.95688333333334,36.92771666666667,3.97083333333327,3.970833333333327
P177+40,177.863,39.6975,175.75883333333337,179.96716666666663,37.593333333333334,41.80166666666666,4.208333333333266,4.208333333333327
P276+30,276.035,30.2398,274.35916666666674,277.7108333333333,28.56396666666667,31.91563333333333,3.3516666666666133,3.3516666666666612
P316+81,316.305,80.7127,314.25625,318.35375,78.66395,82.76145,4.097499999999934,4.097499999999993
P141+45,141.704,44.5232,139.68025000000003,143.72775,42.49945,46.54695,4.0474999999999355,4.047499999999993
P5Hetdex,166.195,45.3324,164.11041666666668,168.2795833333333,43.24781666666667,47.41698333333333,4.1691666666666,4.16916666666666
P278+38,278.686,37.7886,276.76933333333335,280.6026666666666,35.87193333333334,39.70526666666667,3.833333333333272,3.8333333333333273
P042+31,42.5495,31.2892,40.759083333333365,44.33991666666664,29.498783333333336,33.079616666666666,3.5808333333332762,3.5808333333333273
P232+37,232.92,37.4882,230.90083333333337,234.9391666666666,35.469033333333336,39.50736666666666,4.038333333333269,4.038333333333327
P238+12,238.576,12.4223,236.56433333333337,240.58766666666662,10.410633333333337,14.433966666666663,4.0233333333332695,4.023333333333327
P172+70,172.181,69.7749,170.21725000000004,174.14475,67.81115000000001,71.73864999999999,3.9274999999999376,3.9274999999999936
P156+47,156.623,47.1144,154.68716666666668,158.5588333333333,45.178566666666676,49.05023333333333,3.871666666666605,3.8716666666666604
P329+06,329.763,5.56276,327.7513333333333,331.77466666666663,3.5510933333333363,7.574426666666664,4.0233333333332695,4.023333333333327
P161+60,161.084,59.6843,159.21525000000003,162.95274999999998,57.81555,61.55305,3.7374999999999403,3.737499999999994
P032+11,32.2875,11.1229,30.193750000000033,34.381249999999966,9.029150000000003,13.216649999999996,4.187499999999933,4.187499999999993
P042+09,42.8422,8.70086,40.7563666666667,44.928033333333296,6.615026666666671,10.78669333333333,4.1716666666666,4.17166666666666
P227+50,227.11,50.0024,225.16125000000005,229.05874999999997,48.053650000000005,51.95115,3.897499999999938,3.8974999999999937
P332+81,332.553,80.8493,330.528,334.578,78.82430000000001,82.87429999999999,4.049999999999936,4.049999999999994
P286+13,286.316,12.7446,284.3735,288.25849999999997,10.802100000000003,14.687099999999997,3.884999999999938,3.8849999999999936
P007+18,7.63448,18.4413,5.629896666666699,9.6390633333333,16.43671666666667,20.445883333333327,4.009166666666602,4.00916666666666
P333+48,333.362,48.2633,331.4374166666667,335.28658333333334,46.33871666666667,50.18788333333333,3.8491666666666053,3.8491666666666604
P145+32,145.966,31.9979,144.2201666666667,147.71183333333332,30.25206666666667,33.74373333333333,3.491666666666611,3.491666666666661
P176+35,176.293,34.6697,174.3046666666667,178.28133333333332,32.68136666666667,36.65803333333333,3.976666666666603,3.9766666666666604
P275+38,275.411,37.765,273.45975000000004,277.36224999999996,35.813750000000006,39.716249999999995,3.9024999999999377,3.9024999999999936
P347+08,347.885,8.22871,345.78833333333336,349.9816666666666,6.132043333333336,10.325376666666664,4.193333333333267,4.193333333333326
P085+67,85.1774,66.7491,83.30740000000003,87.04739999999998,64.87910000000001,68.61909999999999,3.7399999999999403,3.739999999999994
P179+35,179.441,34.6862,177.42266666666671,181.4593333333333,32.66786666666667,36.70453333333333,4.036666666666602,4.03666666666666
P176+75,176.679,74.8099,174.92650000000003,178.43149999999997,73.0574,76.5624,3.504999999999944,3.504999999999994
P126+27,126.093,26.8644,124.28133333333336,127.90466666666664,25.052733333333336,28.676066666666664,3.623333333333276,3.6233333333333273
P033+44,33.4191,43.7625,31.687016666666693,35.15118333333331,42.030416666666675,45.49458333333333,3.4641666666666113,3.464166666666661
P138+65,138.29,64.5768,136.18833333333336,140.39166666666662,62.47513333333334,66.67846666666667,4.2033333333332665,4.203333333333327
P272+43,272.571,42.7644,270.5685000000001,274.57349999999997,40.761900000000004,44.7669,4.004999999999936,4.004999999999994
P031+46,31.9907,46.2601,29.9048666666667,34.0765333333333,44.17426666666667,48.345933333333335,4.1716666666666,4.17166666666666
P025+01,25.8429,1.0273,22.847066666666713,28.838733333333288,-1.9685333333333281,4.023133333333329,5.991666666666571,5.9916666666666565
P184+25,184.361,24.6722,182.3251666666667,186.3968333333333,22.63636666666667,26.70803333333333,4.0716666666666015,4.07166666666666
P350+26,350.285,25.8204,348.41416666666674,352.1558333333333,23.94956666666667,27.69123333333333,3.741666666666607,3.7416666666666605
P099+07,99.9281,6.61915,98.07351666666669,101.78268333333331,4.76456666666667,8.47373333333333,3.7091666666666074,3.7091666666666607
P180+22,180.436,22.1417,178.46058333333337,182.41141666666664,20.166283333333336,24.117116666666664,3.9508333333332706,3.950833333333327
P054+21,54.995,21.3501,53.257083333333355,56.73291666666664,19.612183333333338,23.088016666666665,3.475833333333278,3.475833333333328
P054+34,54.059,33.8927,52.174416666666694,55.9435833333333,32.008116666666666,35.77728333333333,3.7691666666666066,3.7691666666666603
P356+26,356.037,25.8705,354.20825,357.86574999999993,24.041750000000004,27.699249999999996,3.6574999999999416,3.657499999999994
P020+46,20.7665,46.1645,18.804416666666697,22.728583333333304,44.202416666666664,48.12658333333333,3.924166666666604,3.92416666666666
P051+14,51.3104,13.7903,49.45915000000003,53.16164999999997,11.939050000000003,15.641549999999997,3.702499999999941,3.702499999999994
P280+33,280.828,32.7844,278.82800000000003,282.8279999999999,30.7844,34.7844,3.999999999999936,3.9999999999999933
P130+60,130.378,59.5144,128.28675,132.46924999999996,57.42315000000001,61.60565,4.1824999999999335,4.182499999999993
P356+16,356.503,15.8344,354.51800000000003,358.48799999999994,13.849400000000003,17.819399999999998,3.9699999999999367,3.9699999999999935
P282+03,282.249,2.67384,280.1894166666667,284.30858333333333,0.6142566666666704,4.73342333333333,4.119166666666601,4.1191666666666595
P166+75,166.793,74.7582,165.0884166666667,168.49758333333332,73.05361666666667,76.46278333333333,3.4091666666666125,3.409166666666661
P138+24,138.828,24.4282,136.8734166666667,140.7825833333333,22.473616666666672,26.38278333333333,3.9091666666666045,3.9091666666666605
P132+22,132.968,21.8847,130.95550000000003,134.98049999999995,19.872200000000003,23.897199999999994,4.0249999999999355,4.024999999999993
P134+17,134.113,16.8712,132.07883333333336,136.14716666666664,14.837033333333338,18.905366666666666,4.0683333333332685,4.068333333333327
P154+50,154.894,49.6146,152.9944166666667,156.79358333333332,47.71501666666667,51.514183333333335,3.799166666666606,3.7991666666666606
P340+06,340.167,5.65174,338.13366666666667,342.2003333333333,3.61840666666667,7.68507333333333,4.066666666666602,4.06666666666666
P015+31,15.3191,31.0583,13.558266666666695,17.079933333333305,29.29746666666667,32.819133333333326,3.5216666666666105,3.5216666666666607
P280+35,280.537,35.2922,278.5674166666667,282.50658333333325,33.32261666666667,37.261783333333334,3.939166666666604,3.9391666666666603
P259+15,259.829,15.0675,257.78525,261.87275,13.023750000000003,17.11125,4.087499999999935,4.087499999999993
P331+23,331.851,23.1515,329.81100000000004,333.89099999999996,21.111500000000003,25.191499999999994,4.079999999999935,4.079999999999993
P300+81,300.286,80.5833,298.46975000000003,302.10224999999997,78.76705,82.39954999999999,3.632499999999942,3.632499999999994
P204+25,204.311,24.7777,202.33475000000004,206.28724999999997,22.801450000000003,26.753949999999996,3.952499999999937,3.9524999999999935
P341+26,341.66,25.7457,339.7245833333334,343.59541666666667,23.810283333333334,27.681116666666664,3.870833333333272,3.870833333333327
P084+57,84.327,56.7085,82.27033333333337,86.38366666666663,54.651833333333336,58.765166666666666,4.113333333333268,4.113333333333327
P124+22,124.601,21.8355,122.52933333333337,126.67266666666663,19.763833333333338,23.90716666666666,4.143333333333267,4.143333333333326
P158+67,158.066,67.1931,156.04558333333335,160.08641666666665,65.17268333333334,69.21351666666666,4.040833333333269,4.040833333333326
P047+26,47.9213,26.3133,45.89838333333337,49.944216666666634,24.290383333333338,28.336216666666665,4.0458333333332686,4.045833333333327
P168+62,168.983,62.2347,166.9284166666667,171.03758333333332,60.18011666666666,64.28928333333333,4.109166666666601,4.10916666666666
P041+21,41.1037,21.2372,39.29703333333337,42.91036666666664,19.430533333333337,23.043866666666666,3.6133333333332756,3.6133333333333275
P107+39,107.4,39.2983,105.5266666666667,109.27333333333331,37.42496666666667,41.171633333333325,3.746666666666607,3.7466666666666604
P034+09,34.9871,8.63544,32.893350000000034,37.08084999999996,6.541690000000003,10.729189999999996,4.187499999999933,4.187499999999993
P278+70,278.64,70.4057,276.80375000000004,280.47624999999994,68.56945,72.24194999999999,3.6724999999999413,3.672499999999994
P257+28,257.097,27.5997,255.33700000000002,258.85699999999997,25.8397,29.359699999999997,3.519999999999944,3.5199999999999942
P218+20,218.716,19.8368,216.89100000000005,220.54099999999997,18.011800000000004,21.661799999999996,3.6499999999999417,3.649999999999994
P013+06,13.9896,5.94569,11.945850000000032,16.033349999999967,3.9019400000000033,7.9894399999999965,4.087499999999935,4.087499999999993
P052+29,52.7915,28.8626,51.02275000000003,54.56024999999997,27.093850000000003,30.631349999999998,3.5374999999999437,3.5374999999999943
P345+33,345.678,33.3105,343.8059166666667,347.5500833333333,31.43841666666667,35.182583333333326,3.744166666666607,3.7441666666666604
P347+38,347.733,38.3481,345.54050000000007,349.92549999999994,36.15560000000001,40.5406,4.3849999999999305,4.384999999999993
P265+38,265.591,37.6963,263.52850000000007,267.65349999999995,35.63380000000001,39.758799999999994,4.124999999999934,4.124999999999993
P046+04,46.6872,3.71204,44.67720000000003,48.69719999999997,1.7020400000000033,5.722039999999996,4.019999999999936,4.019999999999993
P213+20,213.213,19.8062,211.3609166666667,215.0650833333333,17.95411666666667,21.65828333333333,3.7041666666666075,3.704166666666661
P126+34,126.012,34.3937,124.02700000000003,127.99699999999997,32.4087,36.3787,3.9699999999999367,3.9699999999999935
P160+27,160.945,27.0594,159.09833333333336,162.79166666666663,25.212733333333336,28.906066666666664,3.6933333333332743,3.693333333333327
P119+34,119.739,34.356,117.8169166666667,121.66108333333331,32.43391666666667,36.278083333333335,3.8441666666666054,3.8441666666666605
P089+59,89.689,59.2553,87.79733333333336,91.58066666666663,57.36363333333333,61.146966666666664,3.783333333333273,3.783333333333327
P211+65,211.229,64.9665,209.21983333333338,213.23816666666664,62.95733333333333,66.97566666666665,4.01833333333327,4.018333333333326
P045+14,45.9802,13.747,44.1106166666667,47.849783333333306,11.877416666666669,15.616583333333331,3.7391666666666072,3.7391666666666605
P038+34,38.4773,33.7654,36.43813333333337,40.51646666666663,31.726233333333337,35.804566666666666,4.078333333333268,4.078333333333327
P198+42,198.793,42.3172,196.68300000000005,200.90299999999996,40.2072,44.4272,4.219999999999933,4.2199999999999935
P226+10,226.464,9.84054,224.78275000000002,228.14524999999998,8.159290000000004,11.521789999999998,3.3624999999999465,3.3624999999999945
P208+22,208.399,22.2899,206.58525000000003,210.21274999999997,20.476150000000004,24.103649999999995,3.627499999999942,3.627499999999994
P232+25,232.841,24.9382,231.03308333333337,234.64891666666665,23.130283333333335,26.746116666666662,3.6158333333332755,3.6158333333333275
P145+45,145.336,44.5436,143.26475000000005,147.40724999999998,42.47235,46.61485,4.142499999999934,4.142499999999993
P359+18,359.452,18.3701,357.3436666666667,361.5603333333333,16.26176666666667,20.47843333333333,4.216666666666599,4.21666666666666
P352+11,352.74,10.7811,350.65500000000003,354.825,8.696100000000005,12.866099999999996,4.169999999999933,4.169999999999993
P359+28,359.699,28.4125,357.80150000000003,361.5965,26.515000000000004,30.31,3.7949999999999395,3.7949999999999937
P196+55,196.054,54.85,194.30233333333337,197.80566666666664,53.098333333333336,56.60166666666667,3.5033333333332775,3.5033333333333276
P242+38,242.712,37.5475,240.72033333333334,244.70366666666663,35.55583333333334,39.53916666666666,3.98333333333327,3.9833333333333267
P051+56,51.4105,56.4584,49.69591666666669,53.12508333333331,54.74381666666667,58.17298333333333,3.429166666666612,3.429166666666661
P251+45,251.203,45.1301,249.2109166666667,253.19508333333332,43.138016666666665,47.12218333333333,3.9841666666666034,3.98416666666666
P093+82,93.9485,81.8313,91.94308333333336,95.95391666666663,79.82588333333334,83.83671666666666,4.010833333333269,4.010833333333327
P222+32,222.451,32.4078,220.48641666666668,224.4155833333333,30.44321666666667,34.37238333333333,3.929166666666604,3.9291666666666605
P223+37,223.135,37.4314,221.21375000000003,225.05624999999995,35.51015,39.35264999999999,3.842499999999939,3.8424999999999936
P182+35,182.59,34.7026,180.54125000000005,184.63874999999996,32.65385,36.751349999999995,4.097499999999934,4.097499999999993
P311+33,311.661,33.0231,309.72100000000006,313.60099999999994,31.0831,34.9631,3.879999999999938,3.8799999999999937
P254+43,254.956,42.6448,252.84433333333337,257.06766666666664,40.53313333333333,44.75646666666666,4.223333333333266,4.2233333333333265
P032+06,32.2094,6.10185,30.2060666666667,34.212733333333304,4.09851666666667,8.10518333333333,4.006666666666603,4.00666666666666
P294+18,294.094,17.8238,292.244,295.94399999999996,15.9738,19.673799999999996,3.699999999999941,3.699999999999994
P219+42,219.82,42.4321,218.1341666666667,221.5058333333333,40.74626666666667,44.117933333333326,3.371666666666613,3.3716666666666613
P204+30,204.287,29.7977,202.12658333333337,206.44741666666664,27.637283333333336,31.958116666666662,4.3208333333332645,4.320833333333327
P273+45,273.25,45.2792,271.39708333333334,275.10291666666666,43.42628333333334,47.13211666666667,3.7058333333332745,3.7058333333333273
P069+14,69.9738,13.9363,68.15046666666669,71.7971333333333,12.112966666666669,15.75963333333333,3.6466666666666083,3.6466666666666607
P155+52,155.672,52.1281,153.55533333333335,157.78866666666664,50.01143333333334,54.24476666666666,4.233333333333266,4.233333333333326
P105+27,105.79,26.7384,103.82250000000003,107.75749999999998,24.7709,28.705899999999996,3.9349999999999374,3.9349999999999934
P125+19,125.298,19.3297,123.46258333333337,127.13341666666663,17.494283333333335,21.165116666666663,3.6708333333332748,3.670833333333327
P330+53,330.619,53.259,328.91400000000004,332.324,51.554,54.964,3.4099999999999455,3.4099999999999944
P058+44,58.5558,43.9677,56.5337166666667,60.5778833333333,41.94561666666667,45.98978333333333,4.0441666666666025,4.04416666666666
P012+01,12.8989,0.915774,9.92223333333338,15.875566666666618,-2.060892666666662,3.8924406666666616,5.953333333333238,5.953333333333323
P229+65,229.631,65.0706,227.73641666666668,231.52558333333332,63.17601666666667,66.96518333333333,3.789166666666606,3.7891666666666604
P053+16,53.0747,16.3146,51.323866666666696,54.825533333333304,14.563766666666668,18.065433333333328,3.501666666666611,3.501666666666661
P288+13,288.97,12.7646,287.0379166666667,290.90208333333334,10.83251666666667,14.696683333333329,3.864166666666605,3.8641666666666605
P359+16,359.193,15.8576,357.22091666666665,361.1650833333333,13.88551666666667,17.829683333333328,3.9441666666666038,3.94416666666666
P251+58,251.674,57.6802,249.9381666666667,253.40983333333332,55.94436666666667,59.41603333333333,3.471666666666611,3.471666666666661
P076+42,76.898,41.5977,74.7146666666667,79.08133333333329,39.41436666666667,43.78103333333333,4.366666666666597,4.366666666666659
P028+46,28.2471,46.2284,26.185850000000034,30.308349999999965,44.16715000000001,48.289649999999995,4.122499999999934,4.122499999999993
P141+57,141.224,57.0674,139.23608333333334,143.21191666666664,55.079483333333336,59.05531666666666,3.97583333333327,3.975833333333327
P151+35,151.132,34.5364,149.1986666666667,153.0653333333333,32.60306666666667,36.46973333333333,3.866666666666605,3.8666666666666605
P040+14,40.651,13.7032,38.76308333333337,42.53891666666664,11.815283333333337,15.591116666666665,3.775833333333273,3.775833333333327
P100+39,100.711,39.2546,98.76475000000003,102.65724999999996,37.308350000000004,41.20085,3.892499999999938,3.892499999999994
P206+37,206.844,37.3409,205.07108333333335,208.61691666666664,35.56798333333333,39.113816666666665,3.545833333333277,3.5458333333333276
P284+00,284.888,0.183114,281.91133333333335,287.8646666666666,-2.7935526666666615,3.159780666666662,5.953333333333238,5.953333333333323
P107+57,107.967,56.8685,106.21658333333336,109.71741666666664,55.11808333333333,58.618916666666664,3.5008333333332775,3.5008333333333277
P286+40,286.016,40.3523,284.12975000000006,287.90225,38.46605,42.23855,3.77249999999994,3.7724999999999937
P237+58,237.161,57.5896,235.24475000000004,239.07724999999996,55.67335,59.505849999999995,3.8324999999999387,3.832499999999994
P210+47,210.028,47.3972,208.18883333333335,211.86716666666663,45.558033333333334,49.23636666666666,3.6783333333332746,3.6783333333333275
P274+28,274.633,27.7198,272.91633333333334,276.3496666666666,26.003133333333334,29.436466666666664,3.4333333333332785,3.433333333333328
P202+70,202.282,69.9331,200.48325000000003,204.08075,68.13435,71.73185,3.597499999999943,3.597499999999994
P038+29,38.0208,28.7418,36.34455000000003,39.697049999999976,27.065550000000005,30.418049999999997,3.3524999999999467,3.3524999999999947
P060+64,60.5469,64.0574,58.65523333333336,62.43856666666664,62.165733333333336,65.94906666666667,3.783333333333273,3.783333333333327
P295+55,295.739,55.4837,293.62275,297.85524999999996,53.367450000000005,57.59994999999999,4.232499999999932,4.232499999999993
P22Hetdex04,183.164,49.748,181.58816666666667,184.7398333333333,48.17216666666667,51.323833333333326,3.151666666666616,3.1516666666666615
P329+23,329.036,23.1276,326.9768333333334,331.0951666666666,21.06843333333334,25.186766666666664,4.1183333333332675,4.118333333333327
P258+23,258.81,22.591,256.8154166666667,260.8045833333333,20.59641666666667,24.585583333333332,3.9891666666666032,3.98916666666666
P247+23,247.598,22.5184,245.68133333333338,249.51466666666664,20.601733333333335,24.435066666666664,3.833333333333272,3.8333333333333273
P206+50,206.992,49.8899,205.02075000000002,208.96324999999996,47.91865,51.861149999999995,3.9424999999999373,3.9424999999999937
P213+30,213.238,29.8463,211.14925000000002,215.32674999999998,27.757550000000002,31.935049999999997,4.177499999999934,4.177499999999993
P039+24,39.5673,23.7345,37.5864666666667,41.548133333333304,21.75366666666667,25.71533333333333,3.9616666666666034,3.9616666666666602
P339+33,339.485,33.257,337.56000000000006,341.40999999999997,31.332,35.181999999999995,3.849999999999939,3.849999999999994
P188+32,188.755,32.225,186.71833333333336,190.79166666666663,30.18833333333334,34.26166666666666,4.073333333333268,4.073333333333327
P208+62,208.037,62.4408,206.13033333333337,209.94366666666664,60.53413333333334,64.34746666666666,3.8133333333332726,3.8133333333333272
P119+49,119.002,49.4097,117.0561666666667,120.94783333333329,47.46386666666667,51.355533333333334,3.8916666666666044,3.8916666666666604
P205+55,205.055,54.8982,203.19416666666672,206.9158333333333,53.03736666666667,56.759033333333335,3.721666666666607,3.7216666666666605
P169+17,169.297,17.0633,167.23908333333335,171.35491666666664,15.005383333333338,19.121216666666665,4.115833333333268,4.115833333333327
P064+14,64.6402,13.8955,62.83311666666669,66.4472833333333,12.088416666666669,15.702583333333331,3.614166666666609,3.614166666666661
P268+28,268.785,27.6787,267.1029166666667,270.46708333333333,25.996616666666668,29.36078333333333,3.364166666666613,3.364166666666661
P12Hetdex11,172.558,52.1221,170.66008333333335,174.45591666666664,50.22418333333334,54.02001666666666,3.795833333333273,3.795833333333327
P340+16,340.365,15.6941,338.295,342.435,13.624100000000004,17.7641,4.139999999999934,4.1399999999999935
P035+29,35.0688,28.7172,33.409216666666694,36.72838333333331,27.057616666666668,30.37678333333333,3.319166666666614,3.319166666666661
P287+53,287.512,52.9116,285.52200000000005,289.50199999999995,50.921600000000005,54.901599999999995,3.9799999999999365,3.9799999999999933
P177+30,177.457,29.656,175.6699166666667,179.2440833333333,27.868916666666667,31.44308333333333,3.57416666666661,3.574166666666661
P074+09,74.2764,8.94825,72.30390000000003,76.24889999999996,6.975750000000003,10.920749999999996,3.9449999999999372,3.9449999999999936
P257+75,257.032,75.2673,255.00575,259.05824999999993,73.24105000000002,77.29355,4.052499999999935,4.052499999999993
P222+22,222.391,22.3676,220.63350000000003,224.14849999999996,20.610100000000003,24.125099999999996,3.514999999999944,3.5149999999999944
P013+26,13.3101,26.0209,11.522600000000029,15.097599999999971,24.233400000000003,27.8084,3.574999999999943,3.5749999999999944
P265+45,265.895,45.2276,263.9604166666667,267.8295833333333,43.293016666666674,47.16218333333333,3.869166666666605,3.8691666666666604
P348+48,348.939,48.3976,346.8760833333334,351.00191666666666,46.33468333333333,50.46051666666666,4.125833333333268,4.125833333333326
P210+30,210.254,29.8299,208.15025000000003,212.35774999999995,27.72615,31.933649999999997,4.207499999999933,4.207499999999993
P350+28,350.873,28.3356,348.9009166666667,352.84508333333326,26.36351666666667,30.30768333333333,3.9441666666666038,3.94416666666666
P047+06,47.8305,6.23157,45.86175000000003,49.79924999999997,4.262820000000003,8.200319999999996,3.9374999999999374,3.937499999999994
P253+18,253.341,17.535,251.65725000000003,255.02474999999998,15.851250000000004,19.218749999999996,3.3674999999999464,3.3674999999999944
P170+72,170.693,72.2735,168.8534166666667,172.53258333333332,70.43391666666666,74.11308333333334,3.679166666666608,3.6791666666666605
P210+35,210.957,34.8535,209.12741666666668,212.7865833333333,33.023916666666665,36.68308333333333,3.6591666666666085,3.659166666666661
P156+42,156.854,42.0964,154.9294166666667,158.77858333333333,40.17181666666667,44.020983333333334,3.8491666666666053,3.8491666666666604
P115+37,115.962,36.8426,114.0999166666667,117.8240833333333,34.98051666666667,38.70468333333333,3.724166666666607,3.7241666666666604
P128+72,128.377,72.0418,126.22450000000005,130.52949999999998,69.88929999999999,74.1943,4.304999999999931,4.304999999999993
P060+74,60.3843,74.0854,58.526383333333364,62.24221666666664,72.22748333333334,75.94331666666668,3.7158333333332743,3.715833333333327
P260+28,260.018,27.619,258.27841666666666,261.7575833333333,25.879416666666668,29.358583333333332,3.479166666666611,3.479166666666661
P124+32,124.612,31.8755,122.78950000000002,126.43449999999997,30.053,33.69799999999999,3.644999999999942,3.6449999999999942
P237+32,237.79,32.4977,235.95416666666668,239.6258333333333,30.661866666666672,34.333533333333335,3.6716666666666082,3.6716666666666606
P247+18,247.912,17.5003,246.2136666666667,249.6103333333333,15.801966666666669,19.19863333333333,3.3966666666666123,3.396666666666661
P288+18,288.656,17.7824,286.8301666666667,290.4818333333333,15.956566666666669,19.60823333333333,3.6516666666666087,3.6516666666666606
P019+64,19.3481,63.7172,17.391433333333364,21.304766666666634,61.760533333333335,65.67386666666667,3.913333333333271,3.913333333333327
P125+17,125.999,16.8238,123.93816666666669,128.0598333333333,14.762966666666669,18.88463333333333,4.121666666666601,4.12166666666666
P120+29,120.943,29.3435,119.07216666666669,122.8138333333333,27.47266666666667,31.21433333333333,3.741666666666607,3.7416666666666605
P120+69,120.05,69.4855,117.89750000000004,122.20249999999996,67.333,71.638,4.304999999999931,4.304999999999993
P334+13,334.122,13.1304,332.11533333333335,336.1286666666667,11.123733333333337,15.137066666666662,4.01333333333327,4.0133333333333265
P216+37,216.617,37.3946,214.7574166666667,218.47658333333328,35.535016666666664,39.25418333333333,3.7191666666666072,3.7191666666666605
P291+53,291.808,52.9441,289.76800000000003,293.84799999999996,50.9041,54.9841,4.079999999999935,4.079999999999993
P358+06,358.377,5.80982,356.3036666666667,360.45033333333333,3.73648666666667,7.883153333333331,4.146666666666601,4.14666666666666
P021+31,21.3645,31.1104,19.64533333333336,23.083666666666637,29.391233333333336,32.829566666666665,3.4383333333332784,3.4383333333333277
P286+55,286.607,55.4141,284.68575000000004,288.52825,53.492850000000004,57.33534999999999,3.842499999999939,3.8424999999999936
P020+16,20.731,16.0446,18.8651666666667,22.596833333333304,14.178766666666668,17.91043333333333,3.7316666666666074,3.7316666666666607
P224+27,224.994,27.4024,222.98108333333337,227.00691666666663,25.389483333333338,29.415316666666662,4.025833333333269,4.025833333333327
P283+35,283.709,35.3155,281.70900000000006,285.70899999999995,33.3155,37.3155,3.999999999999936,3.9999999999999933
P289+10,289.555,10.2588,287.6929166666667,291.4170833333333,8.39671666666667,12.120883333333332,3.724166666666607,3.7241666666666604
P042+51,42.6778,51.3685,40.88780000000003,44.46779999999997,49.5785,53.1585,3.579999999999943,3.5799999999999943
P334+36,334.597,35.7249,332.51366666666667,336.6803333333333,33.64156666666667,37.80823333333333,4.1666666666666,4.16666666666666
P11Hetdex12,172.558,47.4927,170.91008333333335,174.20591666666664,45.84478333333333,49.140616666666666,3.295833333333281,3.295833333333328
P313+15,313.494,15.4678,311.54275000000007,315.44525,13.516550000000004,17.41905,3.9024999999999377,3.9024999999999936
P263+55,263.846,55.2515,262.2101666666667,265.4818333333333,53.61566666666667,56.88733333333333,3.2716666666666145,3.271666666666661
P054+59,54.3605,58.9911,52.39508333333337,56.325916666666636,57.02568333333334,60.956516666666666,3.9308333333332706,3.930833333333327
P231+40,231.812,39.9915,230.06950000000003,233.5545,38.249,41.734,3.4849999999999444,3.4849999999999945
P128+19,128.041,19.3459,126.18975000000003,129.89224999999996,17.494650000000004,21.197149999999997,3.702499999999941,3.702499999999994
P062+47,62.0159,46.5046,59.9938166666667,64.0379833333333,44.482516666666676,48.52668333333333,4.0441666666666025,4.04416666666666
P022+34,22.9192,33.6338,20.940033333333364,24.898366666666636,31.654633333333337,35.612966666666665,3.9583333333332704,3.958333333333327
P135+12,135.314,11.8579,133.52358333333336,137.10441666666662,10.067483333333337,13.648316666666664,3.5808333333332762,3.5808333333333273
P042+11,42.8413,11.211,40.7804666666667,44.902133333333296,9.15016666666667,13.27183333333333,4.121666666666601,4.12166666666666
P135+34,135.427,34.4486,133.34325,137.51074999999997,32.364850000000004,36.532349999999994,4.167499999999934,4.167499999999993
P176+60,176.496,59.7654,174.72850000000003,178.2635,57.9979,61.5329,3.5349999999999437,3.5349999999999944
P204+72,204.926,72.4537,202.97183333333336,206.8801666666666,70.49953333333333,74.40786666666666,3.908333333333271,3.908333333333327
P194+40,194.698,39.7858,192.78883333333337,196.60716666666664,37.87663333333334,41.694966666666666,3.8183333333332725,3.818333333333327
P117+52,117.8,51.9118,116.03000000000003,119.56999999999996,50.1418,53.681799999999996,3.5399999999999436,3.5399999999999943
P213+27,213.334,27.3369,211.21941666666672,215.4485833333333,25.22231666666667,29.45148333333333,4.2291666666665995,4.22916666666666
P327+33,327.109,33.1514,325.07233333333335,329.1456666666666,31.11473333333334,35.188066666666664,4.073333333333268,4.073333333333327
P134+27,134.799,26.9153,133.04900000000004,136.54899999999998,25.165300000000002,28.665299999999995,3.499999999999944,3.4999999999999942
P208+57,208.239,57.4244,206.28525000000005,210.19274999999996,55.47065,59.37815,3.9074999999999376,3.9074999999999935
P135+42,135.935,41.9809,134.23125000000002,137.63875,40.27715,43.68465,3.4074999999999456,3.4074999999999944
P074+57,74.9011,56.6401,72.71818333333337,77.08401666666663,54.45718333333333,58.82301666666666,4.3658333333332635,4.365833333333327
P040+44,40.5921,43.8224,38.78460000000003,42.39959999999997,42.014900000000004,45.6299,3.6149999999999425,3.614999999999994
P147+19,147.252,19.4552,145.2886666666667,149.21533333333332,17.49186666666667,21.418533333333333,3.926666666666604,3.92666666666666
P111+42,111.583,41.8349,109.7784166666667,113.3875833333333,40.030316666666664,43.63948333333333,3.609166666666609,3.6091666666666606
P088+52,88.4798,51.7193,86.48605000000003,90.47354999999996,49.72555,53.713049999999996,3.9874999999999363,3.9874999999999936
P242+17,242.484,17.4664,240.7619166666667,244.2060833333333,15.74431666666667,19.18848333333333,3.4441666666666118,3.444166666666661
P130+22,130.179,21.8685,128.14650000000003,132.21149999999997,19.836000000000006,23.900999999999996,4.0649999999999356,4.064999999999993
P275+60,275.032,60.3475,273.0536666666667,277.0103333333333,58.369166666666665,62.32583333333333,3.9566666666666035,3.9566666666666603
P011+11,11.1896,10.9418,9.032516666666702,13.3466833333333,8.784716666666672,13.09888333333333,4.314166666666598,4.31416666666666
P077+79,77.9977,79.2238,75.9618666666667,80.0335333333333,77.18796666666667,81.25963333333333,4.0716666666666015,4.07166666666666
P057+39,57.3429,38.9386,55.44540000000003,59.24039999999997,37.04110000000001,40.836099999999995,3.7949999999999395,3.7949999999999937
P119+62,119.166,61.9563,117.24933333333335,121.08266666666664,60.039633333333335,63.87296666666666,3.833333333333272,3.8333333333333273
P218+40,218.303,39.9138,216.62883333333335,219.97716666666665,38.23963333333334,41.58796666666667,3.34833333333328,3.348333333333328
P075+69,75.9736,69.1903,74.1627666666667,77.78443333333331,67.37946666666666,71.00113333333333,3.621666666666609,3.621666666666661
P148+37,148.352,37.0308,146.4186666666667,150.2853333333333,35.09746666666667,38.96413333333333,3.866666666666605,3.8666666666666605
P075+04,75.2238,3.93492,73.2354666666667,77.2121333333333,1.9465866666666698,5.92325333333333,3.976666666666603,3.9766666666666604
P237+20,237.987,19.949,236.25283333333334,239.72116666666665,18.21483333333334,21.683166666666665,3.468333333333278,3.4683333333333275
P052+41,52.699,41.4115,50.95983333333336,54.43816666666664,39.672333333333334,43.15066666666666,3.478333333333278,3.4783333333333277
P331+03,331.491,3.06722,329.4318333333334,333.5501666666666,1.0080533333333364,5.126386666666663,4.1183333333332675,4.118333333333327
P250+18,250.627,17.5175,248.94075000000004,252.31324999999998,15.83125,19.203749999999996,3.3724999999999463,3.3724999999999947
P277+33,277.749,32.7621,275.77941666666675,279.7185833333333,30.792516666666668,34.73168333333333,3.939166666666604,3.9391666666666603
P101+42,101.164,41.7673,99.2544166666667,103.0735833333333,39.85771666666667,43.67688333333333,3.819166666666606,3.8191666666666606
P023+01,23.2541,1.00514,20.255766666666716,26.252433333333286,-1.9931933333333287,4.0034733333333286,5.996666666666571,5.996666666666657
P125+85,125.603,84.5095,123.50716666666669,127.6988333333333,82.41366666666667,86.60533333333333,4.1916666666666,4.19166666666666
P149+27,149.321,26.9965,147.55016666666668,151.0918333333333,25.22566666666667,28.767333333333333,3.54166666666661,3.5416666666666607
P207+35,207.802,34.8363,205.967,209.63699999999997,33.00130000000001,36.671299999999995,3.6699999999999413,3.669999999999994
P162+72,162.19,72.2288,160.4616666666667,163.9183333333333,70.50046666666668,73.95713333333333,3.4566666666666115,3.4566666666666612
P113+87,113.635,86.8757,111.78583333333337,115.48416666666664,85.02653333333333,88.72486666666666,3.698333333333274,3.6983333333333275
P312+28,312.698,28.0117,310.718,314.67799999999994,26.031700000000004,29.991699999999998,3.959999999999937,3.9599999999999937
P334+53,334.949,53.2959,333.2798333333334,336.61816666666664,51.62673333333334,54.965066666666665,3.33833333333328,3.338333333333328
P221+47,221.51,47.461,219.55750000000003,223.46249999999995,45.508500000000005,49.41349999999999,3.9049999999999376,3.9049999999999936
P211+15,211.609,14.7774,209.71525000000003,213.50275,12.883650000000003,16.671149999999997,3.7874999999999397,3.787499999999994
P213+57,213.049,57.4507,211.0206666666667,215.0773333333333,55.42236666666667,59.47903333333333,4.056666666666602,4.05666666666666
P213+32,213.255,32.3563,211.20833333333337,215.30166666666662,30.309633333333334,34.40296666666666,4.093333333333268,4.093333333333327
P8Hetdex28,191.649,45.3324,189.40108333333336,193.89691666666664,43.08448333333334,47.58031666666666,4.495833333333262,4.495833333333326
P350+36,350.558,35.8627,348.6296666666667,352.4863333333333,33.93436666666667,37.791033333333324,3.856666666666605,3.8566666666666602
P214+55,214.067,54.9473,212.17283333333336,215.96116666666666,53.053133333333335,56.84146666666666,3.788333333333273,3.7883333333333273
P016+26,16.191,26.0458,14.385583333333361,17.996416666666637,24.240383333333337,27.851216666666662,3.6108333333332756,3.6108333333333276
P255+25,255.692,25.0804,253.73658333333339,257.64741666666663,23.124983333333336,27.035816666666665,3.910833333333271,3.910833333333327
P163+42,163.831,42.1335,161.64558333333335,166.01641666666663,39.94808333333334,44.31891666666666,4.370833333333263,4.3708333333333265
P219+63,219.248,62.5027,217.43758333333335,221.05841666666663,60.692283333333336,64.31311666666666,3.620833333333276,3.6208333333333274
P079+49,79.3125,49.1444,77.42666666666669,81.19833333333331,47.25856666666667,51.03023333333333,3.7716666666666065,3.7716666666666607
P019+44,19.0948,43.6403,17.288966666666695,20.900633333333303,41.83446666666667,45.446133333333336,3.611666666666609,3.6116666666666606
P041+34,41.593,33.7913,39.58633333333337,43.599666666666636,31.784633333333336,35.79796666666666,4.01333333333327,4.0133333333333265
P275+40,275.83,40.2778,273.6404166666667,278.0195833333333,38.08821666666667,42.46738333333333,4.379166666666597,4.379166666666659
P235+15,235.711,14.9151,233.72183333333336,237.70016666666666,12.925933333333337,16.904266666666665,3.97833333333327,3.978333333333327
P112+44,112.695,44.3514,110.95125000000002,114.43874999999997,42.60765,46.09515,3.4874999999999443,3.4874999999999945
P116+44,116.316,44.374,114.58766666666669,118.04433333333331,42.64566666666667,46.102333333333334,3.4566666666666115,3.4566666666666612
P169+27,169.667,27.1053,167.76033333333336,171.57366666666664,25.198633333333337,29.011966666666662,3.8133333333332726,3.8133333333333272
P26Hetdex03,187.407,49.748,185.8311666666667,188.98283333333333,48.17216666666667,51.323833333333326,3.151666666666616,3.1516666666666615
P222+60,222.958,60.0152,220.99050000000003,224.92549999999997,58.047700000000006,61.982699999999994,3.9349999999999374,3.9349999999999934
P336+01,336.658,0.601231,333.6813333333334,339.63466666666665,-2.375435666666662,3.5778976666666615,5.953333333333238,5.953333333333323
P048+36,48.2347,36.3557,46.32011666666669,50.1492833333333,34.441116666666666,38.27028333333333,3.8291666666666058,3.8291666666666604
P343+23,343.116,23.2482,341.1489166666667,345.08308333333326,21.28111666666667,25.215283333333332,3.934166666666604,3.9341666666666604
P262+40,262.266,40.1835,260.2035000000001,264.32849999999996,38.12100000000001,42.245999999999995,4.124999999999934,4.124999999999993
P207+80,207.966,79.9772,205.9339166666667,209.9980833333333,77.94511666666666,82.00928333333333,4.064166666666602,4.06416666666666
P13Hetdex12,174.68,45.3324,172.46458333333337,176.89541666666665,43.11698333333334,47.54781666666666,4.430833333333263,4.430833333333326
P163+80,163.617,79.7445,161.78158333333334,165.45241666666664,77.90908333333334,81.57991666666666,3.6708333333332748,3.670833333333327
P099+47,99.7284,46.7771,97.77965000000002,101.67714999999997,44.82835,48.725849999999994,3.897499999999938,3.8974999999999937
P105+22,105.091,21.7138,103.1326666666667,107.0493333333333,19.75546666666667,23.672133333333328,3.9166666666666043,3.9166666666666603
P271+35,271.026,35.2241,269.1439166666667,272.9080833333333,33.34201666666667,37.10618333333333,3.7641666666666067,3.7641666666666604
P353+18,353.999,18.3225,351.9098333333334,356.08816666666667,16.233333333333338,20.411666666666665,4.178333333333267,4.178333333333327
P125+42,125.491,41.9201,123.81100000000002,127.17099999999998,40.2401,43.6001,3.3599999999999466,3.3599999999999945
P285+65,285.32,65.4396,283.46958333333333,287.17041666666665,63.58918333333334,67.29001666666666,3.700833333333274,3.7008333333333274
P182+55,182.572,54.7792,180.78408333333337,184.35991666666663,52.99128333333334,56.567116666666664,3.5758333333332764,3.5758333333333274
P182+85,182.33,84.8098,180.2041666666667,184.45583333333332,82.68396666666666,86.93563333333333,4.2516666666665985,4.25166666666666
P137+75,137.336,74.5987,135.2164166666667,139.45558333333332,72.47911666666667,76.71828333333332,4.239166666666599,4.23916666666666
P336+03,336.675,3.11151,334.61875000000003,338.73125,1.0552600000000032,5.167759999999997,4.112499999999934,4.112499999999994
P272+23,272.835,22.687,270.76458333333335,274.9054166666666,20.616583333333338,24.757416666666664,4.140833333333267,4.140833333333327
P059+49,59.5521,48.9948,57.506266666666704,61.5979333333333,46.94896666666667,51.040633333333325,4.091666666666601,4.09166666666666
P331+01,331.481,0.5569,328.50433333333336,334.4576666666666,-2.4197666666666615,3.533566666666662,5.953333333333238,5.953333333333323
P253+33,253.145,32.5937,251.39583333333337,254.89416666666665,30.844533333333334,34.342866666666666,3.4983333333332776,3.4983333333333277
P153+85,153.548,84.6623,151.50258333333338,155.59341666666663,82.61688333333333,86.70771666666667,4.0908333333332685,4.090833333333327
P236+45,236.535,45.039,234.53208333333336,238.53791666666663,43.03608333333334,47.041916666666665,4.005833333333269,4.005833333333327
P259+38,259.049,37.6522,257.00275,261.09524999999996,35.60595000000001,39.698449999999994,4.0924999999999345,4.092499999999993
P123+44,123.563,44.4182,121.75800000000004,125.36799999999997,42.6132,46.2232,3.6099999999999426,3.609999999999994
P163+45,163.515,44.6415,161.54791666666668,165.4820833333333,42.67441666666667,46.60858333333333,3.934166666666604,3.9341666666666604
P279+65,279.09,65.3938,277.1404166666667,281.03958333333327,63.44421666666667,67.34338333333334,3.8991666666666047,3.8991666666666602
P156+75,156.941,74.7063,155.0826666666667,158.7993333333333,72.84796666666666,76.56463333333333,3.7166666666666073,3.7166666666666606
P253+80,253.414,80.2455,251.36358333333337,255.4644166666666,78.19508333333334,82.29591666666667,4.100833333333268,4.100833333333327
P233+27,233.744,27.4535,231.8044166666667,235.6835833333333,25.513916666666667,29.39308333333333,3.8791666666666047,3.87916666666666
P265+10,265.886,10.0882,264.09725000000003,267.67475,8.299450000000004,11.876949999999997,3.577499999999943,3.5774999999999944
P358+26,358.915,25.8956,357.10666666666674,360.7233333333333,24.08726666666667,27.70393333333333,3.616666666666609,3.616666666666661
P229+10,229.091,9.85578,227.40308333333337,230.77891666666665,8.167863333333335,11.543696666666664,3.3758333333332797,3.3758333333333277
P174+40,174.499,39.6799,172.37858333333335,176.61941666666664,37.55948333333334,41.80031666666667,4.240833333333266,4.240833333333327
P114+27,114.492,26.7938,112.59200000000004,116.39199999999997,24.893800000000006,28.693799999999996,3.7999999999999394,3.7999999999999936
P268+55,268.39,55.2827,266.70458333333335,270.0754166666666,53.59728333333334,56.96811666666666,3.3708333333332794,3.370833333333328
P201+35,201.495,34.8023,199.60500000000005,203.38499999999996,32.9123,36.6923,3.77999999999994,3.779999999999994
P345+48,345.041,48.3638,342.95683333333335,347.12516666666664,46.27963333333334,50.44796666666666,4.168333333333267,4.168333333333327
P023+04,23.3449,3.51615,21.318233333333364,25.371566666666634,1.4894833333333368,5.542816666666663,4.053333333333269,4.053333333333327
P029+71,29.2731,71.3255,27.48768333333336,31.058516666666637,69.54008333333334,73.11091666666667,3.5708333333332765,3.5708333333333275
P356+21,356.725,20.8564,354.6695833333334,358.78041666666667,18.80098333333334,22.911816666666663,4.110833333333268,4.110833333333327
P334+21,334.579,20.6647,332.45275000000004,336.70525,18.538450000000005,22.790949999999995,4.252499999999932,4.252499999999993
P337+23,337.482,23.1997,335.47866666666675,339.4853333333333,21.19636666666667,25.20303333333333,4.006666666666603,4.00666666666666
P008+23,8.49315,23.469,6.679816666666696,10.306483333333304,21.655666666666672,25.28233333333333,3.6266666666666088,3.6266666666666607
P151+37,151.595,37.0485,149.69000000000003,153.49999999999997,35.1435,38.95349999999999,3.809999999999939,3.809999999999994
P328+03,328.898,3.04522,326.8363333333334,330.95966666666664,0.9835533333333366,5.1068866666666635,4.123333333333267,4.123333333333327
P345+08,345.27,8.20603,343.23083333333335,347.3091666666666,6.166863333333337,10.245196666666663,4.078333333333268,4.078333333333327
P277+35,277.366,35.2692,275.4264166666667,279.3055833333333,33.329616666666666,37.20878333333333,3.8791666666666047,3.87916666666666
P255+38,255.78,37.6306,253.77083333333337,257.78916666666663,35.621433333333336,39.63976666666667,4.01833333333327,4.018333333333326
P046+56,46.7264,56.4204,45.06556666666669,48.387233333333306,54.75956666666667,58.08123333333333,3.321666666666614,3.3216666666666614
P218+68,218.63,67.5154,216.6566666666667,220.6033333333333,65.54206666666667,69.48873333333333,3.9466666666666037,3.94666666666666
P337+16,337.676,15.671,335.59975000000003,339.75224999999995,13.594750000000003,17.747249999999998,4.152499999999934,4.152499999999994
P109+44,109.076,44.3285,107.29766666666669,110.8543333333333,42.55016666666667,46.10683333333333,3.55666666666661,3.556666666666661
P059+19,59.5467,18.8761,57.822116666666695,61.27128333333331,17.15151666666667,20.600683333333333,3.4491666666666116,3.449166666666661
P347+03,347.044,3.20099,344.99358333333333,349.09441666666663,1.1505733333333366,5.2514066666666634,4.100833333333268,4.100833333333327
P187+72,187.767,72.3627,185.7274166666667,189.8065833333333,70.32311666666668,74.40228333333333,4.079166666666602,4.07916666666666
P209+17,209.937,17.2782,208.05700000000004,211.81699999999998,15.398200000000001,19.158199999999994,3.7599999999999403,3.759999999999994
P166+35,166.853,34.6202,164.9509166666667,168.75508333333332,32.71811666666667,36.52228333333333,3.804166666666606,3.8041666666666605
P112+69,112.662,69.44,110.64408333333337,114.67991666666664,67.42208333333333,71.45791666666666,4.035833333333269,4.0358333333333265
P045+19,45.8727,18.7663,44.08020000000003,47.66519999999997,16.973800000000004,20.558799999999998,3.5849999999999427,3.584999999999994
P232+55,232.128,55.0504,230.03050000000002,234.22549999999995,52.95290000000001,57.1479,4.194999999999933,4.194999999999993
P057+34,57.1781,33.9175,55.2847666666667,59.0714333333333,32.024166666666666,35.81083333333333,3.7866666666666062,3.7866666666666604
P083+69,83.2768,69.2433,81.50513333333336,85.04846666666663,67.47163333333334,71.01496666666667,3.543333333333277,3.5433333333333277
P050+39,50.6887,38.8854,48.85453333333336,52.52286666666664,37.051233333333336,40.71956666666666,3.668333333333275,3.6683333333333272
P264+25,264.269,25.1377,262.254,266.284,23.122700000000002,27.152699999999996,4.029999999999935,4.029999999999993
P188+42,188.294,42.2618,186.12816666666671,190.4598333333333,40.09596666666667,44.42763333333333,4.331666666666598,4.33166666666666
P112+29,112.036,29.2885,110.08975000000004,113.98224999999996,27.342250000000003,31.234749999999995,3.892499999999938,3.892499999999994
P137+55,137.803,54.539,135.9771666666667,139.6288333333333,52.71316666666667,56.36483333333333,3.6516666666666087,3.6516666666666606
P032+69,32.5484,68.8459,30.590066666666697,34.5067333333333,66.88756666666667,70.80423333333333,3.9166666666666043,3.9166666666666603
P128+14,128.702,14.3297,126.62908333333337,130.77491666666663,12.256783333333338,16.402616666666663,4.145833333333267,4.145833333333327
P171+37,171.07,37.1522,169.00625000000002,173.13374999999996,35.08845,39.21595,4.127499999999934,4.127499999999993
P263+10,263.257,10.0703,261.47575000000006,265.03824999999995,8.289050000000003,11.851549999999996,3.562499999999943,3.5624999999999942
P222+73,222.173,72.549,220.47425000000004,223.87174999999996,70.85025,74.24775000000001,3.397499999999946,3.3974999999999946
P242+35,242.538,35.0366,240.51258333333337,244.56341666666665,33.011183333333335,37.062016666666665,4.0508333333332684,4.050833333333327
P231+30,231.155,29.9482,229.2154166666667,233.0945833333333,28.00861666666667,31.88778333333333,3.8791666666666047,3.87916666666666
P047+34,47.8235,33.8424,45.87850000000003,49.768499999999975,31.8974,35.78739999999999,3.889999999999938,3.8899999999999935
P234+10,234.349,9.88675,232.64900000000003,236.04899999999995,8.186750000000002,11.586749999999997,3.3999999999999457,3.3999999999999946
P309+23,309.344,22.9643,307.4019166666667,311.2860833333333,21.022216666666672,24.90638333333333,3.8841666666666046,3.8841666666666606
P351+33,351.875,33.3643,350.0541666666667,353.6958333333333,31.54346666666667,35.18513333333333,3.6416666666666084,3.641666666666661
P025+04,25.9382,3.53845,23.913616666666698,27.9627833333333,1.51386666666667,5.56303333333333,4.049166666666602,4.04916666666666
P233+35,233.056,34.9792,231.00308333333336,235.10891666666666,32.92628333333334,37.03211666666666,4.105833333333268,4.105833333333327
P235+25,235.696,24.9552,233.87100000000004,237.52099999999996,23.130200000000006,26.780199999999997,3.6499999999999417,3.649999999999994
P266+68,266.346,67.8115,264.3593333333334,268.3326666666666,65.82483333333333,69.79816666666666,3.97333333333327,3.973333333333327
P126+49,126.965,49.4576,125.0466666666667,128.8833333333333,47.53926666666667,51.37593333333333,3.8366666666666056,3.8366666666666602
P136+17,136.818,16.8867,134.79675000000003,138.83925,14.865450000000004,18.90795,4.042499999999936,4.042499999999993
P236+27,236.661,27.471,234.74558333333337,238.57641666666663,25.555583333333338,29.386416666666662,3.8308333333332723,3.8308333333333273
P336+28,336.177,28.2086,334.07450000000006,338.2795,26.106100000000005,30.311099999999996,4.204999999999933,4.204999999999993
P038+21,38.3268,21.2141,36.505966666666694,40.1476333333333,19.39326666666667,23.034933333333328,3.6416666666666084,3.641666666666661
P056+14,56.6416,13.8329,54.80826666666669,58.474933333333304,11.99956666666667,15.66623333333333,3.6666666666666083,3.6666666666666607
P085+34,85.2899,34.1289,83.32573333333337,87.25406666666663,32.16473333333334,36.093066666666665,3.9283333333332706,3.928333333333327
P233+15,233.032,14.8992,231.05450000000005,235.00949999999997,12.921700000000003,16.876699999999996,3.954999999999937,3.9549999999999934
P312+26,312.951,25.5037,310.9480833333334,314.95391666666666,23.500783333333334,27.506616666666662,4.005833333333269,4.005833333333327
P080+42,80.3606,41.623,78.2185166666667,82.50268333333331,39.480916666666666,43.76508333333333,4.284166666666598,4.28416666666666
P198+40,198.067,39.8038,196.1949166666667,199.93908333333331,37.931716666666674,41.67588333333333,3.744166666666607,3.7441666666666604
P015+03,15.5652,3.44911,13.533533333333366,17.596866666666635,1.417443333333337,5.480776666666664,4.063333333333269,4.063333333333326
P178+67,178.164,67.2989,176.26566666666668,180.0623333333333,65.40056666666668,69.19723333333333,3.796666666666606,3.7966666666666606
P154+35,154.275,34.5532,152.37250000000003,156.17749999999998,32.6507,36.45569999999999,3.8049999999999393,3.804999999999994
P342+13,342.097,13.1989,340.0611666666667,344.1328333333333,11.16306666666667,15.234733333333331,4.0716666666666015,4.07166666666666
P334+11,334.3,10.6218,332.28375000000005,336.31624999999997,8.605550000000004,12.638049999999996,4.032499999999936,4.0324999999999935
P225+87,225.659,87.4384,223.62275000000002,227.69524999999996,85.40215,89.47465,4.072499999999935,4.072499999999994
P249+20,249.006,20.0173,247.31975000000003,250.69224999999997,18.33105,21.703549999999996,3.3724999999999463,3.3724999999999947
P127+39,127.49,39.4221,125.81000000000002,129.16999999999996,37.7421,41.1021,3.3599999999999466,3.3599999999999945
P280+60,280.27,60.3853,278.3316666666667,282.20833333333326,58.44696666666667,62.32363333333333,3.8766666666666048,3.8766666666666603
P262+15,262.509,15.0855,260.47650000000004,264.5415,13.053000000000003,17.117999999999995,4.0649999999999356,4.064999999999993
P181+40,181.228,39.7151,179.10425000000004,183.35174999999998,37.591350000000006,41.838849999999994,4.247499999999932,4.247499999999993
P061+29,61.6621,28.9329,59.83210000000003,63.49209999999997,27.1029,30.7629,3.6599999999999415,3.659999999999994
P137+39,137.549,39.4803,135.8006666666667,139.2973333333333,37.73196666666667,41.22863333333333,3.496666666666611,3.496666666666661
P009+36,9.74076,36.0298,7.909510000000029,11.57200999999997,34.198550000000004,37.86105,3.6624999999999415,3.662499999999994
P000+23,0.03125,23.3953,-1.8308333333333036,1.8933333333333036,21.533216666666668,25.25738333333333,3.724166666666607,3.7241666666666604
P031+16,31.5073,16.1366,29.69188333333336,33.322716666666636,14.321183333333337,17.952016666666665,3.6308333333332756,3.6308333333333276
P029+19,29.4759,18.6295,27.59590000000003,31.35589999999997,16.749500000000005,20.509499999999996,3.7599999999999403,3.759999999999994
P107+49,107.073,49.3348,105.07508333333335,109.07091666666663,47.33688333333334,51.33271666666666,3.9958333333332696,3.995833333333327
P251+50,251.318,50.15,249.4834166666667,253.15258333333333,48.31541666666667,51.984583333333326,3.6691666666666083,3.6691666666666607
P175+27,175.484,27.1357,173.5356666666667,177.4323333333333,25.18736666666667,29.08403333333333,3.8966666666666048,3.8966666666666603
P274+73,274.519,72.8825,272.7056666666667,276.33233333333334,71.06916666666666,74.69583333333333,3.6266666666666088,3.6266666666666607
P034+16,34.2021,16.1593,32.398766666666695,36.00543333333331,14.35596666666667,17.962633333333333,3.606666666666609,3.6066666666666607
P115+42,115.058,41.8565,113.28633333333337,116.82966666666664,40.084833333333336,43.62816666666666,3.543333333333277,3.5433333333333277
P058+46,58.2555,46.4752,56.27883333333336,60.232166666666636,44.498533333333334,48.45186666666667,3.9533333333332705,3.953333333333327
P353+08,353.116,8.27438,351.02975000000004,355.20224999999994,6.188130000000005,10.360629999999997,4.172499999999934,4.172499999999993
P053+09,53.3179,8.78609,51.19915000000004,55.436649999999965,6.667340000000003,10.904839999999997,4.237499999999932,4.237499999999993
P127+32,127.661,31.8936,125.86058333333337,129.46141666666665,30.093183333333336,33.69401666666666,3.600833333333276,3.6008333333333273
P067+49,67.4491,49.0559,65.40368333333336,69.49451666666664,47.01048333333334,51.10131666666666,4.0908333333332685,4.090833333333327
P133+32,133.76,31.9292,132.0054166666667,135.5145833333333,30.174616666666672,33.68378333333333,3.509166666666611,3.509166666666661
P043+49,43.7905,48.8681,41.900916666666696,45.68008333333331,46.97851666666667,50.757683333333325,3.7791666666666064,3.7791666666666606
P156+30,156.616,29.546,154.97475000000003,158.25725,27.904750000000003,31.187249999999995,3.282499999999948,3.282499999999995
P164+67,164.755,67.2286,162.6254166666667,166.8845833333333,65.09901666666667,69.35818333333333,4.259166666666599,4.25916666666666
P033+26,33.4894,26.1937,31.569400000000034,35.40939999999997,24.2737,28.113699999999998,3.8399999999999386,3.8399999999999936
P043+21,43.8811,21.2601,42.088600000000035,45.67359999999997,19.467600000000004,23.052599999999998,3.5849999999999427,3.584999999999994
P075+49,75.3557,49.1153,73.41903333333336,77.29236666666664,47.17863333333334,51.05196666666666,3.873333333333272,3.873333333333327
P079+57,79.6114,56.6746,77.4955666666667,81.7272333333333,54.55876666666667,58.790433333333326,4.231666666666599,4.231666666666659
P229+83,229.006,82.5867,227.2901666666667,230.7218333333333,80.87086666666666,84.30253333333333,3.431666666666612,3.431666666666661
P107+34,107.201,34.2773,105.3964166666667,109.00558333333329,32.47271666666666,36.08188333333333,3.609166666666609,3.6091666666666606
P236+48,236.841,47.5504,234.88433333333336,238.79766666666666,45.59373333333334,49.50706666666667,3.913333333333271,3.913333333333327
P263+48,263.737,47.7227,261.7032500000001,265.77074999999996,45.688950000000006,49.75645,4.067499999999935,4.067499999999994
P214+45,214.576,44.9124,212.6689166666667,216.4830833333333,43.005316666666666,46.81948333333333,3.814166666666606,3.8141666666666603
P216+30,216.223,29.8628,214.16008333333338,218.28591666666665,27.799883333333337,31.925716666666663,4.125833333333268,4.125833333333326
P234+30,234.143,29.9659,232.22758333333337,236.05841666666663,28.05048333333334,31.881316666666663,3.8308333333332723,3.8308333333333273
P137+47,137.619,47.0098,135.6869166666667,139.5510833333333,45.07771666666667,48.94188333333333,3.864166666666605,3.8641666666666605
P140+60,140.594,59.5728,138.6194166666667,142.5685833333333,57.59821666666667,61.54738333333333,3.9491666666666037,3.94916666666666
P272+38,272.136,37.7418,270.1480833333334,274.1239166666667,35.753883333333334,39.72971666666666,3.97583333333327,3.975833333333327
P126+52,126.2,51.9625,124.33333333333337,128.06666666666663,50.09583333333333,53.829166666666666,3.733333333333274,3.733333333333327
P214+35,214.112,34.8709,212.2524166666667,215.97158333333329,33.011316666666666,36.73048333333333,3.7191666666666072,3.7191666666666605
P032+14,32.6591,13.6362,30.7432666666667,34.574933333333306,11.72036666666667,15.55203333333333,3.8316666666666057,3.8316666666666603
P226+42,226.84,42.4721,225.0866666666667,228.5933333333333,40.71876666666667,44.22543333333333,3.506666666666611,3.506666666666661
P241+65,241.941,65.1445,239.96475000000004,243.91724999999997,63.16825,67.12074999999999,3.952499999999937,3.9524999999999935
P014+24,14.1383,23.518,12.332883333333362,15.943716666666637,21.71258333333334,25.323416666666663,3.6108333333332756,3.6108333333333276
P275+63,275.672,62.8607,273.77450000000005,277.5695,60.96320000000001,64.7582,3.7949999999999395,3.7949999999999937
P270+83,270.249,82.8502,268.1985833333334,272.2994166666667,80.79978333333334,84.90061666666666,4.100833333333268,4.100833333333327
P195+42,195.292,42.2989,193.04033333333336,197.54366666666664,40.04723333333334,44.55056666666667,4.503333333333262,4.503333333333326
P063+52,63.4526,51.5348,61.407183333333364,65.49801666666663,49.489383333333336,53.58021666666666,4.0908333333332685,4.090833333333327
P279+30,279.03,30.2615,277.3329166666667,280.72708333333327,28.56441666666667,31.958583333333333,3.3941666666666124,3.3941666666666612
P033+01,33.6095,1.09321,30.61991666666671,36.59908333333328,-1.8963733333333286,4.082793333333329,5.979166666666571,5.979166666666657
P080+47,80.8483,46.6459,78.99246666666669,82.7041333333333,44.79006666666667,48.50173333333333,3.7116666666666074,3.7116666666666607
P286+15,286.647,15.2575,284.7149166666667,288.5790833333333,13.32541666666667,17.18958333333333,3.864166666666605,3.8641666666666605
P058+29,58.7079,28.9096,56.89873333333337,60.517066666666636,27.10043333333334,30.718766666666664,3.6183333333332754,3.6183333333333274
P193+57,193.823,57.3473,192.07008333333337,195.57591666666664,55.59438333333333,59.10021666666666,3.5058333333332774,3.5058333333333276
P040+09,40.2237,8.67939,38.146200000000036,42.301199999999966,6.601890000000003,10.756889999999997,4.154999999999934,4.154999999999993
P342+11,342.201,10.6897,340.15558333333337,344.2464166666667,8.644283333333338,12.735116666666663,4.0908333333332685,4.090833333333327
P221+45,221.891,44.9534,219.89225000000002,223.88974999999996,42.95465000000001,46.952149999999996,3.997499999999936,3.9974999999999934
P217+65,217.355,65.0004,215.44625000000002,219.26374999999996,63.09165,66.90915,3.817499999999939,3.8174999999999937
P093+37,93.3389,36.695,91.46848333333335,95.20931666666664,34.82458333333334,38.565416666666664,3.7408333333332737,3.7408333333333275
P184+40,184.594,39.7327,182.56983333333335,186.61816666666664,37.708533333333335,41.75686666666667,4.048333333333269,4.048333333333327
P070+29,70.5386,29.0009,68.6440166666667,72.4331833333333,27.10631666666667,30.89548333333333,3.789166666666606,3.7891666666666604
P229+20,229.726,19.8998,227.9539166666667,231.4980833333333,18.127716666666668,21.67188333333333,3.54416666666661,3.5441666666666607
P359+21,359.496,20.8805,357.4580833333333,361.53391666666664,18.842583333333337,22.918416666666666,4.075833333333269,4.0758333333333265
P179+70,179.685,69.8141,177.49333333333337,181.87666666666664,67.62243333333333,72.00576666666666,4.383333333333264,4.383333333333327
P331+78,331.047,78.3374,328.99825000000004,333.09575,76.28865,80.38615,4.097499999999934,4.097499999999993
P347+06,347.97,5.71924,345.91916666666674,350.0208333333333,3.66840666666667,7.770073333333331,4.101666666666602,4.10166666666666
P161+25,161.582,24.5526,159.71575,163.44824999999997,22.686350000000004,26.41885,3.7324999999999404,3.7324999999999937
P210+27,210.42,27.3211,208.2791666666667,212.56083333333328,25.18026666666667,29.46193333333333,4.281666666666599,4.28166666666666
P261+23,261.614,22.6097,259.599,263.62899999999996,20.594700000000003,24.624699999999997,4.029999999999935,4.029999999999993
P212+42,212.807,42.393,211.10241666666667,214.5115833333333,40.68841666666667,44.09758333333333,3.4091666666666125,3.409166666666661
P094+32,94.1588,31.6808,92.11838333333337,96.19921666666663,29.64038333333334,33.72121666666666,4.080833333333269,4.080833333333326
P255+40,255.491,40.1385,253.51808333333338,257.46391666666665,38.16558333333334,42.11141666666666,3.9458333333332702,3.945833333333327
P234+17,234.344,17.417,232.58525000000003,236.10274999999996,15.658250000000004,19.175749999999997,3.517499999999944,3.5174999999999943
P258+35,258.357,35.1377,256.4924166666667,260.22158333333334,33.273116666666674,37.00228333333333,3.729166666666607,3.7291666666666607
P193+80,193.067,79.8979,191.04575000000003,195.08825,77.87665000000001,81.91915,4.042499999999936,4.042499999999993
P118+32,118.516,31.8386,116.6451666666667,120.38683333333331,29.96776666666667,33.70943333333333,3.741666666666607,3.7416666666666605
P169+82,169.533,82.2683,167.81675,171.24924999999996,80.55205,83.98455,3.4324999999999455,3.4324999999999943
P237+17,237.057,17.4333,235.31033333333335,238.80366666666663,15.686633333333335,19.17996666666666,3.4933333333332777,3.493333333333328
P186+30,186.4,29.7028,184.54250000000005,188.25749999999996,27.8453,31.560299999999998,3.714999999999941,3.714999999999994
P117+57,117.451,56.9282,115.78100000000002,119.12099999999997,55.2582,58.59819999999999,3.3399999999999466,3.3399999999999945
P187+27,187.123,27.1966,185.0871666666667,189.1588333333333,25.16076666666667,29.23243333333333,4.0716666666666015,4.07166666666666
P126+29,126.883,29.3791,125.06050000000002,128.70549999999997,27.556600000000003,31.2016,3.644999999999942,3.6449999999999942
P342+31,342.129,30.7698,340.1060833333334,344.15191666666664,28.746883333333336,32.792716666666664,4.0458333333332686,4.045833333333327
P262+45,262.219,45.2026,260.24150000000003,264.19649999999996,43.2251,47.180099999999996,3.954999999999937,3.9549999999999934
P230+27,230.827,27.4363,228.8636666666667,232.7903333333333,25.472966666666668,29.39963333333333,3.926666666666604,3.92666666666666
P210+25,210.014,24.8087,208.0806666666667,211.94733333333332,22.87536666666667,26.74203333333333,3.866666666666605,3.8666666666666605
P247+33,247.001,32.5545,245.2364166666667,248.7655833333333,30.789916666666667,34.319083333333325,3.5291666666666104,3.529166666666661
P024+21,24.4485,21.0967,22.553500000000028,26.34349999999997,19.201700000000002,22.991699999999994,3.7899999999999396,3.789999999999994
P121+24,121.773,24.3286,119.71758333333337,123.82841666666663,22.27318333333334,26.384016666666664,4.110833333333268,4.110833333333327
P036+26,36.3746,26.2179,34.435433333333364,38.31376666666664,24.278733333333335,28.157066666666665,3.8783333333332717,3.878333333333327
P254+60,254.139,60.2049,252.22191666666671,256.05608333333333,58.28781666666667,62.12198333333333,3.8341666666666057,3.8341666666666603
P259+68,259.491,67.7651,257.60516666666666,261.3768333333333,65.87926666666668,69.65093333333333,3.7716666666666065,3.7716666666666607
P170+25,170.122,24.5977,168.19450000000003,172.0495,22.6702,26.525199999999998,3.8549999999999387,3.8549999999999938
P179+57,179.439,57.2719,177.6881666666667,181.1898333333333,55.52106666666667,59.022733333333335,3.501666666666611,3.501666666666661
P305+58,305.231,58.0676,303.28183333333334,307.18016666666665,56.118433333333336,60.01676666666666,3.8983333333332713,3.898333333333327
P164+32,164.291,32.0968,162.3889166666667,166.1930833333333,30.19471666666667,33.99888333333333,3.804166666666606,3.8041666666666605
P161+37,161.332,37.1008,159.32325000000003,163.34074999999996,35.09205,39.10955,4.017499999999936,4.017499999999994
P150+30,150.666,29.5138,149.0139166666667,152.3180833333333,27.86171666666667,31.16588333333333,3.304166666666614,3.3041666666666614
P250+33,250.073,32.574,248.3309166666667,251.81508333333332,30.831916666666668,34.31608333333333,3.4841666666666113,3.484166666666661
P136+57,136.462,57.0405,134.5449166666667,138.37908333333328,55.12341666666667,58.95758333333333,3.8341666666666057,3.8341666666666603
P333+26,333.041,25.6717,331.0376666666667,335.04433333333327,23.66836666666667,27.67503333333333,4.006666666666603,4.00666666666666
P241+40,241.954,40.0526,240.11858333333336,243.78941666666665,38.21718333333334,41.88801666666666,3.6708333333332748,3.670833333333327
P123+27,123.19,26.8471,121.35750000000003,125.02249999999997,25.014600000000005,28.679599999999997,3.6649999999999414,3.664999999999994
P050+51,50.9786,51.4362,49.091933333333365,52.865266666666635,49.549533333333336,53.32286666666666,3.773333333333273,3.773333333333327
P334+03,334.083,3.08932,332.0250833333334,336.14091666666667,1.0314033333333366,5.147236666666663,4.115833333333268,4.115833333333327
P048+31,48.6097,31.3389,46.768866666666696,50.4505333333333,29.49806666666667,33.17973333333333,3.681666666666608,3.681666666666661
P257+15,257.148,15.0498,255.09258333333338,259.20341666666667,12.994383333333335,17.105216666666664,4.110833333333268,4.110833333333327
P24Hetdex20,187.407,45.3324,185.32700000000006,189.48699999999997,43.2524,47.4124,4.1599999999999335,4.159999999999993
P332+56,332.435,55.7838,330.77708333333334,334.09291666666667,54.125883333333334,57.441716666666665,3.3158333333332806,3.315833333333328
P244+25,244.263,25.0077,242.38383333333337,246.14216666666664,23.128533333333337,26.886866666666663,3.7583333333332734,3.758333333333327
P267+23,267.223,22.6479,265.16675000000004,269.27925,20.59165,24.70415,4.112499999999934,4.112499999999994
P229+45,229.21,44.9957,227.11375000000004,231.30624999999998,42.89945,47.09195,4.192499999999933,4.192499999999993
P223+52,223.431,52.4906,221.28600000000006,225.57599999999996,50.345600000000005,54.6356,4.289999999999932,4.289999999999993
P210+45,210.922,44.8923,209.05908333333335,212.78491666666665,43.029383333333335,46.75521666666666,3.725833333333274,3.7258333333333273
P111+67,111.526,66.9254,109.58058333333337,113.47141666666663,64.97998333333334,68.87081666666666,3.8908333333332714,3.890833333333327
P040+29,40.9736,28.7662,39.279850000000025,42.66734999999997,27.072450000000003,30.45995,3.387499999999946,3.3874999999999944
P160+42,160.34,42.115,158.3729166666667,162.3070833333333,40.147916666666674,44.08208333333333,3.934166666666604,3.9341666666666604
P044+04,44.0934,3.69077,42.08173333333337,46.10506666666664,1.6791033333333365,5.702436666666664,4.0233333333332695,4.023333333333327
P008+13,8.69716,13.4304,6.695076666666699,10.699243333333301,11.428316666666671,15.43248333333333,4.0041666666666025,4.00416666666666
P037+11,37.564,11.1672,35.4869166666667,39.6410833333333,9.09011666666667,13.244283333333328,4.1541666666666,4.15416666666666
P339+11,339.567,10.6671,337.5311666666667,341.6028333333333,8.631266666666669,12.70293333333333,4.0716666666666015,4.07166666666666
P168+30,168.523,29.6093,166.80258333333336,170.24341666666663,27.888883333333336,31.329716666666666,3.4408333333332783,3.4408333333333276
P148+77,148.255,77.1626,146.13541666666669,150.3745833333333,75.04301666666667,79.28218333333332,4.239166666666599,4.23916666666666
P247+45,247.534,45.1068,245.5844166666667,249.48358333333329,43.15721666666667,47.05638333333333,3.8991666666666047,3.8991666666666602
P109+59,109.992,59.3904,108.2074166666667,111.7765833333333,57.60581666666667,61.17498333333333,3.56916666666661,3.569166666666661
P225+47,225.34,47.4827,223.34125000000003,227.33874999999998,45.48395000000001,49.481449999999995,3.997499999999936,3.9974999999999934
P010+01,10.3102,0.893298,7.332700000000047,13.287699999999953,-2.084201999999995,3.8707979999999953,5.954999999999905,5.95499999999999
P196+62,196.852,62.3808,194.85783333333336,198.84616666666665,60.386633333333336,64.37496666666667,3.98833333333327,3.9883333333333266
P189+82,189.081,82.3693,187.026,191.13599999999997,80.3143,84.42429999999999,4.109999999999935,4.109999999999993
P253+23,253.203,22.5542,251.24758333333338,255.15841666666662,20.598783333333337,24.509616666666666,3.910833333333271,3.910833333333327
P345+16,345.743,15.7406,343.70091666666667,347.7850833333333,13.69851666666667,17.78268333333333,4.084166666666602,4.08416666666666
P252+25,252.834,25.0619,250.89900000000003,254.76899999999998,23.126900000000006,26.996899999999997,3.8699999999999384,3.869999999999994
P330+28,330.303,28.1584,328.1821666666667,332.4238333333333,26.03756666666667,30.27923333333333,4.241666666666599,4.24166666666666
P267+75,267.259,75.3365,265.1985833333334,269.31941666666665,73.27608333333333,77.39691666666667,4.120833333333268,4.1208333333333265
P130+19,130.785,19.362,128.91875000000002,132.65124999999998,17.49575,21.228249999999996,3.7324999999999404,3.7324999999999937
P167+25,167.275,24.5827,165.36833333333337,169.18166666666664,22.676033333333336,26.489366666666662,3.8133333333332726,3.8133333333333272
P222+15,222.319,14.837,220.38358333333335,224.25441666666663,12.901583333333337,16.772416666666665,3.870833333333272,3.870833333333327
P195+30,195.339,29.7498,193.40400000000002,197.27399999999997,27.814800000000005,31.684799999999996,3.8699999999999384,3.869999999999994
P024+09,24.5157,8.5466,22.389450000000032,26.641949999999966,6.420350000000003,10.672849999999997,4.252499999999932,4.252499999999993
P095+47,95.9488,46.7517,94.0479666666667,97.84963333333332,44.85086666666667,48.65253333333333,3.801666666666606,3.8016666666666605
P328+13,328.807,13.0852,326.81908333333337,330.79491666666667,11.097283333333337,15.073116666666664,3.97583333333327,3.975833333333327
P280+68,280.098,67.909,278.1496666666667,282.04633333333334,65.96066666666668,69.85733333333333,3.8966666666666048,3.8966666666666603
P003+08,3.58035,8.36538,1.5011833333333664,5.659516666666634,6.286213333333336,10.444546666666664,4.1583333333332675,4.158333333333327
P260+65,260.472,65.2637,258.48533333333336,262.4586666666666,63.277033333333335,67.25036666666666,3.97333333333327,3.973333333333327
P265+73,265.725,72.8209,263.76250000000005,267.6875,70.8584,74.78339999999999,3.9249999999999376,3.9249999999999936
P007+21,7.80934,20.9529,5.820173333333365,9.798506666666635,18.963733333333337,22.942066666666662,3.97833333333327,3.978333333333327
P269+40,269.047,40.23,266.94366666666673,271.1503333333333,38.126666666666665,42.33333333333333,4.2066666666665995,4.20666666666666
P357+01,357.367,0.780553,354.38991666666675,360.3440833333333,-2.196530333333328,3.7576363333333287,5.954166666666572,5.954166666666657
P340+23,340.299,23.224,338.314,342.28399999999993,21.239000000000004,25.208999999999996,3.9699999999999367,3.9699999999999935
P130+52,130.403,51.9872,128.4846666666667,132.32133333333329,50.06886666666667,53.90553333333333,3.8366666666666056,3.8366666666666602
P065+44,65.7535,44.0237,63.63725000000004,67.86974999999997,41.907450000000004,46.13994999999999,4.232499999999932,4.232499999999993
P102+64,102.226,64.3574,100.26225000000004,104.18974999999996,62.39365,66.32114999999999,3.9274999999999376,3.9274999999999936
P217+70,217.42,70.0158,215.55833333333334,219.28166666666664,68.15413333333333,71.87746666666666,3.723333333333274,3.7233333333333274
P334+16,334.989,15.648,332.92691666666667,337.0510833333333,13.58591666666667,17.71008333333333,4.124166666666601,4.12416666666666
P029+09,29.7511,8.59123,27.641100000000034,31.86109999999997,6.481230000000003,10.701229999999995,4.219999999999933,4.2199999999999935
P115+59,115.081,59.4224,113.22600000000003,116.93599999999998,57.567400000000006,61.2774,3.709999999999941,3.7099999999999937
P002+28,2.64292,28.4381,0.7687533333333634,4.517086666666637,26.563933333333335,30.312266666666662,3.7483333333332736,3.7483333333333273
P231+50,231.14,50.026,229.245,233.03499999999997,48.13100000000001,51.921,3.7899999999999396,3.789999999999994
P269+43,269.045,42.7397,267.0008333333334,271.08916666666664,40.69553333333334,44.78386666666666,4.088333333333268,4.088333333333327
P23Hetdex20,185.286,47.4927,183.63808333333336,186.93391666666665,45.84478333333333,49.140616666666666,3.295833333333281,3.295833333333328
P000+36,0.142592,35.9462,-1.6890746666666374,1.9742586666666375,34.114533333333334,37.77786666666666,3.663333333333275,3.6633333333333273
P000+38,0.947275,38.4632,-1.0885583333333009,2.9831083333333006,36.42736666666667,40.49903333333333,4.0716666666666015,4.07166666666666
P000+48,0.648954,48.4996,-1.2556293333333028,2.5535373333333027,46.59501666666667,50.40418333333333,3.8091666666666057,3.8091666666666604
P001+33,1.17843,33.4453,-0.5986533333333048,2.955513333333305,31.668216666666673,35.22238333333333,3.55416666666661,3.554166666666661
P001+51,1.36617,51.0154,-0.6629966666666343,3.3953366666666343,48.98623333333334,53.04456666666666,4.058333333333269,4.0583333333333265
P003+36,3.34085,35.9741,1.5383500000000287,5.1433499999999714,34.171600000000005,37.776599999999995,3.6049999999999427,3.604999999999994
P004+49,4.55754,48.5337,2.703373333333363,6.411706666666637,46.67953333333334,50.38786666666667,3.7083333333332744,3.7083333333333273
P004+74,4.42693,73.6181,2.4781800000000307,6.375679999999969,71.66935000000001,75.56684999999999,3.897499999999938,3.8974999999999937
P005+51,5.48003,51.0513,3.389613333333367,7.5704466666666335,48.960883333333335,53.14171666666666,4.180833333333267,4.180833333333327
P008+49,8.46875,48.5677,6.661250000000029,10.27624999999997,46.760200000000005,50.3752,3.6149999999999425,3.614999999999994
P009+51,9.60388,51.0871,7.546380000000033,11.661379999999967,49.0296,53.1446,4.1149999999999345,4.114999999999993
P009+54,9.72909,53.5977,7.638673333333366,11.819506666666634,51.50728333333334,55.688116666666666,4.180833333333267,4.180833333333327
P012+49,12.3826,48.6018,10.558016666666695,14.207183333333305,46.77721666666667,50.42638333333333,3.6491666666666087,3.6491666666666607
P013+11,13.8261,10.9647,11.674850000000035,15.977349999999966,8.813450000000003,13.115949999999998,4.302499999999932,4.302499999999993
P013+51,13.7239,51.1229,11.726400000000032,15.721399999999969,49.125400000000006,53.1204,3.994999999999936,3.9949999999999934
P013+74,13.6424,73.698,11.548650000000034,15.736149999999967,71.60425,75.79175,4.187499999999933,4.187499999999993
P014+08,14.0468,8.45638,11.943883333333366,16.14971666666663,6.353463333333336,10.559296666666663,4.205833333333266,4.205833333333326
P014+13,14.0202,13.4765,12.036450000000032,16.003949999999968,11.492750000000003,15.460249999999997,3.9674999999999367,3.9674999999999936
P014+54,14.0941,53.6357,11.976600000000033,16.211599999999965,51.5182,55.7532,4.234999999999933,4.234999999999993
P016+08,16.6638,8.47904,14.554633333333365,18.772966666666633,6.369873333333336,10.588206666666663,4.218333333333266,4.218333333333327
P016+11,16.466,10.9875,14.324333333333369,18.607666666666635,8.845833333333339,13.129166666666663,4.283333333333265,4.283333333333326
P016+13,16.6822,13.4995,14.709283333333367,18.655116666666636,11.526583333333337,15.472416666666662,3.9458333333332702,3.945833333333327
P019+11,19.0998,11.0102,16.9652166666667,21.234383333333298,8.87561666666667,13.14478333333333,4.269166666666599,4.26916666666666
P022+84,22.307,83.7668,20.362416666666697,24.2515833333333,81.82221666666668,85.71138333333333,3.8891666666666045,3.8891666666666604
P023+86,23.2831,86.235,21.327683333333365,25.238516666666637,84.27958333333333,88.19041666666666,3.910833333333271,3.910833333333327
P031+61,31.8875,61.3154,29.903333333333364,33.871666666666634,59.33123333333333,63.299566666666664,3.96833333333327,3.968333333333327
P034+59,34.3008,58.8267,32.58830000000003,36.01329999999997,57.114200000000004,60.5392,3.424999999999945,3.4249999999999945
P036+64,36.9432,63.8665,34.95903333333336,38.927366666666636,61.882333333333335,65.85066666666667,3.96833333333327,3.968333333333327
P036+89,36.9305,88.6241,34.95425000000003,38.906749999999974,86.64785,90.60034999999999,3.952499999999937,3.9524999999999935
P039+66,39.5559,66.3966,37.47590000000003,41.63589999999997,64.31660000000001,68.4766,4.1599999999999335,4.159999999999993
P046+84,46.8505,83.969,45.118833333333356,48.58216666666664,82.23733333333332,85.70066666666666,3.4633333333332783,3.4633333333333276
P055+09,55.9372,8.80699,53.80970000000003,58.06469999999997,6.679490000000005,10.934489999999997,4.254999999999932,4.254999999999993
P058+06,58.2467,6.3151,56.30128333333336,60.192116666666635,4.369683333333336,8.260516666666664,3.8908333333332714,3.890833333333327
P058+09,58.5566,8.82773,56.4207666666667,60.692433333333305,6.691896666666671,10.96356333333333,4.271666666666599,4.271666666666659
P058+11,58.6779,11.3388,56.665400000000034,60.69039999999997,9.326300000000003,13.351299999999998,4.0249999999999355,4.024999999999993
P060+06,60.8511,6.3356,58.9115166666667,62.790683333333305,4.39601666666667,8.275183333333331,3.8791666666666047,3.87916666666666
P061+09,61.1762,8.84828,59.163700000000034,63.18869999999997,6.835780000000004,10.860779999999998,4.0249999999999355,4.024999999999993
P061+11,61.3181,11.3596,59.313100000000034,63.32309999999997,9.354600000000003,13.364599999999998,4.009999999999936,4.009999999999994
P063+06,63.4555,6.35591,61.52133333333337,65.38966666666664,4.421743333333336,8.290076666666664,3.868333333333272,3.868333333333327
P063+09,63.7972,8.86866,61.79220000000003,65.80219999999997,6.863660000000003,10.873659999999997,4.009999999999936,4.009999999999994
P064+04,64.8475,3.85644,62.85125000000003,66.84374999999997,1.8601900000000033,5.852689999999997,3.992499999999936,3.9924999999999935
P066+06,66.06,6.37594,64.13208333333337,67.98791666666664,4.448023333333336,8.303856666666663,3.8558333333332717,3.8558333333333272
P066+87,66.127,86.5684,64.22283333333336,68.03116666666664,84.66423333333333,88.47256666666667,3.8083333333332727,3.8083333333333274
P067+04,67.4404,3.87631,65.44623333333337,69.43456666666663,1.8821433333333368,5.870476666666663,3.98833333333327,3.9883333333333266
P083+42,83.8245,41.6479,81.7249166666667,85.9240833333333,39.54831666666667,43.74748333333333,4.1991666666666,4.19916666666666
P088+74,88.9465,74.2959,86.97233333333337,90.92066666666663,72.32173333333334,76.27006666666666,3.94833333333327,3.948333333333327
P096+14,96.6556,14.1276,94.71893333333337,98.59226666666665,12.190933333333335,16.06426666666666,3.873333333333272,3.873333333333327
P097+42,97.6935,41.7442,95.74725000000004,99.63974999999996,39.79795,43.69045,3.892499999999938,3.892499999999994
P099+14,99.3271,14.1455,97.37918333333337,101.27501666666663,12.197583333333338,16.093416666666663,3.8958333333332713,3.895833333333327
P104+14,104.664,14.1808,102.69108333333337,106.63691666666664,12.207883333333337,16.153716666666664,3.9458333333332702,3.945833333333327
P107+07,107.748,6.67039,105.90925000000003,109.58674999999998,4.831640000000004,8.509139999999997,3.6774999999999416,3.677499999999994
P107+17,107.074,16.7066,105.10108333333336,109.04691666666663,14.733683333333339,18.679516666666665,3.9458333333332702,3.945833333333327
P107+22,107.874,21.7318,105.8956666666667,109.85233333333329,19.753466666666668,23.71013333333333,3.9566666666666035,3.9566666666666603
P108+19,108.843,19.228,107.0934166666667,110.59258333333331,17.47841666666667,20.97758333333333,3.499166666666611,3.4991666666666608
P109+17,109.777,16.7241,107.79158333333336,111.76241666666664,14.738683333333336,18.709516666666662,3.97083333333327,3.970833333333327
P110+07,110.352,6.68707,108.5199166666667,112.1840833333333,4.85498666666667,8.51915333333333,3.6641666666666084,3.664166666666661
P110+09,110.977,9.20118,109.1124166666667,112.8415833333333,7.33659666666667,11.065763333333331,3.729166666666607,3.7291666666666607
P110+14,110.005,14.2153,108.00791666666669,112.0020833333333,12.218216666666669,16.212383333333328,3.994166666666603,3.99416666666666
P110+22,110.661,21.7497,108.6639166666667,112.65808333333331,19.752616666666672,23.74678333333333,3.994166666666603,3.99416666666666
P111+12,111.515,11.7149,109.65833333333336,113.37166666666664,9.858233333333336,13.571566666666664,3.7133333333332743,3.713333333333327
P111+19,111.585,19.2455,109.82208333333335,113.34791666666663,17.482583333333338,21.008416666666662,3.525833333333277,3.5258333333333276
P112+07,112.96,6.70356,111.13333333333335,114.78666666666663,4.876893333333337,8.530226666666664,3.653333333333275,3.6533333333333275
P112+14,112.676,14.2322,110.66558333333337,114.68641666666663,12.221783333333338,16.242616666666663,4.020833333333269,4.020833333333327
P112+17,112.48,16.741,110.4829166666667,114.47708333333331,14.743916666666669,18.73808333333333,3.994166666666603,3.99416666666666
P113+09,113.598,9.21773,111.74133333333336,115.45466666666664,7.361063333333336,11.074396666666663,3.7133333333332743,3.713333333333327
P114+12,114.159,11.7314,112.30983333333337,116.00816666666664,9.882233333333337,13.580566666666664,3.698333333333274,3.6983333333333275
P114+19,114.327,19.2627,112.54991666666669,116.1040833333333,17.48561666666667,21.03978333333333,3.55416666666661,3.554166666666661
P115+07,115.565,6.71986,113.74375000000002,117.38624999999998,4.898610000000003,8.541109999999996,3.642499999999942,3.642499999999994
P115+17,115.186,16.758,113.17558333333338,117.19641666666664,14.747583333333335,18.768416666666663,4.020833333333269,4.020833333333327
P116+09,116.22,9.23408,114.37083333333337,118.06916666666663,7.384913333333337,11.083246666666664,3.698333333333274,3.6983333333333275
P118+07,118.171,6.73598,116.3551666666667,119.98683333333331,4.920146666666669,8.55181333333333,3.6316666666666086,3.6316666666666606
P118+09,118.843,9.25025,117.00133333333336,120.68466666666664,7.408583333333336,11.091916666666663,3.6833333333332745,3.6833333333333274
P120+07,120.778,6.75191,118.96800000000003,122.58799999999998,4.941910000000003,8.561909999999997,3.6199999999999424,3.619999999999994
P123+07,123.385,6.76767,121.58000000000004,125.18999999999997,4.962670000000003,8.572669999999997,3.6099999999999426,3.609999999999994
P136+07,136.419,6.84398,134.64108333333337,138.19691666666665,5.066063333333337,8.621896666666665,3.555833333333277,3.5558333333333274
P137+09,137.204,9.35859,135.41358333333338,138.99441666666664,7.568173333333336,11.149006666666663,3.5808333333332762,3.5808333333333273
P137+12,137.959,11.873,136.17608333333337,139.74191666666664,10.090083333333336,13.655916666666663,3.5658333333332766,3.5658333333333276
P139+07,139.026,6.85879,137.2539166666667,140.79808333333332,5.08670666666667,8.63087333333333,3.54416666666661,3.5441666666666607
P139+09,139.827,9.37346,138.04408333333336,141.60991666666663,7.590543333333336,11.156376666666663,3.5658333333332766,3.5658333333333276
P139+17,139.524,16.902,137.5144166666667,141.5335833333333,14.892416666666671,18.911583333333333,4.019166666666603,4.01916666666666
P139+19,139.017,19.4092,137.10283333333336,140.93116666666663,17.495033333333335,21.32336666666666,3.8283333333332723,3.828333333333327
P141+07,141.633,6.87347,139.8659166666667,143.40008333333333,5.10638666666667,8.640553333333331,3.5341666666666103,3.534166666666661
P141+19,141.762,19.4247,139.8311666666667,143.6928333333333,17.493866666666673,21.35553333333333,3.861666666666605,3.8616666666666606
P141+22,141.339,21.9324,139.3844166666667,143.2935833333333,19.97781666666667,23.886983333333333,3.9091666666666045,3.9091666666666605
P142+17,142.229,16.9174,140.2331666666667,144.22483333333332,14.92156666666667,18.91323333333333,3.991666666666603,3.99166666666666
P144+19,144.507,19.44,142.56075000000004,146.45324999999997,17.493750000000006,21.386249999999997,3.892499999999938,3.892499999999994
P144+22,144.131,21.9479,142.1939166666667,146.0680833333333,20.01081666666667,23.88498333333333,3.874166666666605,3.8741666666666603
P147+17,147.641,16.9474,145.6701666666667,149.6118333333333,14.976566666666669,18.91823333333333,3.941666666666604,3.94166666666666
P155+17,155.76,16.9914,153.77708333333337,157.74291666666662,15.008483333333336,18.974316666666663,3.9658333333332703,3.9658333333333267
P158+20,158.236,19.5147,156.1014166666667,160.3705833333333,17.380116666666673,21.64928333333333,4.269166666666599,4.26916666666666
P163+20,163.729,19.5439,161.63108333333338,165.82691666666665,17.445983333333338,21.641816666666664,4.195833333333266,4.195833333333327
P166+20,166.476,19.5585,164.3914166666667,168.5605833333333,17.473916666666668,21.64308333333333,4.1691666666666,4.16916666666666
P173+05,173.86,4.53662,171.9579166666667,175.76208333333332,2.63453666666667,6.43870333333333,3.804166666666606,3.8041666666666605
P177+17,177.421,17.1058,175.36350000000002,179.47849999999997,15.048300000000001,19.163299999999996,4.1149999999999345,4.114999999999993
P196+20,196.71,19.7171,194.7729166666667,198.6470833333333,17.78001666666667,21.65418333333333,3.874166666666605,3.8741666666666603
P197+10,197.572,9.68137,195.91658333333336,199.22741666666664,8.025953333333335,11.336786666666663,3.3108333333332807,3.3108333333333277
P197+22,197.21,22.2298,195.33375000000004,199.08624999999998,20.353550000000006,24.106049999999996,3.75249999999994,3.7524999999999937
P198+12,198.835,12.1982,196.98125000000005,200.68874999999997,10.344450000000004,14.051949999999996,3.707499999999941,3.707499999999994
P198+15,198.226,14.705,196.38183333333336,200.07016666666664,12.860833333333336,16.549166666666665,3.6883333333332744,3.6883333333333272
P199+05,199.827,4.67332,197.9486666666667,201.7053333333333,2.79498666666667,6.551653333333331,3.756666666666607,3.7566666666666606
P199+07,199.012,7.17889,197.24075000000002,200.78324999999998,5.4076400000000024,8.950139999999998,3.5424999999999436,3.542499999999994
P199+17,199.095,17.2199,197.1579166666667,201.0320833333333,15.282816666666669,19.15698333333333,3.874166666666605,3.8741666666666603
P199+20,199.459,19.7317,197.53608333333338,201.38191666666663,17.808783333333338,21.654616666666662,3.845833333333272,3.845833333333327
P200+10,200.198,9.69534,198.5471666666667,201.84883333333332,8.044506666666669,11.346173333333331,3.301666666666614,3.3016666666666614
P200+15,200.902,14.7193,199.04825000000002,202.75574999999995,12.865550000000004,16.57305,3.707499999999941,3.707499999999994
P200+22,200.007,22.2447,198.14658333333338,201.86741666666663,20.38428333333334,24.105116666666664,3.720833333333274,3.7208333333333274
P201+02,201.935,2.1742,198.88000000000005,204.98999999999995,-0.8807999999999949,5.229199999999995,6.109999999999903,6.10999999999999
P201+07,201.621,7.19281,199.84600000000003,203.396,5.417810000000003,8.967809999999997,3.5499999999999434,3.549999999999994
P201+12,201.483,12.2123,199.61883333333336,203.34716666666665,10.348133333333337,14.076466666666665,3.728333333333274,3.7283333333333273
P201+17,201.805,17.2342,199.88208333333338,203.72791666666663,15.311283333333337,19.157116666666663,3.845833333333272,3.845833333333327
P202+05,202.424,4.68714,200.54858333333337,204.29941666666664,2.8117233333333367,6.562556666666664,3.7508333333332735,3.7508333333333272
P202+10,202.824,9.70939,201.1781666666667,204.46983333333333,8.06355666666667,11.355223333333331,3.291666666666614,3.291666666666661
P202+20,202.21,19.7464,200.3016666666667,204.1183333333333,17.83806666666667,21.654733333333333,3.816666666666606,3.8166666666666607
P202+22,202.804,22.2596,200.9594166666667,204.6485833333333,20.41501666666667,24.104183333333328,3.689166666666608,3.6891666666666607
P203+15,203.579,14.7337,201.71483333333336,205.44316666666666,12.869533333333337,16.597866666666665,3.728333333333274,3.7283333333333273
P204+02,204.525,2.18828,201.54833333333337,207.50166666666664,-0.7883866666666619,5.164946666666662,5.953333333333238,5.953333333333323
P204+07,204.23,7.20681,202.45083333333335,206.00916666666663,5.427643333333336,8.985976666666664,3.5583333333332767,3.5583333333333274
P204+12,204.132,12.2265,202.25825000000003,206.00574999999998,10.352750000000002,14.100249999999997,3.74749999999994,3.747499999999994
P204+17,204.515,17.2488,202.60666666666668,206.4233333333333,15.34046666666667,19.15713333333333,3.816666666666606,3.8166666666666607
P204+20,204.96,19.7612,203.06583333333336,206.85416666666666,17.867033333333335,21.655366666666662,3.788333333333273,3.7883333333333273
P205+05,205.022,4.70092,203.14950000000002,206.89449999999997,2.828420000000003,6.573419999999997,3.74499999999994,3.744999999999994
P205+10,205.453,9.72352,203.81258333333335,207.09341666666666,8.083103333333337,11.363936666666664,3.280833333333281,3.280833333333328
P206+07,206.839,7.2209,205.05608333333336,208.62191666666664,5.437983333333337,9.003816666666664,3.5658333333332766,3.5658333333333276
P206+12,206.78,12.2408,204.89625000000004,208.66374999999996,10.357050000000003,14.124549999999997,3.76749999999994,3.767499999999994
P206+15,206.255,14.7483,204.38125000000002,208.12874999999997,12.874550000000003,16.622049999999998,3.74749999999994,3.747499999999994
P207+05,207.619,4.71497,205.74858333333336,209.48941666666664,2.8445533333333364,6.585386666666664,3.7408333333332737,3.7408333333333275
P208+10,208.077,9.73774,206.44075000000004,209.71324999999996,8.101490000000004,11.373989999999997,3.272499999999948,3.2724999999999946
P209+07,209.448,7.23508,207.66133333333337,211.23466666666664,5.448413333333336,9.021746666666663,3.5733333333332764,3.5733333333333275
P209+12,209.43,12.2552,207.53625000000002,211.32375,10.361450000000003,14.148949999999997,3.7874999999999397,3.787499999999994
P210+10,210.703,9.75207,209.06050000000002,212.3455,8.109570000000001,11.394569999999998,3.2849999999999477,3.284999999999995
P212+07,212.058,7.24936,210.26675000000003,213.84924999999996,5.458110000000003,9.040609999999997,3.5824999999999427,3.5824999999999942
P214+12,214.727,12.2843,212.81200000000004,216.64199999999997,10.369300000000003,14.199299999999997,3.829999999999939,3.829999999999994
P214+15,214.286,14.792,212.38183333333336,216.19016666666664,12.887833333333337,16.696166666666663,3.8083333333332727,3.8083333333333274
P215+17,215.359,17.308,213.5069166666667,217.2110833333333,15.455916666666669,19.16008333333333,3.7041666666666075,3.704166666666661
P216+15,216.964,14.8069,215.04900000000004,218.87899999999996,12.891900000000003,16.721899999999998,3.829999999999939,3.829999999999994
P217+12,217.377,12.2991,215.4524166666667,219.30158333333333,10.374516666666668,14.22368333333333,3.8491666666666053,3.8491666666666604
P218+17,218.071,17.3231,216.2326666666667,219.9093333333333,15.484766666666669,19.16143333333333,3.676666666666608,3.6766666666666605
P219+07,219.886,7.2929,218.08350000000002,221.68849999999998,5.490400000000003,9.095399999999998,3.6049999999999427,3.604999999999994
P219+15,219.641,14.8219,217.71641666666667,221.5655833333333,12.897316666666669,16.74648333333333,3.8491666666666053,3.8491666666666604
P220+02,220.068,2.2736,217.09133333333338,223.04466666666664,-0.7030666666666616,5.250266666666661,5.953333333333238,5.953333333333323
P220+05,220.606,4.78681,218.74850000000004,222.46349999999995,2.9293100000000027,6.644309999999997,3.714999999999941,3.714999999999994
P221+10,221.21,9.81051,219.54250000000005,222.87749999999997,8.143010000000004,11.478009999999998,3.3349999999999467,3.3349999999999946
P222+07,222.496,7.30767,220.68808333333337,224.30391666666665,5.499753333333336,9.115586666666664,3.6158333333332755,3.6158333333333275
P223+05,223.204,4.80155,221.3494166666667,225.0585833333333,2.946966666666669,6.65613333333333,3.7091666666666074,3.7091666666666607
P223+10,223.837,9.82545,222.162,225.51199999999997,8.150450000000003,11.500449999999997,3.349999999999947,3.3499999999999948
P225+07,225.106,7.32258,223.2939166666667,226.9180833333333,5.51049666666667,9.13466333333333,3.624166666666609,3.6241666666666608
P230+07,230.328,7.35286,228.50675000000004,232.14924999999997,5.531610000000002,9.174109999999997,3.642499999999942,3.642499999999994
P232+07,232.935,7.36823,231.1104166666667,234.7595833333333,5.543646666666669,9.19281333333333,3.6491666666666087,3.6491666666666607
P233+05,233.595,4.86198,231.75083333333336,235.43916666666664,3.0178133333333363,6.706146666666664,3.6883333333332744,3.6883333333333272
P235+07,235.545,7.38377,233.71625000000003,237.37374999999994,5.555020000000003,9.212519999999998,3.6574999999999416,3.657499999999994
P236+05,236.192,4.87749,234.3499166666667,238.0340833333333,3.0354066666666695,6.71957333333333,3.684166666666608,3.684166666666661
P238+07,238.156,7.39948,236.32225000000003,239.98975,5.565730000000002,9.233229999999997,3.6674999999999414,3.667499999999994
P244+10,244.857,9.95079,243.12825000000004,246.58574999999996,8.222040000000003,11.679539999999996,3.457499999999945,3.4574999999999942
P246+12,246.529,12.4714,244.48400000000004,248.57399999999996,10.426400000000003,14.516399999999996,4.089999999999935,4.089999999999994
P249+12,249.18,12.4881,247.12333333333336,251.23666666666665,10.431433333333336,14.544766666666662,4.113333333333268,4.113333333333327
P260+10,260.628,10.0526,258.8546666666667,262.4013333333333,8.27926666666667,11.82593333333333,3.54666666666661,3.546666666666661
P264+05,264.773,5.06031,262.88925000000006,266.65675,3.1765600000000034,6.944059999999997,3.76749999999994,3.767499999999994
P264+08,264.263,7.56701,262.38425,266.14174999999994,5.688260000000003,9.445759999999996,3.7574999999999403,3.757499999999994
P265+15,265.19,15.1037,263.1691666666667,267.2108333333333,13.08286666666667,17.12453333333333,4.041666666666602,4.04166666666666
P266+08,266.874,7.58487,264.99025000000006,268.75775,5.701120000000003,9.468619999999996,3.76749999999994,3.767499999999994
P266+18,266.918,17.6257,265.18300000000005,268.65299999999996,15.8907,19.360699999999994,3.4699999999999447,3.4699999999999944
P267+05,267.372,5.07812,265.4836666666667,269.26033333333334,3.18978666666667,6.96645333333333,3.7766666666666064,3.7766666666666606
P267+13,267.743,12.6111,265.7221666666667,269.7638333333333,10.59026666666667,14.63193333333333,4.041666666666602,4.04166666666666
P267+15,267.872,15.1221,265.8615833333334,269.88241666666664,13.111683333333335,17.132516666666664,4.020833333333269,4.020833333333327
P268+10,268.515,10.1064,266.71750000000003,270.31249999999994,8.308900000000003,11.903899999999998,3.594999999999943,3.594999999999994
P268+78,268.149,77.8455,266.0565,270.2415,75.753,79.938,4.184999999999933,4.184999999999993
P268+80,268.859,80.3495,266.8115,270.90649999999994,78.302,82.397,4.094999999999935,4.0949999999999935
P269+18,269.634,17.6445,267.88816666666673,271.3798333333333,15.89866666666667,19.39033333333333,3.491666666666611,3.491666666666661
P270+13,270.398,12.6296,268.3875833333334,272.40841666666665,10.619183333333336,14.640016666666664,4.020833333333269,4.020833333333327
P270+15,270.553,15.1408,268.5546666666667,272.5513333333333,13.142466666666671,17.13913333333333,3.996666666666603,3.9966666666666604
P271+00,271.947,0.08957,268.96991666666673,274.9240833333333,-2.8875133333333283,3.0666533333333286,5.954166666666572,5.954166666666657
P271+10,271.145,10.1247,269.34041666666667,272.9495833333333,8.32011666666667,11.92928333333333,3.609166666666609,3.6091666666666606
P271+50,271.549,50.286,269.54275,273.55524999999994,48.27975000000001,52.292249999999996,4.012499999999936,4.012499999999993
P273+13,273.049,12.6482,271.0506666666667,275.04733333333326,10.64986666666667,14.646533333333329,3.996666666666603,3.9966666666666604
P274+53,274.645,52.8174,272.81708333333336,276.4729166666666,50.98948333333333,54.645316666666666,3.655833333333275,3.6558333333333275
P275+48,275.292,47.8031,273.28575,277.29824999999994,45.796850000000006,49.809349999999995,4.012499999999936,4.012499999999993
P275+50,275.602,50.3148,273.647,277.55699999999996,48.3598,52.2698,3.9099999999999375,3.9099999999999935
P276+45,276.93,45.3052,275.11625000000004,278.74375,43.49145,47.11895,3.627499999999942,3.627499999999994
P277+75,277.535,75.4093,275.6633333333334,279.40666666666664,73.53763333333333,77.28096666666667,3.7433333333332737,3.7433333333333274
P278+53,278.931,52.8482,277.051,280.811,50.9682,54.728199999999994,3.7599999999999403,3.759999999999994
P279+48,279.148,47.8308,277.19300000000004,281.103,45.875800000000005,49.7858,3.9099999999999375,3.9099999999999935
P279+50,279.658,50.3441,277.7238333333334,281.5921666666666,48.409933333333335,52.27826666666666,3.868333333333272,3.868333333333327
P280+45,280.612,45.3319,278.8357500000001,282.38824999999997,43.55565,47.108149999999995,3.5524999999999434,3.5524999999999944
P280+78,280.531,77.934,278.65975000000003,282.40225,76.06275,79.80525,3.74249999999994,3.742499999999994
P283+48,283.006,47.8591,281.1014166666667,284.91058333333325,45.95451666666667,49.763683333333326,3.8091666666666057,3.8091666666666604
P283+50,283.717,50.3739,281.72700000000003,285.70699999999994,48.383900000000004,52.363899999999994,3.9799999999999365,3.9799999999999933
P283+53,283.22,52.8796,281.2858333333334,285.15416666666664,50.94543333333334,54.813766666666666,3.868333333333272,3.868333333333327
P284+80,284.477,80.462,282.67158333333333,286.2824166666666,78.65658333333334,82.26741666666666,3.6108333333332756,3.6108333333333276
P287+00,287.477,0.202422,284.50033333333334,290.4536666666666,-2.774244666666662,3.1790886666666616,5.953333333333238,5.953333333333323
P287+75,287.86,75.4855,286.15375000000006,289.56624999999997,73.77925,77.19175,3.4124999999999455,3.4124999999999943
P292+73,292.203,73.0134,290.40175,294.00424999999996,71.21215000000001,74.81465,3.6024999999999427,3.6024999999999943
P293+78,293.007,78.0276,291.33825,294.67575,76.35885,79.69635000000001,3.3374999999999466,3.3374999999999946
P296+53,296.106,52.9772,293.99808333333334,298.21391666666665,50.86928333333334,55.085116666666664,4.215833333333266,4.215833333333326
P298+25,298.62,25.3891,296.72875000000005,300.51124999999996,23.497850000000003,27.280349999999995,3.78249999999994,3.782499999999994
P300+23,300.912,22.897,299.02116666666666,302.8028333333333,21.00616666666667,24.787833333333328,3.7816666666666063,3.7816666666666605
P300+28,300.975,27.9176,299.08375000000007,302.86625,26.026350000000004,29.808849999999996,3.78249999999994,3.782499999999994
P301+25,301.483,25.4116,299.56925,303.39675,23.497850000000003,27.325349999999997,3.827499999999939,3.827499999999994
P301+61,301.285,60.5452,299.45000000000005,303.12,58.71020000000001,62.380199999999995,3.6699999999999413,3.669999999999994
P303+23,303.722,22.9193,301.8145,305.62949999999995,21.011800000000004,24.826799999999995,3.814999999999939,3.8149999999999937
P303+28,303.905,27.9408,301.99125,305.81874999999997,26.027050000000003,29.854549999999996,3.827499999999939,3.827499999999994
P304+25,304.349,25.4343,302.41358333333335,306.28441666666663,23.498883333333335,27.369716666666665,3.870833333333272,3.870833333333327
P306+23,306.533,22.9417,304.6084166666667,308.45758333333333,21.01711666666667,24.86628333333333,3.8491666666666053,3.8491666666666604
P306+28,306.835,27.9644,304.89958333333334,308.7704166666666,26.028983333333336,29.899816666666666,3.870833333333272,3.870833333333327
P307+25,307.216,25.4573,305.2589166666667,309.1730833333333,23.50021666666667,27.41438333333333,3.9141666666666044,3.9141666666666604
P308+86,308.36,85.6066,306.41375000000005,310.30625,83.66035000000001,87.55284999999999,3.892499999999938,3.892499999999994
P311+05,311.56,5.41136,309.58625,313.53375,3.4376100000000034,7.385109999999997,3.947499999999937,3.9474999999999936
P311+61,311.832,60.6298,310.047,313.61699999999996,58.844800000000006,62.4148,3.569999999999943,3.569999999999994
P313+08,313.897,7.94062,311.92325,315.87075,5.966870000000004,9.914369999999996,3.947499999999937,3.9474999999999936
P313+83,313.24,83.1781,311.21500000000003,315.265,81.15310000000001,85.20309999999999,4.049999999999936,4.049999999999994
P315+63,315.628,63.1697,313.69675,317.55924999999996,61.23845,65.10095,3.8624999999999385,3.8624999999999936
P316+08,316.511,7.96208,314.53225000000003,318.48975,5.983330000000004,9.940829999999997,3.957499999999937,3.9574999999999934
P317+33,317.838,33.0738,315.8425833333334,319.83341666666666,31.078383333333335,35.06921666666666,3.9908333333332697,3.990833333333327
P317+61,317.116,60.6732,315.25600000000003,318.97599999999994,58.8132,62.5332,3.7199999999999407,3.719999999999994
P318+31,318.052,30.5657,316.0286666666667,320.07533333333333,28.54236666666667,32.58903333333333,4.046666666666602,4.04666666666666
P318+38,318.076,38.0956,316.19433333333336,319.9576666666667,36.21393333333334,39.97726666666666,3.7633333333332732,3.7633333333333274
P319+08,319.125,7.98369,317.1408333333334,321.1091666666666,5.999523333333337,9.967856666666664,3.96833333333327,3.968333333333327
P320+33,320.927,33.0995,318.9036666666667,322.95033333333333,31.07616666666667,35.12283333333333,4.046666666666602,4.04666666666666
P321+08,321.739,8.00543,319.74941666666666,323.7285833333333,6.01584666666667,9.99501333333333,3.9791666666666035,3.9791666666666603
P321+11,321.134,10.5107,319.16400000000004,323.104,8.540700000000003,12.480699999999997,3.9399999999999373,3.9399999999999937
P321+16,321.551,15.5343,319.5589166666667,323.5430833333333,13.54221666666667,17.52638333333333,3.9841666666666034,3.98416666666666
P321+18,321.301,18.0424,319.32225,323.27975,16.063650000000003,20.02115,3.957499999999937,3.9574999999999934
P321+31,321.062,30.5906,318.9365833333334,323.18741666666665,28.465183333333336,32.71601666666666,4.250833333333266,4.250833333333326
P321+46,321.235,45.6512,319.2791666666667,323.19083333333333,43.69536666666667,47.607033333333334,3.9116666666666045,3.9116666666666604
P321+48,321.706,48.1648,319.79600000000005,323.616,46.2548,50.074799999999996,3.819999999999939,3.8199999999999936
P322+43,322.09,43.1486,320.2216666666667,323.95833333333326,41.28026666666667,45.016933333333334,3.7366666666666073,3.7366666666666606
P323+11,323.77,10.5326,321.79291666666666,325.7470833333333,8.55551666666667,12.509683333333331,3.9541666666666035,3.9541666666666604
P323+13,323.495,13.0404,321.52500000000003,325.465,11.070400000000003,15.010399999999997,3.9399999999999373,3.9399999999999937
P324+08,324.353,8.02731,322.35758333333337,326.34841666666665,6.031893333333336,10.022726666666664,3.9908333333332697,3.990833333333327
P324+16,324.237,15.5568,322.23075000000006,326.24325,13.550550000000005,17.563049999999997,4.012499999999936,4.012499999999993
P324+18,324.023,18.0652,322.0309166666667,326.01508333333334,16.07311666666667,20.05728333333333,3.9841666666666034,3.98416666666666
P324+26,324.428,25.5988,322.35425000000004,326.50174999999996,23.525050000000004,27.672549999999998,4.147499999999934,4.147499999999993
P324+28,324.432,28.1088,322.3590833333334,326.50491666666665,26.035883333333334,30.181716666666663,4.145833333333267,4.145833333333327
P324+31,324.066,30.6158,321.9714166666667,326.16058333333325,28.52121666666667,32.71038333333333,4.1891666666666,4.18916666666666
P324+33,324.018,33.1253,321.9671666666667,326.06883333333326,31.074466666666673,35.17613333333333,4.101666666666602,4.10166666666666
P326+13,326.149,13.0628,324.1719166666667,328.1260833333333,11.08571666666667,15.039883333333329,3.9541666666666035,3.9541666666666604
P326+16,326.925,15.5794,324.9054166666667,328.9445833333333,13.55981666666667,17.59898333333333,4.039166666666603,4.03916666666666
P326+18,326.746,18.0881,324.73975,328.75224999999995,16.081850000000003,20.09435,4.012499999999936,4.012499999999993
P326+21,326.281,20.5942,324.18475000000007,328.37724999999995,18.497950000000003,22.69045,4.192499999999933,4.192499999999993
P329+18,329.47,18.1111,327.45041666666674,331.4895833333333,16.09151666666667,20.13068333333333,4.039166666666603,4.03916666666666
P329+21,329.047,20.6176,326.9590833333334,331.13491666666664,18.529683333333338,22.70551666666666,4.175833333333267,4.175833333333326
P340+41,340.545,40.7958,338.6416666666667,342.4483333333333,38.89246666666667,42.69913333333333,3.806666666666606,3.8066666666666604
P341+38,341.136,38.291,339.14266666666674,343.1293333333333,36.297666666666665,40.28433333333333,3.9866666666666033,3.98666666666666
P343+41,343.966,40.8253,342.02433333333335,345.90766666666667,38.883633333333336,42.76696666666666,3.8833333333332716,3.883333333333327
P343+43,343.415,43.3303,341.2816666666667,345.54833333333335,41.19696666666667,45.463633333333334,4.266666666666598,4.2666666666666595
P344+38,344.433,38.3195,342.4725833333334,346.3934166666666,36.35908333333333,40.279916666666665,3.9208333333332708,3.920833333333327
P344+86,344.312,85.9057,342.33575,346.28825,83.92945,87.88194999999999,3.952499999999937,3.9524999999999935
P346+43,346.973,43.3612,344.80425,349.14175,41.19245,45.52994999999999,4.337499999999931,4.337499999999993
P347+41,347.391,40.855,345.4101666666667,349.3718333333333,38.87416666666667,42.835833333333326,3.9616666666666034,3.9616666666666602
P356+36,356.945,35.9184,355.0816666666667,358.8083333333333,34.05506666666667,37.78173333333333,3.726666666666607,3.726666666666661
P357+38,357.645,38.4343,355.56958333333336,359.7204166666666,36.35888333333334,40.50971666666666,4.150833333333267,4.150833333333327
P358+33,358.076,33.4183,356.30391666666674,359.8480833333333,31.64621666666667,35.19038333333333,3.54416666666661,3.5441666666666607
P358+84,358.569,83.5635,356.6135833333334,360.52441666666664,81.60808333333334,85.51891666666667,3.910833333333271,3.910833333333327
P037+61,37.2871,61.3607,35.21460000000003,39.35959999999997,59.2882,63.4332,4.144999999999934,4.144999999999993
P039+59,39.3067,58.8685,37.55545000000003,41.05794999999997,57.11725,60.619749999999996,3.502499999999944,3.502499999999994
P042+61,42.6945,61.4055,40.61950000000003,44.769499999999965,59.33050000000001,63.4805,4.149999999999934,4.149999999999993
P044+59,44.3187,58.9099,42.50078333333336,46.13661666666664,57.09198333333334,60.72781666666666,3.6358333333332755,3.6358333333333275
P059+01,59.4994,1.30455,56.50481666666671,62.49398333333329,-1.6900333333333284,4.299133333333328,5.989166666666571,5.989166666666657
P059+04,59.6575,3.81601,57.65750000000003,61.65749999999997,1.8160100000000032,5.816009999999997,3.999999999999936,3.9999999999999933
P062+01,62.0885,1.3248,59.09141666666672,65.08558333333329,-1.6722833333333285,4.321883333333329,5.994166666666571,5.994166666666657
P062+04,62.2517,3.83629,60.2533666666667,64.2500333333333,1.8379566666666698,5.83462333333333,3.996666666666603,3.9966666666666604
P063+21,63.3349,21.4157,61.62573333333336,65.04406666666664,19.706533333333336,23.124866666666666,3.418333333333279,3.4183333333333277
P064+01,64.6777,1.34488,61.678533333333384,67.67686666666663,-1.6542866666666616,4.344046666666662,5.998333333333238,5.998333333333323
P065+19,65.0187,18.9188,63.31995000000002,66.71744999999997,17.220050000000004,20.617549999999998,3.397499999999946,3.3974999999999946
P065+24,65.039,23.9391,63.0444166666667,67.0335833333333,21.94451666666667,25.93368333333333,3.9891666666666032,3.98916666666666
P066+16,66.5641,16.4204,64.7620166666667,68.3661833333333,14.61831666666667,18.22248333333333,3.6041666666666092,3.6041666666666607
P066+21,66.1157,21.4371,64.39195000000004,67.83944999999997,19.713350000000005,23.160849999999996,3.447499999999945,3.4474999999999945
P067+01,67.2682,1.36477,64.26653333333337,70.26986666666662,-1.6368966666666616,4.366436666666662,6.003333333333238,6.003333333333323
P067+19,67.7553,18.9396,66.06863333333337,69.44196666666664,17.252933333333335,20.626266666666663,3.37333333333328,3.3733333333333277
P067+24,67.8701,23.9606,65.8967666666667,69.8434333333333,21.98726666666667,25.93393333333333,3.9466666666666037,3.94666666666666
P068+21,68.8969,21.4584,67.1585666666667,70.6352333333333,19.72006666666667,23.19673333333333,3.476666666666611,3.476666666666661
P068+26,68.1505,26.4729,66.19800000000002,70.10299999999997,24.520400000000002,28.425399999999996,3.9049999999999376,3.9049999999999936
P069+16,69.2665,16.441,67.45275000000002,71.08024999999996,14.627250000000002,18.254749999999994,3.627499999999942,3.627499999999994
P070+19,70.4922,18.9604,68.81803333333336,72.16636666666663,17.286233333333335,20.634566666666665,3.34833333333328,3.348333333333328
P070+24,70.7031,23.9821,68.75060000000003,72.65559999999998,22.029600000000002,25.934599999999996,3.9049999999999376,3.9049999999999936
P071+21,71.6785,21.4794,69.92475000000003,73.43224999999997,19.72565,23.233149999999995,3.507499999999944,3.5074999999999945
P071+26,71.0427,26.4947,69.1106166666667,72.97478333333329,24.56261666666667,28.426783333333333,3.864166666666605,3.8641666666666605
P077+37,77.2076,36.5803,75.1667666666667,79.2484333333333,34.53946666666667,38.62113333333333,4.081666666666601,4.08166666666666
P077+39,77.3346,39.0912,75.32918333333336,79.34001666666663,37.08578333333334,41.09661666666666,4.010833333333269,4.010833333333327
P079+09,79.5174,8.98686,77.56198333333336,81.47281666666663,7.031443333333336,10.942276666666663,3.910833333333271,3.910833333333327
P079+34,79.0368,34.0839,77.0134666666667,81.0601333333333,32.06056666666667,36.107233333333326,4.046666666666602,4.04666666666666
P080+37,80.4319,36.6041,78.42648333333337,82.43731666666663,34.59868333333334,38.609516666666664,4.010833333333269,4.010833333333327
P080+39,80.6707,39.1155,78.52695000000003,82.81444999999997,36.97175,41.259249999999994,4.287499999999931,4.287499999999993
P082+34,82.1629,34.1065,80.16998333333336,84.15581666666662,32.11358333333333,36.09941666666666,3.98583333333327,3.9858333333333267
P083+37,83.6572,36.6271,81.68678333333337,85.62761666666664,34.65668333333333,38.597516666666664,3.9408333333332703,3.9408333333333267
P093+17,93.5643,16.6166,91.65138333333337,95.47721666666664,14.703683333333334,18.529516666666662,3.8258333333332724,3.825833333333327
P095+19,95.1394,19.1375,93.45315000000002,96.82564999999997,17.45125,20.823749999999997,3.3724999999999463,3.3724999999999947
P115+14,115.346,14.249,113.32350000000004,117.36849999999997,12.226500000000003,16.271499999999996,4.044999999999935,4.044999999999994
P116+12,116.803,11.7478,114.96133333333336,118.64466666666664,9.906133333333337,13.589466666666663,3.6833333333332745,3.6833333333333274
P117+17,117.887,16.7747,115.86450000000004,119.90949999999997,14.752200000000002,18.797199999999997,4.044999999999935,4.044999999999994
P118+14,118.017,14.2654,115.98200000000003,120.05199999999996,12.230400000000003,16.300399999999996,4.0699999999999354,4.069999999999993
P119+12,119.447,11.7641,117.61283333333337,121.28116666666664,9.929933333333336,13.598266666666662,3.668333333333275,3.6683333333333272
P120+14,120.688,14.2818,118.64008333333337,122.73591666666664,12.233883333333337,16.329716666666663,4.095833333333268,4.095833333333327
P120+17,120.591,16.7913,118.55600000000003,122.62599999999996,14.756300000000003,18.826299999999996,4.0699999999999354,4.069999999999993
P124+09,124.088,9.28204,122.26133333333335,125.91466666666663,7.455373333333337,11.108706666666665,3.653333333333275,3.6533333333333275
P124+12,124.735,11.796,122.9154166666667,126.5545833333333,9.976416666666669,13.61558333333333,3.6391666666666085,3.639166666666661
P125+07,125.991,6.78325,124.19183333333336,127.79016666666664,4.984083333333336,8.582416666666663,3.598333333333276,3.5983333333333274
P126+09,126.711,9.29767,124.8914166666667,128.5305833333333,7.47808666666667,11.11725333333333,3.6391666666666085,3.639166666666661
P127+04,127.127,4.27983,125.18158333333336,129.07241666666664,2.334413333333336,6.2252466666666635,3.8908333333332714,3.890833333333327
P127+12,127.38,11.8118,125.56791666666669,129.1920833333333,9.99971666666667,13.62388333333333,3.624166666666609,3.6241666666666608
P128+07,128.598,6.79867,126.80425000000004,130.39174999999997,5.004920000000004,8.592419999999997,3.5874999999999426,3.587499999999994
P129+09,129.334,9.31314,127.5219166666667,131.1460833333333,7.5010566666666705,11.12522333333333,3.624166666666609,3.6241666666666608
P130+12,130.024,11.8273,128.21900000000002,131.82899999999998,10.022300000000001,13.632299999999997,3.6099999999999426,3.609999999999994
P131+07,131.205,6.81393,129.4166666666667,132.9933333333333,5.02559666666667,8.60226333333333,3.57666666666661,3.576666666666661
P131+09,131.957,9.32844,130.15200000000002,133.76199999999997,7.5234400000000035,11.133439999999997,3.6099999999999426,3.609999999999994
P132+12,132.669,11.8427,130.87150000000003,134.4665,10.045200000000003,13.640199999999998,3.594999999999943,3.594999999999994
P133+07,133.812,6.82903,132.0286666666667,135.59533333333331,5.04569666666667,8.612363333333331,3.56666666666661,3.5666666666666607
P134+09,134.58,9.34359,132.78250000000003,136.3775,7.546090000000004,11.141089999999998,3.594999999999943,3.594999999999994
P144+07,144.241,6.88801,142.4793333333334,146.00266666666664,5.126343333333336,8.649676666666664,3.523333333333277,3.5233333333333277
P146+07,146.848,6.90244,145.09175000000005,148.60424999999998,5.146190000000003,8.658689999999998,3.5124999999999442,3.5124999999999944
P155+09,155.571,9.46006,153.83016666666668,157.3118333333333,7.719226666666669,11.200893333333331,3.481666666666611,3.481666666666661
P155+14,155.428,14.4795,153.48175000000003,157.37424999999996,12.533250000000002,16.425749999999997,3.892499999999938,3.892499999999994
P156+12,156.479,11.9751,154.74483333333336,158.21316666666667,10.240933333333336,13.709266666666663,3.468333333333278,3.4683333333333275
P157+07,157.278,6.9591,155.543,159.01299999999998,5.2241000000000035,8.694099999999997,3.4699999999999447,3.4699999999999944
P158+04,158.283,4.45431,156.36633333333336,160.19966666666662,2.537643333333337,6.370976666666664,3.833333333333272,3.8333333333333273
P158+09,158.195,9.47415,156.46083333333334,159.92916666666665,7.7399833333333365,11.208316666666663,3.468333333333278,3.4683333333333275
P168+05,168.665,4.50937,166.75708333333336,170.57291666666663,2.6014533333333363,6.417286666666663,3.8158333333332726,3.815833333333327
P171+05,171.262,4.52301,169.35700000000003,173.16699999999997,2.6180100000000035,6.428009999999997,3.809999999999939,3.809999999999994
P173+02,173.442,2.02427,170.3503333333334,176.53366666666662,-1.0673966666666614,5.115936666666661,6.183333333333235,6.183333333333323
P176+05,176.455,4.55021,174.55458333333337,178.35541666666666,2.6497933333333363,6.450626666666663,3.800833333333273,3.800833333333327
P284+45,284.298,45.359,282.5255,286.0705,43.58650000000001,47.131499999999996,3.5449999999999435,3.544999999999994
P286+43,286.688,42.8671,284.83883333333335,288.5371666666666,41.01793333333334,44.71626666666666,3.698333333333274,3.6983333333333275
P286+48,286.866,47.8878,285.00975,288.72225,46.03155,49.744049999999994,3.712499999999941,3.712499999999994
P287+45,287.981,45.3865,286.16683333333333,289.79516666666666,43.57233333333333,47.20066666666666,3.6283333333332757,3.6283333333333276
P287+50,287.778,50.4042,285.73008333333337,289.82591666666667,48.35628333333334,52.45211666666667,4.095833333333268,4.095833333333327
P290+48,290.728,47.9169,288.91383333333334,292.5421666666667,46.10273333333333,49.73106666666666,3.6283333333332757,3.6283333333333276
P291+50,291.841,50.4349,289.7418333333334,293.94016666666664,48.33573333333334,52.53406666666666,4.198333333333267,4.198333333333326
P291+65,291.555,65.4867,289.70958333333334,293.4004166666667,63.641283333333334,67.33211666666666,3.6908333333332743,3.690833333333327
P293+68,293.906,68.0127,291.826,295.986,65.9327,70.0927,4.1599999999999335,4.159999999999993
P294+48,294.593,47.9465,292.7359166666667,296.45008333333334,46.08941666666667,49.80358333333333,3.7141666666666073,3.7141666666666606
P295+50,295.908,50.4662,293.86800000000005,297.948,48.4262,52.5062,4.079999999999935,4.079999999999993
P297+30,297.027,30.3967,295.19158333333337,298.8624166666666,28.561283333333336,32.23211666666666,3.6708333333332748,3.670833333333327
P297+66,297.805,65.535,295.8716666666667,299.7383333333333,63.60166666666667,67.46833333333333,3.866666666666605,3.8666666666666605
P298+63,298.451,63.0316,296.4243333333334,300.47766666666666,61.004933333333334,65.05826666666665,4.053333333333269,4.053333333333327
P298+76,298.24,75.5653,296.485,299.995,73.8103,77.32029999999999,3.5099999999999443,3.5099999999999945
P299+33,299.318,32.9245,297.32758333333334,301.30841666666663,30.934083333333337,34.91491666666666,3.98083333333327,3.980833333333327
P300+30,300.027,30.4201,298.1661666666667,301.8878333333333,28.559266666666673,32.28093333333333,3.721666666666607,3.7216666666666605
P300+68,300.835,68.0669,298.87666666666667,302.7933333333333,66.10856666666668,70.02523333333333,3.9166666666666043,3.9166666666666603
P302+33,302.402,32.9488,300.442,304.36199999999997,30.9888,34.90879999999999,3.9199999999999373,3.9199999999999937
P302+35,302.762,35.4616,300.8324166666667,304.6915833333333,33.532016666666664,37.39118333333333,3.859166666666605,3.85916666666666
P303+30,303.029,30.4438,301.14233333333334,304.91566666666665,28.557133333333336,32.330466666666666,3.773333333333273,3.773333333333327
P304+63,304.167,63.0768,302.0445,306.2894999999999,60.9543,65.1993,4.244999999999933,4.244999999999993
P304+66,304.066,65.5844,302.04183333333333,306.0901666666666,63.560233333333336,67.60856666666666,4.048333333333269,4.048333333333327
P305+33,305.487,32.9735,303.5574166666667,307.41658333333334,31.04391666666667,34.903083333333335,3.859166666666605,3.85916666666666
P305+35,305.941,35.4869,304.04016666666666,307.8418333333333,33.58606666666667,37.38773333333333,3.801666666666606,3.8016666666666605
P305+78,305.577,78.1264,303.71408333333335,307.43991666666665,76.26348333333334,79.98931666666667,3.725833333333274,3.7258333333333273
P306+30,306.032,30.4677,304.1186666666667,307.9453333333333,28.55436666666667,32.38103333333333,3.826666666666606,3.8266666666666604
P308+33,308.574,32.9981,306.6606666666667,310.4873333333333,31.08476666666667,34.91143333333333,3.826666666666606,3.8266666666666604
P308+76,308.678,75.6486,306.7459166666667,310.6100833333333,73.71651666666668,77.58068333333333,3.864166666666605,3.8641666666666605
P318+78,318.256,78.2298,316.23475,320.2772499999999,76.20855,80.25104999999999,4.042499999999936,4.042499999999993
P331+36,331.411,35.6977,329.3639166666667,333.4580833333333,33.650616666666664,37.74478333333333,4.0941666666666015,4.09416666666666
P333+41,333.709,40.7371,331.8810833333334,335.5369166666666,38.90918333333333,42.565016666666665,3.655833333333275,3.6558333333333275
P334+38,334.539,38.2343,332.49191666666667,336.5860833333333,36.187216666666664,40.28138333333333,4.0941666666666015,4.09416666666666
P000+66,0.98915,66.0663,-0.9133499999999697,2.8916499999999696,64.1638,67.9688,3.8049999999999393,3.804999999999994
P001+54,1.01077,53.5218,-0.9608966666666352,2.982436666666635,51.550133333333335,55.49346666666666,3.9433333333332703,3.9433333333333267
P001+76,1.82597,76.1007,0.01680333333336237,3.6351366666666376,74.29153333333333,77.90986666666667,3.6183333333332754,3.6183333333333274
P004+56,4.78487,56.064,2.6198700000000343,6.949869999999965,53.899,58.229,4.329999999999931,4.329999999999993
P005+54,5.36797,53.5598,3.3388033333333653,7.3971366666666345,51.53063333333334,55.588966666666664,4.058333333333269,4.0583333333333265
P005+71,5.11809,71.1176,2.9172566666667015,7.318923333333298,68.91676666666666,73.31843333333333,4.401666666666596,4.401666666666659
P005+81,5.81333,81.1365,3.8687466666666976,7.757913333333302,79.19191666666667,83.08108333333332,3.8891666666666045,3.8891666666666604
P007+66,7.38174,66.122,5.385490000000032,9.377989999999969,64.12575,68.11825,3.992499999999936,3.9924999999999935
P009+56,9.42562,56.1044,7.317703333333368,11.533536666666633,53.99648333333334,58.21231666666666,4.215833333333266,4.215833333333326
P009+59,9.36295,58.6131,7.327533333333365,11.398366666666634,56.57768333333334,60.648516666666666,4.070833333333268,4.070833333333327
P010+61,10.368,61.1308,8.542583333333363,12.193416666666637,59.30538333333334,62.95621666666666,3.650833333333275,3.6508333333333276
P011+69,11.0947,68.6622,9.255533333333362,12.933866666666637,66.82303333333334,70.50136666666666,3.6783333333332746,3.6783333333333275
P012+76,12.6635,76.1946,10.6614166666667,14.665583333333302,74.19251666666666,78.19668333333333,4.0041666666666025,4.00416666666666
P013+64,13.504,63.6667,11.450666666666699,15.5573333333333,61.61336666666667,65.72003333333333,4.106666666666602,4.10666666666666
P013+66,13.7884,66.1776,11.831733333333364,15.745066666666634,64.22093333333333,68.13426666666666,3.913333333333271,3.913333333333327
P013+71,13.141,71.1873,11.083500000000033,15.198499999999967,69.1298,73.24479999999998,4.1149999999999345,4.114999999999993
P014+56,14.0749,56.1447,12.023650000000032,16.126149999999967,54.093450000000004,58.195949999999996,4.102499999999934,4.102499999999993
P015+61,15.736,61.1773,13.977250000000028,17.49474999999997,59.41855,62.93605,3.517499999999944,3.5174999999999943
P018+54,18.4631,53.6733,16.27643333333337,20.649766666666633,51.48663333333334,55.85996666666666,4.373333333333264,4.373333333333326
P018+56,18.7217,56.1849,16.755450000000028,20.68794999999997,54.218650000000004,58.151149999999994,3.9324999999999375,3.9324999999999934
P019+59,19.3197,58.6994,17.42345000000003,21.21594999999997,56.80315,60.59564999999999,3.7924999999999396,3.7924999999999938
P020+66,20.2091,66.2329,18.34410000000003,22.07409999999997,64.3679,68.0979,3.7299999999999405,3.7299999999999938
P021+61,21.1119,61.2236,19.291066666666694,22.932733333333303,59.402766666666665,63.04443333333333,3.6416666666666084,3.641666666666661
P021+71,21.1926,71.2566,19.27718333333336,23.108016666666636,69.34118333333335,73.17201666666666,3.8308333333332723,3.8308333333333273
P022+54,22.836,53.7109,20.869750000000028,24.80224999999997,51.74465000000001,55.67715,3.9324999999999375,3.9324999999999934
P022+74,22.9021,73.7777,20.8437666666667,24.960433333333302,71.71936666666667,75.83603333333332,4.116666666666601,4.11666666666666
P022+81,22.8554,81.283,20.89915000000003,24.81164999999997,79.32675,83.23925,3.9124999999999375,3.9124999999999934
P023+76,23.5741,76.2884,21.419516666666702,25.7286833333333,74.13381666666666,78.44298333333333,4.309166666666598,4.30916666666666
P025+69,25.3759,68.7851,23.5213166666667,27.230483333333304,66.93051666666668,70.63968333333332,3.7091666666666074,3.7091666666666607
P026+61,26.4958,61.2696,24.59580000000003,28.39579999999997,59.3696,63.169599999999996,3.7999999999999394,3.7999999999999936
P027+54,27.2148,53.7483,25.310216666666697,29.119383333333303,51.84371666666667,55.65288333333333,3.8091666666666057,3.8091666666666604
P029+59,29.301,58.7845,27.531000000000027,31.07099999999997,57.014500000000005,60.5545,3.5399999999999436,3.5399999999999943
P031+54,31.5934,53.7854,29.74840000000003,33.43839999999997,51.940400000000004,55.6304,3.6899999999999413,3.689999999999994
P032+56,32.7024,56.3041,30.91406666666669,34.4907333333333,54.515766666666664,58.09243333333333,3.57666666666661,3.576666666666661
P034+76,34.5583,76.3812,32.61455000000004,36.50204999999997,74.43745000000001,78.32495,3.887499999999938,3.8874999999999935
P035+54,35.978,53.8223,34.189666666666696,37.76633333333331,52.03396666666667,55.610633333333325,3.57666666666661,3.576666666666661
P037+56,37.3723,56.3433,35.6377166666667,39.10688333333331,54.608716666666666,58.07788333333333,3.469166666666611,3.469166666666661
P039+69,39.736,68.9059,37.76683333333336,41.705166666666635,66.93673333333334,70.87506666666667,3.9383333333332704,3.938333333333327
P040+54,40.3664,53.8589,38.631816666666694,42.1009833333333,52.124316666666665,55.59348333333333,3.469166666666611,3.469166666666661
P040+81,40.187,81.4279,38.3149166666667,42.0590833333333,79.55581666666666,83.29998333333333,3.744166666666607,3.7441666666666604
P042+56,42.0469,56.3821,40.36190000000003,43.731899999999975,54.697100000000006,58.067099999999996,3.3699999999999464,3.3699999999999943
P044+54,44.7609,53.8951,43.075900000000026,46.44589999999997,52.210100000000004,55.580099999999995,3.3699999999999464,3.3699999999999943
P045+71,45.5201,71.4607,43.670100000000026,47.37009999999997,69.61070000000001,73.3107,3.699999999999941,3.699999999999994
P045+76,45.6162,76.4724,43.859950000000026,47.37244999999997,74.71615,78.22864999999999,3.5124999999999442,3.5124999999999944
P046+69,46.9454,68.9651,44.97665000000003,48.91414999999997,66.99635,70.93385,3.9374999999999374,3.937499999999994
P048+64,48.7248,63.9634,46.82313333333337,50.62646666666664,62.061733333333336,65.86506666666666,3.803333333333273,3.803333333333327
P050+74,50.9472,74.0108,49.21470000000003,52.679699999999976,72.2783,75.7433,3.464999999999945,3.4649999999999945
P050+79,50.4546,79.0136,48.74751666666669,52.16168333333331,77.30651666666667,80.72068333333333,3.4141666666666124,3.4141666666666612
P051+01,51.7322,1.24274,48.74428333333338,54.72011666666662,-1.7451766666666617,4.230656666666661,5.975833333333238,5.975833333333323
P051+04,51.8764,3.75411,49.87098333333336,53.88181666666663,1.7486933333333363,5.759526666666663,4.010833333333269,4.010833333333327
P052+67,52.5235,66.5023,50.6589166666667,54.3880833333333,64.63771666666668,68.36688333333333,3.729166666666607,3.7291666666666607
P053+06,53.0384,6.27366,51.0813166666667,54.995483333333304,4.31657666666667,8.23074333333333,3.9141666666666044,3.9141666666666604
P053+72,53.6864,71.5265,51.71765000000003,55.65514999999997,69.55775,73.49525,3.9374999999999374,3.937499999999994
P054+01,54.3213,1.26351,51.33088333333338,57.31171666666662,-1.7269066666666617,4.253926666666661,5.980833333333238,5.980833333333323
P054+04,54.4692,3.77491,52.465033333333366,56.473366666666635,1.7707433333333369,5.779076666666663,4.00833333333327,4.008333333333327
P054+64,54.6309,64.0108,52.80840000000003,56.45339999999997,62.188300000000005,65.8333,3.644999999999942,3.6449999999999942
P055+06,55.6425,6.29467,53.69125000000003,57.593749999999964,4.343420000000004,8.245919999999996,3.9024999999999377,3.9024999999999936
P056+01,56.9103,1.28411,53.91780000000005,59.90279999999995,-1.7083899999999952,4.276609999999995,5.984999999999904,5.9849999999999905
P056+77,56.7474,76.5615,55.026566666666696,58.4682333333333,74.84066666666666,78.28233333333333,3.441666666666612,3.441666666666661
P057+04,57.0633,3.79554,55.061216666666695,59.0653833333333,1.7934566666666698,5.7976233333333305,4.0041666666666025,4.00416666666666
P059+41,59.6058,41.4662,57.79663333333336,61.41496666666664,39.65703333333334,43.27536666666666,3.6183333333332754,3.6183333333333274
P059+67,59.0278,66.5538,57.22446666666669,60.831133333333305,64.75046666666667,68.35713333333332,3.606666666666609,3.6066666666666607
P060+39,60.6718,38.9649,58.740966666666694,62.6026333333333,37.03406666666667,40.89573333333333,3.861666666666605,3.8616666666666606
P061+36,61.1011,36.4582,59.1365166666667,63.065683333333304,34.49361666666667,38.42278333333333,3.929166666666604,3.9291666666666605
P061+72,61.8807,71.5909,59.882783333333364,63.87861666666663,69.59298333333334,73.58881666666667,3.9958333333332696,3.995833333333327
P063+31,63.774,31.4592,61.7969166666667,65.7510833333333,29.48211666666667,33.43628333333333,3.9541666666666035,3.9541666666666604
P063+34,63.419,33.9664,61.470666666666695,65.3673333333333,32.01806666666667,35.91473333333333,3.8966666666666048,3.8966666666666603
P063+41,63.0614,41.4931,61.215566666666696,64.90723333333331,39.64726666666667,43.33893333333333,3.691666666666608,3.6916666666666607
P064+59,64.4258,59.07,62.29871666666669,66.5528833333333,56.94291666666667,61.19708333333333,4.254166666666599,4.254166666666659
P064+62,64.4008,61.5787,62.37788333333337,66.42371666666664,59.55578333333334,63.60161666666666,4.0458333333332686,4.045833333333327
P064+79,64.16,79.1208,62.31375000000003,66.00624999999997,77.27455,80.96705,3.6924999999999413,3.692499999999994
P066+31,66.8091,31.4827,64.8032666666667,68.8149333333333,29.47686666666667,33.48853333333333,4.011666666666603,4.0116666666666605
P066+42,66.5184,41.5198,64.63423333333337,68.40256666666663,39.63563333333333,43.40396666666666,3.768333333333273,3.7683333333333273
P066+64,66.4728,64.1032,64.48613333333337,68.45946666666664,62.11653333333334,66.08986666666667,3.97333333333327,3.973333333333327
P067+39,67.3333,39.0162,65.33413333333336,69.33246666666663,37.01703333333334,41.01536666666666,3.9983333333332696,3.998333333333327
P068+06,68.6647,6.39593,66.74220000000003,70.58719999999997,4.473430000000003,8.318429999999996,3.844999999999939,3.8449999999999935
P069+01,69.856,1.38448,66.85183333333337,72.86016666666661,-1.619686666666662,4.388646666666662,6.008333333333238,6.008333333333324
P069+09,69.0359,8.90884,67.0475666666667,71.0242333333333,6.92050666666667,10.89717333333333,3.976666666666603,3.9766666666666604
P069+32,69.8451,31.5056,67.81010000000003,71.88009999999997,29.470600000000005,33.5406,4.0699999999999354,4.069999999999993
P069+59,69.4707,59.1085,67.28778333333337,71.65361666666662,56.925583333333336,61.29141666666666,4.3658333333332635,4.365833333333327
P069+62,69.8487,61.6202,67.9053666666667,71.7920333333333,59.67686666666667,63.563533333333325,3.8866666666666045,3.8866666666666605
P069+74,69.864,74.1579,67.86358333333337,71.86441666666664,72.15748333333333,76.15831666666666,4.0008333333332695,4.000833333333327
P070+04,70.0348,3.89604,68.0427166666667,72.0268833333333,1.90395666666667,5.88812333333333,3.9841666666666034,3.98416666666666
P070+37,70.7619,36.5324,68.69190000000003,72.83189999999996,34.4624,38.6024,4.139999999999934,4.1399999999999935
P070+39,70.6659,39.0415,68.63173333333336,72.70006666666663,37.007333333333335,41.07566666666666,4.0683333333332685,4.068333333333327
P070+72,70.1025,71.6537,67.94750000000005,72.25749999999996,69.4987,73.8087,4.309999999999931,4.309999999999993
P071+06,71.2694,6.41559,69.35273333333336,73.18606666666665,4.4989233333333365,8.332256666666664,3.833333333333272,3.8333333333333273
P071+09,71.6561,8.92864,69.67568333333335,73.63651666666664,6.9482233333333365,10.909056666666663,3.9608333333332704,3.9608333333333268
P072+01,72.4452,1.40399,69.43853333333338,75.45186666666662,-1.6026766666666619,4.410656666666662,6.013333333333238,6.013333333333324
P072+04,72.6301,3.91582,70.64010000000003,74.62009999999997,1.9258200000000034,5.905819999999997,3.9799999999999365,3.9799999999999933
P072+14,72.641,13.9563,70.80683333333337,74.47516666666664,12.122133333333338,15.790466666666664,3.668333333333275,3.6683333333333272
P072+32,72.8817,31.5285,70.81711666666669,74.9462833333333,29.46391666666667,33.59308333333333,4.129166666666601,4.12916666666666
P072+64,72.4091,64.148,70.32243333333336,74.49576666666663,62.06133333333333,66.23466666666666,4.173333333333267,4.173333333333327
P073+06,73.8742,6.43508,71.96295000000003,75.78544999999997,4.523830000000004,8.346329999999996,3.822499999999939,3.8224999999999936
P073+19,73.2322,18.9809,71.56928333333336,74.89511666666665,17.317983333333334,20.643816666666662,3.3258333333332804,3.325833333333328
P073+24,73.5366,24.0034,71.60451666666671,75.4686833333333,22.071316666666668,25.93548333333333,3.864166666666605,3.8641666666666605
P073+27,73.9354,26.5164,71.9958166666667,75.8749833333333,24.57681666666667,28.455983333333332,3.8791666666666047,3.87916666666666
P073+29,73.4987,29.0231,71.58203333333336,75.41536666666664,27.106433333333335,30.939766666666664,3.833333333333272,3.8333333333333273
P073+37,73.9843,36.5565,71.90763333333337,76.06096666666664,34.47983333333334,38.63316666666666,4.153333333333267,4.153333333333326
P074+11,74.5216,11.4602,72.5570166666667,76.48618333333332,9.49561666666667,13.42478333333333,3.929166666666604,3.9291666666666605
P074+16,74.6613,16.4815,72.82713333333336,76.49546666666663,14.647333333333338,18.315666666666665,3.668333333333275,3.6683333333333272
P074+22,74.4604,21.5002,72.6908166666667,76.22998333333331,19.73061666666667,23.26978333333333,3.53916666666661,3.539166666666661
P074+59,74.514,59.1463,72.54483333333336,76.48316666666663,57.17713333333333,61.11546666666666,3.9383333333332704,3.938333333333327
P075+32,75.9192,31.551,73.82420000000003,78.01419999999997,29.456000000000003,33.645999999999994,4.189999999999933,4.189999999999993
P075+34,75.9115,34.0609,73.85983333333337,77.96316666666664,32.009233333333334,36.11256666666666,4.103333333333268,4.103333333333326
P075+62,75.2987,61.6609,73.42995000000002,77.16744999999997,59.79215,63.52965,3.7374999999999403,3.737499999999994
P076+09,76.8968,8.96766,74.93221666666669,78.86138333333331,7.00307666666667,10.93224333333333,3.929166666666604,3.9291666666666605
P077+01,77.6237,1.44243,74.61203333333339,80.63536666666661,-1.5692366666666617,4.454096666666662,6.0233333333332375,6.023333333333324
P077+04,77.8184,3.95407,75.83215000000003,79.80464999999997,1.9678200000000035,5.940319999999997,3.9724999999999366,3.9724999999999935
P077+11,77.166,11.4798,75.21058333333336,79.12141666666663,9.524383333333336,13.435216666666662,3.910833333333271,3.910833333333327
P078+32,78.9573,31.5735,76.83188333333337,81.08271666666664,29.448083333333336,33.69891666666666,4.250833333333266,4.250833333333326
P079+06,79.0842,6.47353,77.1846166666667,80.98378333333329,4.57394666666667,8.37311333333333,3.799166666666606,3.7991666666666606
P079+11,79.8055,11.4991,77.85716666666669,81.7538333333333,9.55076666666667,13.447433333333331,3.8966666666666048,3.8966666666666603
P079+74,79.384,74.2281,77.22983333333337,81.53816666666663,72.07393333333333,76.38226666666667,4.308333333333264,4.3083333333333265
P080+01,80.213,1.46135,77.19883333333337,83.22716666666662,-1.5528166666666618,4.475516666666662,6.028333333333237,6.0283333333333236
P080+04,80.4131,3.97301,78.42893333333336,82.39726666666664,1.9888433333333364,5.957176666666664,3.96833333333327,3.968333333333327
P081+06,81.6894,6.49245,79.79523333333337,83.58356666666664,4.598283333333336,8.386616666666663,3.788333333333273,3.7883333333333273
P081+32,81.9994,31.5954,79.84398333333336,84.15481666666663,29.439983333333338,33.750816666666665,4.310833333333265,4.310833333333326
P082+01,82.8023,1.48008,79.78563333333338,85.81896666666663,-1.5365866666666617,4.496746666666661,6.033333333333237,6.0333333333333234
P082+09,82.1382,9.00604,80.18986666666669,84.0865333333333,7.05770666666667,10.954373333333331,3.8966666666666048,3.8966666666666603
P083+04,83.0078,3.99176,81.0257166666667,84.98988333333331,2.00967666666667,5.97384333333333,3.9641666666666033,3.96416666666666
P084+39,84.008,39.1397,81.86591666666669,86.1500833333333,36.997616666666666,41.28178333333333,4.284166666666598,4.28416666666666
P085+29,85.3455,29.1094,83.23175000000003,87.45924999999997,26.995650000000005,31.223149999999997,4.2274999999999325,4.227499999999993
P085+32,85.0358,31.6172,82.8712166666667,87.20038333333329,29.45261666666667,33.78178333333333,4.329166666666597,4.3291666666666595
P086+37,86.8849,36.6501,84.9478166666667,88.8219833333333,34.713016666666675,38.58718333333333,3.874166666666605,3.8741666666666603
P087+39,87.3464,39.1631,85.24473333333337,89.44806666666663,37.06143333333333,41.26476666666667,4.2033333333332665,4.203333333333327
P087+42,87.2898,41.6725,85.22813333333336,89.35146666666664,39.61083333333334,43.73416666666666,4.123333333333267,4.123333333333327
P088+29,88.3125,29.1303,86.2254166666667,90.3995833333333,27.04321666666667,31.217383333333327,4.1741666666666,4.17416666666666
P088+34,88.4177,34.151,86.48145000000002,90.35394999999997,32.21475000000001,36.08725,3.8724999999999383,3.872499999999994
P090+17,90.8631,16.598,88.96143333333336,92.76476666666665,14.696333333333335,18.499666666666663,3.803333333333273,3.803333333333327
P090+37,90.1107,36.6727,88.20778333333335,92.01361666666664,34.769783333333336,38.57561666666666,3.805833333333273,3.805833333333327
P090+42,90.7564,41.6968,88.67140000000003,92.84139999999996,39.61180000000001,43.7818,4.169999999999933,4.169999999999993
P091+14,91.3175,14.091,89.40458333333336,93.23041666666663,12.178083333333335,16.00391666666666,3.8258333333332724,3.825833333333327
P091+29,91.2726,29.151,89.20885000000003,93.33634999999997,27.087250000000004,31.214749999999995,4.127499999999934,4.127499999999993
P091+32,91.1171,31.6599,89.10501666666669,93.1291833333333,29.64781666666667,33.67198333333333,4.024166666666603,4.02416666666666
P091+34,91.5463,34.1728,89.6379666666667,93.4546333333333,32.26446666666667,36.081133333333334,3.816666666666606,3.8166666666666607
P092+19,92.3995,19.1187,90.72408333333337,94.07491666666664,17.443283333333337,20.794116666666664,3.35083333333328,3.350833333333328
P093+14,93.9865,14.1094,92.06150000000004,95.91149999999998,12.184400000000004,16.034399999999998,3.849999999999939,3.849999999999994
P093+22,93.9454,21.6394,92.05873333333336,95.83206666666665,19.752733333333335,23.52606666666666,3.773333333333273,3.773333333333327
P094+29,94.237,29.1715,92.15408333333336,96.31991666666663,27.08858333333334,31.254416666666664,4.165833333333267,4.165833333333326
P094+34,94.6757,34.1942,92.7948666666667,96.5565333333333,32.313366666666674,36.07503333333333,3.7616666666666068,3.7616666666666605
P094+42,94.2243,41.7206,92.24013333333336,96.20846666666664,39.73643333333333,43.704766666666664,3.96833333333327,3.968333333333327
P095+12,95.6568,11.6107,93.7547166666667,97.55888333333331,9.70861666666667,13.51278333333333,3.804166666666606,3.8041666666666605
P096+17,96.2659,16.635,94.34090000000003,98.19089999999997,14.710000000000004,18.56,3.849999999999939,3.849999999999994
P096+22,96.7304,21.6583,94.8258166666667,98.63498333333331,19.75371666666667,23.562883333333332,3.8091666666666057,3.8091666666666604
P096+37,96.568,36.717,94.72966666666669,98.40633333333331,34.87866666666667,38.55533333333333,3.676666666666608,3.6766666666666605
P097+07,97.3223,6.60166,95.46188333333336,99.18271666666664,4.741243333333336,8.462076666666663,3.720833333333274,3.7208333333333274
P097+09,97.8655,9.11548,95.96341666666669,99.7675833333333,7.21339666666667,11.01756333333333,3.804166666666606,3.8041666666666605
P097+19,97.883,19.156,96.18508333333335,99.58091666666664,17.458083333333335,20.853916666666663,3.3958333333332793,3.3958333333333277
P097+29,97.2021,29.1915,95.10710000000003,99.29709999999997,27.096500000000006,31.286499999999997,4.189999999999933,4.189999999999993
P097+32,97.2012,31.7015,95.1491166666667,99.2532833333333,29.64941666666667,33.75358333333333,4.104166666666601,4.10416666666666
P098+02,98.3386,1.58813,95.30568333333338,101.37151666666662,-1.4447866666666616,4.621046666666661,6.065833333333237,6.065833333333323
P098+04,98.5774,4.09993,96.6078166666667,100.5469833333333,2.1303466666666697,6.0695133333333295,3.939166666666604,3.9391666666666603
P098+12,98.2994,11.6285,96.4048166666667,100.1939833333333,9.733916666666671,13.52308333333333,3.789166666666606,3.7891666666666604
P098+17,98.9676,16.6532,97.03093333333337,100.90426666666664,14.716533333333334,18.589866666666662,3.873333333333272,3.873333333333327
P099+37,99.7981,36.7387,97.99060000000003,101.60559999999998,34.931200000000004,38.5462,3.6149999999999425,3.614999999999994
P100+02,100.928,1.60543,97.89258333333338,103.96341666666662,-1.4299866666666616,4.640846666666661,6.070833333333237,6.070833333333323
P100+09,100.487,9.13303,98.5924166666667,102.3815833333333,7.23844666666667,11.02761333333333,3.789166666666606,3.7891666666666604
P100+12,100.942,11.6462,99.05491666666668,102.8290833333333,9.75911666666667,13.53328333333333,3.7741666666666065,3.7741666666666607
P100+34,100.937,34.2364,99.10908333333336,102.76491666666664,32.408483333333336,36.06431666666667,3.655833333333275,3.6558333333333275
P101+04,101.173,4.11749,99.20550000000003,103.14049999999997,2.1499900000000034,6.084989999999997,3.9349999999999374,3.9349999999999934
P101+14,101.995,14.1633,100.03458333333337,103.95541666666664,12.202883333333336,16.123716666666663,3.9208333333332708,3.920833333333327
P101+17,101.67,16.6712,99.72208333333337,103.61791666666663,14.723283333333335,18.619116666666663,3.8958333333332713,3.895833333333327
P101+24,101.897,24.2029,99.97408333333337,103.81991666666664,22.279983333333337,26.125816666666662,3.845833333333272,3.845833333333327
P102+07,102.534,6.63643,100.68483333333337,104.38316666666664,4.787263333333336,8.485596666666664,3.698333333333274,3.6983333333333275
P102+22,102.302,21.6955,100.3611666666667,104.24283333333331,19.75466666666667,23.63633333333333,3.8816666666666046,3.88166666666666
P102+27,102.891,26.7196,100.9001666666667,104.8818333333333,24.72876666666667,28.71043333333333,3.9816666666666034,3.9816666666666602
P103+12,103.585,11.6639,101.7054166666667,105.4645833333333,9.784316666666669,13.54348333333333,3.759166666666607,3.7591666666666606
P103+19,103.361,19.1925,101.6376666666667,105.0843333333333,17.46916666666667,20.915833333333328,3.4466666666666117,3.446666666666661
P103+29,103.134,29.231,100.9831666666667,105.2848333333333,27.08016666666667,31.381833333333333,4.301666666666598,4.30166666666666
P103+32,103.288,31.742,101.28966666666669,105.2863333333333,29.74366666666667,33.74033333333333,3.996666666666603,3.9966666666666604
P104+17,104.372,16.689,102.41158333333337,106.33241666666663,14.728583333333336,18.649416666666664,3.9208333333332708,3.920833333333327
P105+07,105.14,6.65351,103.2966666666667,106.9833333333333,4.81017666666667,8.49684333333333,3.686666666666608,3.6866666666666608
P105+09,105.731,9.16758,103.8514166666667,107.6105833333333,7.287996666666669,11.04716333333333,3.759166666666607,3.7591666666666606
P106+02,106.107,1.63943,103.06533333333338,109.14866666666661,-1.4022366666666617,4.681096666666662,6.083333333333236,6.083333333333323
P106+04,106.363,4.15128,104.40008333333337,108.32591666666663,2.1883633333333363,6.114196666666663,3.9258333333332707,3.925833333333327
P106+12,106.229,11.6809,104.35775000000002,108.10024999999997,9.809650000000003,13.552149999999996,3.74249999999994,3.742499999999994
P106+19,106.102,19.2103,104.36658333333337,107.83741666666664,17.474883333333338,20.945716666666662,3.470833333333278,3.470833333333328
P107+14,107.334,14.1981,105.34858333333337,109.31941666666664,12.212683333333336,16.183516666666662,3.97083333333327,3.970833333333327
P108+02,108.697,1.65634,105.65283333333339,111.74116666666662,-1.3878266666666617,4.700506666666661,6.088333333333236,6.088333333333323
P108+04,108.962,4.168,107.00283333333337,110.92116666666664,2.2088333333333368,6.127166666666664,3.918333333333271,3.918333333333327
P108+09,108.353,9.18453,106.48175000000002,110.22424999999997,7.313280000000003,11.055779999999997,3.74249999999994,3.742499999999994
P108+12,108.872,11.6979,107.0074166666667,110.7365833333333,9.83331666666667,13.562483333333331,3.729166666666607,3.7291666666666607
P111+02,111.286,1.67264,108.23850000000004,114.33349999999996,-1.374859999999995,4.720139999999995,6.094999999999903,6.09499999999999
P111+04,111.554,4.18453,109.59525000000004,113.51274999999997,2.225780000000003,6.143279999999996,3.9174999999999374,3.9174999999999938
P113+02,113.876,1.68896,110.82558333333338,116.92641666666663,-1.3614566666666617,4.7393766666666615,6.100833333333236,6.100833333333323
P114+04,114.149,4.20086,112.19275000000003,116.10524999999997,2.244610000000003,6.157109999999996,3.9124999999999375,3.9124999999999934
P116+02,116.465,1.7051,113.41166666666672,119.51833333333329,-1.3482333333333283,4.758433333333328,6.10666666666657,6.106666666666657
P116+04,116.745,4.21701,114.79083333333337,118.69916666666664,2.2628433333333366,6.171176666666664,3.908333333333271,3.908333333333327
P119+02,119.055,1.72105,115.99833333333339,122.11166666666662,-1.3356166666666618,4.777716666666661,6.113333333333236,6.1133333333333235
P119+04,119.34,4.23298,117.3879166666667,121.29208333333331,2.2808966666666706,6.18506333333333,3.9041666666666046,3.90416666666666
P121+02,121.645,1.73682,118.58541666666672,124.70458333333328,-1.3227633333333284,4.796403333333329,6.119166666666569,6.119166666666657
P121+04,121.936,4.24877,119.9864166666667,123.88558333333332,2.29918666666667,6.198353333333331,3.8991666666666047,3.8991666666666602
P124+02,124.234,1.75242,121.17108333333337,127.29691666666662,-1.3104966666666618,4.815336666666662,6.125833333333236,6.125833333333324
P124+04,124.531,4.26438,122.58350000000004,126.47849999999997,2.316880000000003,6.211879999999997,3.894999999999938,3.894999999999994
P126+02,126.824,1.76785,123.75816666666671,129.88983333333329,-1.2979833333333286,4.833683333333329,6.131666666666569,6.131666666666657
P129+02,129.414,1.78312,126.34483333333337,132.4831666666666,-1.2860466666666615,4.852286666666662,6.138333333333235,6.138333333333323
P129+04,129.723,4.29511,127.78050000000005,131.66549999999998,2.3526100000000034,6.2376099999999965,3.884999999999938,3.8849999999999936
P132+02,132.003,1.79823,128.93008333333336,135.07591666666661,-1.2746866666666616,4.871146666666662,6.145833333333235,6.145833333333323
P132+04,132.319,4.31024,130.37858333333335,134.25941666666662,2.3698233333333367,6.250656666666664,3.8808333333332716,3.880833333333327
P134+02,134.593,1.81319,131.5171666666667,137.66883333333328,-1.2626433333333282,4.889023333333329,6.151666666666569,6.151666666666657
P134+04,134.915,4.32521,132.9766666666667,136.8533333333333,2.3868766666666703,6.26354333333333,3.8766666666666048,3.8766666666666603
P137+02,137.183,1.828,134.10383333333337,140.26216666666662,-1.2511666666666617,4.907166666666662,6.1583333333332355,6.1583333333333234
P137+04,137.51,4.34004,135.57375000000002,139.44624999999996,2.4037900000000034,6.276289999999997,3.8724999999999383,3.872499999999994
P139+02,139.773,1.84267,136.69050000000004,142.85549999999995,-1.239829999999995,4.925169999999995,6.1649999999999014,6.16499999999999
P140+04,140.106,4.35479,138.17058333333335,142.04141666666663,2.419373333333337,6.290206666666664,3.870833333333272,3.870833333333327
P140+12,140.607,11.888,138.83200000000002,142.38199999999998,10.113000000000003,13.662999999999997,3.5499999999999434,3.549999999999994
P142+02,142.366,1.85721,139.28016666666673,145.4518333333333,-1.228623333333328,4.943043333333328,6.171666666666568,6.171666666666656
P142+04,142.702,4.36929,140.77075000000002,144.63324999999998,2.4380400000000035,6.300539999999997,3.8624999999999385,3.8624999999999936
P142+09,142.451,9.38818,140.67600000000002,144.22599999999997,7.613180000000003,11.163179999999997,3.5499999999999434,3.549999999999994
P142+14,142.066,14.4062,140.0564166666667,144.0755833333333,12.39661666666667,16.41578333333333,4.019166666666603,4.01916666666666
P143+12,143.25,11.9028,141.48125000000002,145.01874999999998,10.134050000000002,13.671549999999996,3.5374999999999437,3.5374999999999943
P144+02,144.952,1.87163,141.86200000000005,148.04199999999994,-1.218369999999995,4.961629999999995,6.179999999999901,6.17999999999999
P144+14,144.735,14.4212,142.7391666666667,146.73083333333332,12.42536666666667,16.41703333333333,3.991666666666603,3.99166666666666
P145+04,145.298,4.38372,143.36883333333336,147.22716666666665,2.4545533333333367,6.312886666666664,3.8583333333332717,3.858333333333327
P145+09,145.075,9.40292,143.30625,146.84374999999997,7.634170000000003,11.171669999999997,3.5374999999999437,3.5374999999999943
P145+12,145.895,11.9174,144.13291666666672,147.6570833333333,10.15531666666667,13.679483333333332,3.5241666666666105,3.524166666666661
P147+02,147.542,1.88593,144.44866666666672,150.63533333333328,-1.2074033333333283,4.9792633333333285,6.186666666666568,6.186666666666657
P147+04,147.895,4.39804,145.96833333333336,149.82166666666666,2.4713733333333363,6.324706666666664,3.8533333333332718,3.8533333333333273
P147+09,147.699,9.41726,145.93691666666672,149.4610833333333,7.65517666666667,11.179343333333332,3.5241666666666105,3.524166666666661
P147+14,147.408,14.4359,145.4246666666667,149.39133333333328,12.45256666666667,16.41923333333333,3.9666666666666033,3.96666666666666
P148+12,148.541,11.932,146.7864166666667,150.2955833333333,10.17741666666667,13.686583333333331,3.509166666666611,3.509166666666661
P149+07,149.455,6.91675,147.7041666666667,151.20583333333332,5.16591666666667,8.667583333333331,3.501666666666611,3.501666666666661
P149+19,149.998,19.4702,148.0184166666667,151.97758333333329,17.490616666666668,21.44978333333333,3.9591666666666034,3.9591666666666603
P150+02,150.132,1.90012,147.03450000000007,153.22949999999994,-1.1973799999999948,4.997619999999995,6.194999999999902,6.19499999999999
P150+04,150.491,4.41225,148.5668333333334,152.41516666666664,2.4880833333333365,6.336416666666664,3.848333333333272,3.848333333333327
P150+09,150.322,9.43163,148.5674166666667,152.0765833333333,7.677046666666669,11.186213333333331,3.509166666666611,3.509166666666661
P150+14,150.081,14.4505,148.1101666666667,152.0518333333333,12.47966666666667,16.42133333333333,3.941666666666604,3.94166666666666
P150+17,150.347,16.9621,148.3874166666667,152.30658333333332,15.002516666666668,18.92168333333333,3.9191666666666043,3.9191666666666602
P151+12,151.187,11.9465,149.43908333333337,152.93491666666665,10.198583333333337,13.694416666666664,3.4958333333332776,3.495833333333328
P152+02,152.722,1.91421,149.62116666666674,155.82283333333328,-1.1866233333333283,5.015043333333328,6.201666666666568,6.2016666666666564
P152+07,152.066,6.93096,150.3189166666667,153.8130833333333,5.183876666666669,8.67804333333333,3.494166666666611,3.494166666666661
P152+09,152.947,9.44589,151.19908333333336,154.69491666666664,7.697973333333336,11.193806666666664,3.4958333333332776,3.495833333333328
P152+14,152.757,14.4651,150.7974166666667,154.71658333333332,12.505516666666669,16.42468333333333,3.9191666666666043,3.9191666666666602
P152+19,152.744,19.4851,150.5731666666667,154.9148333333333,17.31426666666667,21.65593333333333,4.3416666666665975,4.34166666666666
P152+22,152.503,21.9939,150.5234166666667,154.48258333333328,20.01431666666667,23.97348333333333,3.9591666666666034,3.9591666666666603
P153+04,153.087,4.42636,151.1649166666667,155.00908333333328,2.5042766666666694,6.34844333333333,3.8441666666666054,3.8441666666666605
P153+12,153.833,11.9608,152.09216666666669,155.5738333333333,10.21996666666667,13.701633333333332,3.481666666666611,3.481666666666661
P153+17,153.054,16.9768,151.08608333333336,155.02191666666664,15.008883333333337,18.944716666666665,3.9358333333332705,3.935833333333327
P154+07,154.671,6.94507,152.93058333333335,156.41141666666664,5.2046533333333365,8.685486666666664,3.480833333333278,3.4808333333333277
P155+02,155.312,1.92821,152.20783333333338,158.41616666666664,-1.1759566666666617,5.032376666666662,6.2083333333332344,6.208333333333323
P155+04,155.683,4.44038,153.7634166666667,157.60258333333329,2.52079666666667,6.35996333333333,3.8391666666666056,3.8391666666666606
P155+19,155.49,19.5,153.33708333333337,157.64291666666665,17.347083333333337,21.652916666666663,4.305833333333265,4.305833333333326
P155+22,155.295,22.009,153.29833333333335,157.29166666666663,20.012333333333338,24.005666666666663,3.9933333333332697,3.993333333333327
P157+02,157.902,1.94212,154.79408333333336,161.0099166666666,-1.1657966666666617,5.050036666666662,6.215833333333234,6.2158333333333236
P158+14,158.101,14.4939,156.16725000000002,160.03474999999997,12.560150000000004,16.427649999999996,3.8674999999999384,3.8674999999999935
P158+17,158.471,17.0059,156.4751666666667,160.4668333333333,15.01006666666667,19.00173333333333,3.991666666666603,3.99166666666666
P159+07,159.886,6.97304,158.15600000000003,161.61599999999996,5.243040000000003,8.703039999999998,3.459999999999945,3.459999999999994
P159+12,159.125,11.9892,157.3979166666667,160.8520833333333,10.26211666666667,13.716283333333331,3.4541666666666115,3.454166666666661
P160+02,160.494,1.95595,157.38483333333338,163.60316666666662,-1.1532166666666614,5.065116666666661,6.218333333333234,6.218333333333323
P160+04,160.876,4.46817,158.96100000000004,162.79099999999997,2.553170000000003,6.383169999999996,3.829999999999939,3.829999999999994
P160+09,160.819,9.48815,159.0919166666667,162.54608333333329,7.761066666666669,11.21523333333333,3.4541666666666115,3.454166666666661
P160+15,160.777,14.5081,158.8561666666667,162.69783333333328,12.58726666666667,16.42893333333333,3.8416666666666055,3.8416666666666606
P161+12,161.771,12.0033,160.0451666666667,163.49683333333329,10.277466666666669,13.72913333333333,3.4516666666666116,3.451666666666661
P161+17,161.174,17.0203,159.16150000000005,163.18649999999997,15.007800000000003,19.032799999999995,4.0249999999999355,4.024999999999993
P162+07,162.494,6.98692,160.76900000000003,164.21899999999997,5.261920000000003,8.711919999999997,3.449999999999945,3.4499999999999944
P163+02,163.082,1.96972,159.97908333333336,166.18491666666662,-1.1331966666666615,5.072636666666662,6.205833333333234,6.205833333333323
P163+04,163.472,4.48206,161.55950000000004,165.38449999999997,2.5695600000000027,6.394559999999997,3.824999999999939,3.824999999999994
P163+10,163.444,9.50209,161.72316666666669,165.1648333333333,7.78125666666667,11.22292333333333,3.441666666666612,3.441666666666661
P163+15,163.449,14.5223,161.5394166666667,165.3585833333333,12.61271666666667,16.43188333333333,3.819166666666606,3.8191666666666606
P163+17,163.881,17.0347,161.85308333333336,165.90891666666664,15.006783333333338,19.062616666666663,4.055833333333268,4.055833333333327
P164+12,164.418,12.0174,162.68383333333335,166.15216666666666,10.283233333333337,13.751566666666664,3.468333333333278,3.4683333333333275
P165+02,165.672,1.98342,162.57033333333337,168.77366666666663,-1.1182466666666617,5.085086666666662,6.203333333333235,6.203333333333323
P165+07,165.102,7.00073,163.3799166666667,166.8240833333333,5.27864666666667,8.722813333333331,3.4441666666666118,3.444166666666661
P166+04,166.069,4.49569,164.15900000000002,167.97899999999996,2.585690000000003,6.405689999999996,3.819999999999939,3.8199999999999936
P166+10,166.068,9.51597,164.35300000000004,167.783,7.800970000000002,11.230969999999996,3.4299999999999455,3.4299999999999944
P166+15,166.123,14.5365,164.2255,168.02049999999997,12.639000000000003,16.433999999999997,3.7949999999999395,3.7949999999999937
P166+17,166.589,17.049,164.54650000000004,168.63149999999996,15.006500000000003,19.091499999999996,4.084999999999935,4.084999999999994
P167+07,167.71,7.01449,165.9841666666667,169.4358333333333,5.28865666666667,8.74032333333333,3.4516666666666116,3.451666666666661
P167+12,167.064,12.0313,165.32108333333335,168.80691666666664,10.288383333333336,13.774216666666664,3.485833333333278,3.4858333333333276
P168+02,168.262,1.99708,165.16366666666673,171.36033333333327,-1.1012533333333283,5.095413333333328,6.196666666666568,6.1966666666666566
P168+10,168.693,9.5298,166.9834166666667,170.40258333333333,7.820216666666669,11.23938333333333,3.4191666666666123,3.419166666666661
P168+15,168.797,14.5506,166.91158333333337,170.68241666666663,12.665183333333335,16.436016666666664,3.770833333333273,3.7708333333333273
P169+12,169.711,12.0453,167.95933333333338,171.46266666666665,10.293633333333336,13.796966666666663,3.5033333333332775,3.5033333333333276
P170+02,170.852,2.01069,167.75700000000006,173.94699999999995,-1.084309999999995,5.105689999999995,6.189999999999901,6.18999999999999
P170+07,170.318,7.02821,168.58841666666672,172.0475833333333,5.298626666666669,8.75779333333333,3.4591666666666114,3.459166666666661
P171+10,171.318,9.54359,169.6134166666667,173.02258333333333,7.83900666666667,11.24817333333333,3.4091666666666125,3.409166666666661
P171+15,171.472,14.5646,169.59825000000004,173.34574999999998,12.690850000000003,16.438349999999996,3.74749999999994,3.747499999999994
P172+07,172.926,7.04189,171.19308333333336,174.6589166666666,5.308973333333337,8.774806666666665,3.4658333333332783,3.4658333333333275
P172+12,172.358,12.0592,170.59758333333338,174.11841666666663,10.298783333333336,13.819616666666665,3.520833333333277,3.5208333333333277
P172+17,172.007,17.0775,169.93408333333338,174.07991666666663,15.004583333333336,19.150416666666665,4.145833333333267,4.145833333333327
P173+10,173.943,9.55735,172.24341666666672,175.6425833333333,7.857766666666669,11.25693333333333,3.3991666666666123,3.399166666666661
P174+15,174.146,14.5787,172.28475,176.00724999999997,12.717450000000003,16.439949999999996,3.7224999999999406,3.722499999999994
P174+17,174.713,17.0917,172.64008333333337,176.78591666666662,15.018783333333335,19.164616666666664,4.145833333333267,4.145833333333327
P175+07,175.534,7.05555,173.79775,177.27024999999998,5.319300000000003,8.791799999999997,3.4724999999999446,3.4724999999999944
P175+12,175.005,12.073,173.23583333333335,176.77416666666664,10.303833333333337,13.842166666666664,3.538333333333277,3.538333333333328
P176+02,176.032,2.03783,172.94366666666673,179.1203333333333,-1.0505033333333285,5.126163333333329,6.176666666666568,6.176666666666657
P176+10,176.568,9.57109,174.8734166666667,178.2625833333333,7.876506666666669,11.26567333333333,3.3891666666666125,3.3891666666666613
P176+15,176.821,14.5926,174.97058333333337,178.67141666666663,12.742183333333335,16.44301666666666,3.700833333333274,3.7008333333333274
P177+12,177.652,12.0869,175.87241666666668,179.4315833333333,10.307316666666669,13.866483333333331,3.5591666666666097,3.559166666666661
P178+02,178.622,2.05138,175.5378333333334,181.70616666666663,-1.0327866666666616,5.135546666666661,6.168333333333235,6.168333333333323
P178+07,178.143,7.06939,176.40258333333335,179.88341666666665,5.3289733333333364,8.809806666666663,3.480833333333278,3.4808333333333277
P179+05,179.052,4.56379,177.15325,180.95074999999997,2.665040000000003,6.462539999999997,3.7974999999999395,3.7974999999999937
P179+10,179.193,9.58481,177.5034166666667,180.88258333333332,7.895226666666669,11.274393333333329,3.3791666666666127,3.379166666666661
P179+15,179.5,14.6066,177.65958333333336,181.34041666666664,12.766183333333336,16.447016666666663,3.6808333333332746,3.6808333333333274
P180+07,180.751,7.08282,179.00683333333336,182.49516666666665,5.338653333333336,8.826986666666663,3.4883333333332778,3.4883333333333275
P180+17,180.132,17.12,178.08908333333338,182.17491666666663,15.077083333333338,19.162916666666664,4.085833333333269,4.085833333333326
P181+02,181.215,2.06492,178.13166666666672,184.2983333333333,-1.0184133333333283,5.148253333333328,6.166666666666568,6.166666666666656
P181+05,181.649,4.57737,179.75358333333335,183.54441666666665,2.6819533333333365,6.472786666666664,3.790833333333273,3.7908333333333273
P182+17,182.838,17.1341,180.81133333333335,184.86466666666664,15.107433333333336,19.160766666666664,4.053333333333269,4.053333333333327
P182+20,182.963,19.6449,180.84341666666668,185.0825833333333,17.52531666666667,21.76448333333333,4.239166666666599,4.23916666666666
P183+02,183.803,2.07846,180.72425000000004,186.88174999999995,-1.0002899999999948,5.157209999999996,6.157499999999902,6.15749999999999
P184+05,184.245,4.59095,182.35208333333335,186.13791666666665,2.6980333333333366,6.483866666666664,3.785833333333273,3.7858333333333274
P185+20,185.712,19.6592,183.71575,187.70824999999996,17.662950000000002,21.655449999999995,3.992499999999936,3.9924999999999935
P186+02,186.393,2.09202,183.31800000000004,189.46799999999996,-0.9829799999999946,5.1670199999999955,6.149999999999902,6.14999999999999
P186+05,186.842,4.60454,184.9515833333334,188.73241666666664,2.7141233333333368,6.494956666666663,3.780833333333273,3.780833333333327
P186+22,186.027,22.1709,184.08533333333335,187.96866666666662,20.229233333333337,24.112566666666662,3.8833333333332716,3.883333333333327
P188+02,188.983,2.1056,185.9109166666667,192.0550833333333,-0.9664833333333283,5.177683333333328,6.144166666666568,6.144166666666656
P188+22,188.822,22.1856,186.89700000000002,190.74699999999999,20.260600000000004,24.110599999999998,3.849999999999939,3.849999999999994
P189+05,189.439,4.61817,187.55108333333337,191.32691666666662,2.7302533333333363,6.506086666666664,3.775833333333273,3.775833333333327
P191+02,191.573,2.11922,188.50466666666674,194.64133333333328,-0.9491133333333286,5.187553333333328,6.136666666666569,6.136666666666657
P191+20,191.21,19.6881,189.2429166666667,193.17708333333331,17.721016666666667,21.65518333333333,3.934166666666604,3.9341666666666604
P192+05,192.036,4.63182,190.1501666666667,193.9218333333333,2.7459866666666697,6.517653333333331,3.7716666666666065,3.7716666666666607
P193+07,193.794,7.15124,192.03066666666672,195.5573333333333,5.3879066666666695,8.91457333333333,3.5266666666666104,3.526666666666661
P193+20,193.96,19.7026,192.00791666666672,195.9120833333333,17.75051666666667,21.65468333333333,3.9041666666666046,3.90416666666666
P194+02,194.164,2.13287,191.09858333333338,197.2294166666666,-0.9325466666666617,5.198286666666662,6.130833333333236,6.130833333333324
P194+05,194.633,4.64552,192.75008333333338,196.51591666666664,2.7626033333333364,6.528436666666664,3.765833333333273,3.7658333333333274
P194+10,194.948,9.66746,193.2884166666667,196.6075833333333,8.00787666666667,11.32704333333333,3.319166666666614,3.319166666666661
P195+15,195.55,14.691,193.7154166666667,197.38458333333332,12.85641666666667,16.52558333333333,3.6691666666666083,3.6691666666666607
P196+02,196.754,2.14657,193.69233333333338,199.8156666666666,-0.9150966666666616,5.208236666666662,6.123333333333235,6.123333333333323
P196+07,196.403,7.16503,194.63591666666667,198.1700833333333,5.39794666666667,8.93211333333333,3.5341666666666103,3.534166666666661
P196+12,196.186,12.1841,194.34183333333337,198.03016666666664,10.339933333333338,14.028266666666664,3.6883333333332744,3.6883333333333272
P196+17,196.385,17.2054,194.4329166666667,198.33708333333328,15.25331666666667,19.15748333333333,3.9041666666666046,3.90416666666666
P197+05,197.23,4.65927,195.34958333333336,199.11041666666662,2.7788533333333367,6.539686666666664,3.7608333333332733,3.760833333333327
P199+02,199.344,2.16034,196.28608333333338,202.4019166666666,-0.8975766666666614,5.218256666666662,6.115833333333236,6.115833333333323
P207+02,207.115,2.20207,204.1366666666667,210.0933333333333,-0.7762633333333286,5.180403333333329,5.956666666666572,5.956666666666657
P209+02,209.706,2.21616,206.72933333333336,212.68266666666662,-0.7605066666666618,5.192826666666662,5.953333333333238,5.953333333333323
P210+05,210.216,4.72912,208.34725000000003,212.08474999999999,2.860370000000003,6.597869999999997,3.7374999999999403,3.737499999999994
P212+02,212.299,2.23035,209.3206666666667,215.2773333333333,-0.7479833333333286,5.208683333333329,5.956666666666572,5.956666666666657
P212+05,212.814,4.74336,210.949,214.67899999999997,2.8783600000000034,6.608359999999997,3.7299999999999405,3.7299999999999938
P214+02,214.887,2.24464,211.91033333333337,217.86366666666663,-0.7320266666666617,5.221306666666662,5.953333333333238,5.953333333333323
P214+07,214.671,7.26375,212.87475000000003,216.46724999999995,5.467500000000003,9.059999999999997,3.592499999999943,3.592499999999994
P215+05,215.411,4.75772,213.54850000000002,217.27349999999998,2.895220000000003,6.620219999999997,3.7249999999999406,3.724999999999994
P217+02,217.477,2.25906,214.50033333333337,220.45366666666663,-0.7176066666666618,5.235726666666661,5.953333333333238,5.953333333333323
P217+07,217.277,7.27826,215.47741666666667,219.0765833333333,5.47867666666667,9.07784333333333,3.5991666666666093,3.599166666666661
P218+05,218.011,4.7722,216.15183333333337,219.87016666666662,2.913033333333336,6.631366666666663,3.718333333333274,3.7183333333333275
P230+05,230.997,4.84664,229.1499166666667,232.84408333333332,2.9995566666666695,6.69372333333333,3.6941666666666078,3.6941666666666606
P235+02,235.611,2.36383,232.6339166666667,238.5880833333333,-0.6132533333333283,5.3409133333333285,5.954166666666572,5.954166666666657
P238+02,238.202,2.37943,235.22325000000004,241.18074999999996,-0.5993199999999952,5.3581799999999955,5.957499999999905,5.957499999999991
P238+05,238.79,4.89317,236.95083333333335,240.62916666666663,3.054003333333336,6.732336666666663,3.6783333333332746,3.6783333333333275
P240+02,240.793,2.3952,237.8159166666667,243.7700833333333,-0.5818833333333284,5.372283333333328,5.954166666666572,5.954166666666657
P240+07,240.766,7.41537,238.92808333333335,242.60391666666663,5.577453333333336,9.253286666666664,3.6758333333332747,3.6758333333333275
P241+05,241.388,4.90903,239.54550000000003,243.23049999999998,3.066530000000003,6.751529999999996,3.6849999999999414,3.684999999999994
P243+02,243.387,2.41114,240.40825000000004,246.36574999999996,-0.5676099999999953,5.389889999999996,5.957499999999905,5.957499999999991
P243+05,243.986,4.92506,242.1389166666667,245.8330833333333,3.07797666666667,6.7721433333333305,3.6941666666666078,3.6941666666666606
P243+07,243.376,7.43144,241.53350000000003,245.21849999999998,5.588940000000004,9.273939999999998,3.6849999999999414,3.684999999999994
P245+02,245.974,2.42728,242.99733333333336,248.95066666666662,-0.5493866666666616,5.403946666666662,5.953333333333238,5.953333333333323
P245+07,245.987,7.4477,244.1399166666667,247.8340833333333,5.60061666666667,9.294783333333331,3.6941666666666078,3.6941666666666606
P246+05,246.585,4.94129,244.7341666666667,248.4358333333333,3.09045666666667,6.792123333333331,3.7016666666666076,3.7016666666666604
P247+10,247.485,9.96726,245.74875000000003,249.22125,8.231010000000003,11.703509999999996,3.4724999999999446,3.4724999999999944
P248+02,248.565,2.4436,245.58833333333337,251.54166666666663,-0.5330666666666617,5.420266666666661,5.953333333333238,5.953333333333323
P248+07,248.597,7.46415,246.7461666666667,250.4478333333333,5.61331666666667,9.31498333333333,3.7016666666666076,3.7016666666666604
P249+05,249.183,4.9577,247.3271666666667,251.0388333333333,3.1018666666666697,6.81353333333333,3.7116666666666074,3.7116666666666607
P250+10,250.114,9.98394,248.3706666666667,251.85733333333332,8.24060666666667,11.727273333333331,3.4866666666666113,3.486666666666661
P251+07,251.208,7.48079,249.3521666666667,253.0638333333333,5.6249566666666695,9.33662333333333,3.7116666666666074,3.7116666666666607
P251+13,251.832,12.5051,249.7636666666667,253.9003333333333,10.43676666666667,14.57343333333333,4.136666666666601,4.13666666666666
P252+10,252.742,10.0008,250.9911666666667,254.4928333333333,8.24996666666667,11.75163333333333,3.501666666666611,3.501666666666661
P254+13,254.483,12.5222,252.4046666666667,256.5613333333333,10.44386666666667,14.60053333333333,4.156666666666601,4.15666666666666
P255+10,255.371,10.0179,253.61308333333338,257.12891666666667,8.259983333333334,11.775816666666664,3.515833333333277,3.515833333333328
P257+10,257.999,10.0352,256.2331666666667,259.76483333333334,8.26936666666667,11.80103333333333,3.5316666666666103,3.531666666666661
P257+13,257.135,12.5396,255.06833333333336,259.2016666666666,10.472933333333337,14.606266666666663,4.133333333333267,4.133333333333327
P259+08,259.041,7.53191,257.1714166666667,260.9105833333333,5.66232666666667,9.401493333333331,3.7391666666666072,3.7391666666666605
P261+08,261.652,7.54935,259.7778333333334,263.5261666666666,5.675183333333336,9.423516666666663,3.7483333333332736,3.7483333333333273
P262+05,262.175,5.0427,260.29625000000004,264.05375,3.163950000000003,6.9214499999999965,3.7574999999999403,3.757499999999994
P269+03,269.293,2.58123,267.2396666666667,271.3463333333333,0.52789666666667,4.634563333333331,4.106666666666602,4.10666666666666
P269+05,269.971,5.09638,268.0780833333334,271.8639166666666,3.203463333333336,6.989296666666664,3.785833333333273,3.7858333333333274
P269+08,269.486,7.60293,267.59766666666667,271.3743333333333,5.71459666666667,9.49126333333333,3.7766666666666064,3.7766666666666606
P271+03,271.887,2.59934,269.83158333333336,273.94241666666665,0.5439233333333369,4.654756666666664,4.110833333333268,4.110833333333327
P272+08,272.097,7.62121,270.20408333333336,273.9899166666666,5.728293333333336,9.514126666666662,3.785833333333273,3.7858333333333274
P273+10,273.774,10.1432,271.96108333333336,275.58691666666664,8.330283333333337,11.956116666666663,3.6258333333332757,3.6258333333333272
P273+15,273.235,15.1597,271.2479166666667,275.22208333333333,13.17261666666667,17.14678333333333,3.974166666666603,3.9741666666666604
P273+20,273.814,20.1839,272.06525000000005,275.56275,18.435150000000004,21.93265,3.497499999999944,3.4974999999999943
P274+00,274.534,0.107874,271.55733333333336,277.5106666666666,-2.868792666666662,3.0845406666666615,5.953333333333238,5.953333333333323
P274+03,274.475,2.61766,272.4200000000001,276.53,0.5626600000000033,4.672659999999997,4.109999999999935,4.109999999999993
P275+13,275.702,12.6671,273.7149166666667,277.6890833333333,10.680016666666669,14.65418333333333,3.974166666666603,3.9741666666666604
P275+18,275.068,17.6828,273.30008333333336,276.8359166666666,15.914883333333336,19.450716666666665,3.5358333333332768,3.5358333333333274
P275+23,275.639,22.707,273.59025,277.68775,20.658250000000002,24.75575,4.097499999999934,4.097499999999993
P276+20,276.571,20.2036,274.80725000000007,278.33475,18.439850000000003,21.96735,3.527499999999944,3.527499999999994
P277+00,277.123,0.126382,274.14633333333336,280.0996666666666,-2.8502846666666617,3.1030486666666617,5.953333333333238,5.953333333333323
P277+18,277.785,17.7023,276.0066666666667,279.56333333333333,15.92396666666667,19.48063333333333,3.55666666666661,3.556666666666661
P278+23,278.446,22.7272,276.4172500000001,280.47475,20.698450000000005,24.755949999999995,4.057499999999935,4.057499999999993
P278+25,278.572,25.2381,276.5640833333334,280.57991666666663,23.230183333333336,27.246016666666662,4.015833333333269,4.015833333333327
P279+03,279.657,2.65491,277.59908333333334,281.7149166666666,0.5969933333333368,4.712826666666663,4.115833333333268,4.115833333333327
P279+08,279.932,7.67729,278.02450000000005,281.8395,5.769790000000003,9.584789999999996,3.814999999999939,3.8149999999999937
P279+10,279.034,10.1809,277.20483333333334,280.86316666666664,8.351733333333335,12.010066666666663,3.658333333333275,3.6583333333333274
P279+20,279.33,20.2235,277.5516666666667,281.1083333333333,18.445166666666672,22.00183333333333,3.55666666666661,3.556666666666661
P280+05,280.366,5.17027,278.4535,282.27849999999995,3.2577700000000034,7.082769999999997,3.824999999999939,3.824999999999994
P280+28,280.482,27.762,278.72950000000003,282.2345,26.009500000000003,29.514499999999998,3.504999999999944,3.504999999999994
P281+13,281.01,12.7054,279.0445833333334,282.9754166666666,10.739983333333335,14.670816666666664,3.9308333333332706,3.930833333333327
P281+15,281.282,15.2176,279.32825,283.23574999999994,13.263850000000001,17.171349999999997,3.9074999999999376,3.9074999999999935
P283+18,283.22,17.7419,281.4179166666667,285.02208333333334,15.93981666666667,19.54398333333333,3.6041666666666092,3.6041666666666607
P283+28,283.408,27.7835,281.63675000000006,285.17924999999997,26.01225,29.55475,3.5424999999999436,3.542499999999994
P284+20,284.847,20.264,283.0374166666667,286.6565833333333,18.45441666666667,22.07358333333333,3.619166666666609,3.619166666666661
P285+30,285.026,30.3054,283.2851666666667,286.7668333333333,28.564566666666668,32.046233333333326,3.481666666666611,3.481666666666661
P285+58,285.688,57.9164,283.55216666666666,287.8238333333333,55.78056666666667,60.052233333333334,4.271666666666599,4.271666666666659
P285+60,285.514,60.424,283.5006666666667,287.52733333333333,58.41066666666667,62.43733333333333,4.0266666666666024,4.02666666666666
P286+23,286.867,22.7891,284.89950000000005,288.8345,20.821600000000004,24.7566,3.9349999999999374,3.9349999999999934
P286+33,286.988,32.8301,284.92550000000006,289.05049999999994,30.767600000000005,34.8926,4.124999999999934,4.124999999999993
P286+35,286.882,35.3391,284.8511666666667,288.9128333333333,33.30826666666667,37.369933333333336,4.061666666666602,4.06166666666666
P287+25,287.16,25.3014,285.21125000000006,289.10875,23.352650000000004,27.250149999999998,3.897499999999938,3.8974999999999937
P287+63,287.045,62.9443,285.19958333333335,288.8904166666667,61.09888333333333,64.78971666666666,3.6908333333332743,3.690833333333327
P288+38,288.518,37.8613,286.70258333333334,290.3334166666666,36.045883333333336,39.676716666666664,3.6308333333332756,3.6308333333333276
P289+40,289.414,40.3779,287.56483333333335,291.2631666666666,38.528733333333335,42.22706666666666,3.698333333333274,3.6983333333333275
P290+00,290.065,0.221924,287.0866666666667,293.0433333333333,-2.7564093333333286,3.2002573333333286,5.956666666666572,5.956666666666657
P290+03,290.022,2.73182,287.95950000000005,292.08449999999993,0.6693200000000035,4.794319999999996,4.124999999999934,4.124999999999993
P290+05,290.763,5.24764,288.83091666666667,292.6950833333333,3.3155566666666694,7.17972333333333,3.864166666666605,3.8641666666666605
P290+25,290.023,25.3229,288.0934166666667,291.95258333333334,23.39331666666667,27.25248333333333,3.859166666666605,3.85916666666666
P290+43,290.224,42.8937,288.41150000000005,292.03649999999993,41.0812,44.7062,3.6249999999999423,3.6249999999999942
P290+58,290.566,57.9531,288.4039166666667,292.72808333333325,55.79101666666667,60.11518333333333,4.324166666666597,4.32416666666666
P290+60,290.765,60.4636,288.78583333333336,292.7441666666666,58.484433333333335,62.442766666666664,3.9583333333332704,3.958333333333327
P291+13,291.624,12.7847,289.70316666666673,293.5448333333333,10.86386666666667,14.705533333333332,3.8416666666666055,3.8416666666666606
P291+45,291.669,45.4146,289.81191666666666,293.5260833333333,43.55751666666667,47.27168333333333,3.7141666666666073,3.7141666666666606
P292+08,292.993,7.77483,291.0609166666667,294.9250833333333,5.842746666666669,9.706913333333329,3.864166666666605,3.8641666666666605
P292+10,292.185,10.2788,290.3141666666667,294.0558333333333,8.40796666666667,12.14963333333333,3.741666666666607,3.7416666666666605
P292+28,292.189,27.8494,290.3585833333334,294.01941666666664,26.018983333333335,29.679816666666664,3.660833333333275,3.6608333333333274
P292+63,292.744,62.9874,290.81066666666675,294.6773333333333,61.05406666666667,64.92073333333333,3.866666666666605,3.8666666666666605
P294+13,294.279,12.805,292.36858333333333,296.18941666666666,10.894583333333337,14.715416666666663,3.8208333333332725,3.820833333333327
P294+15,294.698,15.3184,292.79883333333333,296.5971666666666,13.419233333333336,17.217566666666663,3.798333333333273,3.798333333333327
P294+30,294.024,30.3735,292.21275,295.83525,28.562250000000002,32.184749999999994,3.6224999999999423,3.6224999999999943
P295+45,295.358,45.4429,293.45675000000006,297.25924999999995,43.541650000000004,47.34415,3.8024999999999394,3.802499999999994
P295+58,295.449,57.9906,293.46025000000003,297.43775,56.001850000000005,59.97935,3.9774999999999365,3.9774999999999934
P296+18,296.813,17.8448,294.95091666666667,298.6750833333333,15.982716666666668,19.70688333333333,3.724166666666607,3.7241666666666604
P296+33,296.234,32.9005,294.21275,298.25524999999993,30.879250000000006,34.921749999999996,4.042499999999936,4.042499999999993
P296+35,296.407,35.4117,294.41658333333334,298.39741666666663,33.42128333333334,37.402116666666664,3.98083333333327,3.980833333333327
P296+61,296.021,60.504,294.1155833333334,297.9264166666666,58.59858333333334,62.40941666666666,3.8108333333332727,3.8108333333333273
P298+20,298.649,20.3692,296.7581666666667,300.5398333333333,18.47836666666667,22.26003333333333,3.7816666666666063,3.7816666666666605
P298+48,298.458,47.9765,296.5567500000001,300.35925,46.075250000000004,49.87775,3.8024999999999394,3.802499999999994
P299+35,299.584,35.4365,297.624,301.544,33.47650000000001,37.396499999999996,3.9199999999999373,3.9199999999999937
P299+50,299.977,50.498,297.99491666666665,301.9590833333333,48.51591666666667,52.480083333333326,3.9641666666666033,3.96416666666666
P300+53,300.408,53.0108,298.29175000000004,302.52425,50.89455000000001,55.12705,4.232499999999932,4.232499999999993
P301+20,301.41,20.3909,299.50250000000005,303.3175,18.483400000000003,22.298399999999994,3.814999999999939,3.8149999999999937
P301+38,301.644,37.9626,299.90900000000005,303.37899999999996,36.2276,39.6976,3.4699999999999447,3.4699999999999944
P301+71,301.926,70.5827,299.7289166666667,304.1230833333333,68.38561666666668,72.77978333333333,4.394166666666597,4.39416666666666
P301+73,301.096,73.0826,299.1676666666667,303.0243333333333,71.15426666666667,75.01093333333333,3.856666666666605,3.8566666666666602
P303+00,303.007,0.322406,300.0303333333334,305.98366666666664,-2.6542606666666617,3.2990726666666617,5.953333333333238,5.953333333333323
P304+20,304.172,20.4128,302.2474166666667,306.09658333333334,18.48821666666667,22.33738333333333,3.8491666666666053,3.8491666666666604
P304+38,304.928,37.9887,303.1655,306.6905,36.226200000000006,39.7512,3.524999999999944,3.524999999999994
P304+53,304.713,53.0449,302.5488333333334,306.87716666666665,50.88073333333334,55.20906666666666,4.328333333333265,4.328333333333326
P304+56,304.887,55.5556,302.7899166666667,306.9840833333333,53.45851666666667,57.65268333333333,4.1941666666666,4.19416666666666
P305+00,305.598,0.342836,302.6200833333334,308.5759166666666,-2.6350806666666617,3.320752666666662,5.9558333333332385,5.955833333333324
P305+03,305.572,2.85287,303.50075000000004,307.64324999999997,0.7816200000000033,4.924119999999997,4.142499999999934,4.142499999999993
P306+05,306.361,5.36939,304.3980833333334,308.3239166666666,3.4064733333333366,7.332306666666664,3.9258333333332707,3.925833333333327
P306+20,306.934,20.4349,304.9919166666667,308.8760833333333,18.49281666666667,22.376983333333328,3.8841666666666046,3.8841666666666606
P306+46,306.436,45.5301,304.3926666666667,308.4793333333333,43.48676666666667,47.57343333333333,4.086666666666601,4.08666666666666
P306+48,306.198,48.0379,304.20341666666667,308.1925833333333,46.04331666666667,50.03248333333333,3.9891666666666032,3.98916666666666
P307+10,307.973,10.4027,306.0496666666667,309.8963333333333,8.47936666666667,12.32603333333333,3.8466666666666054,3.8466666666666605
P307+13,307.554,12.9095,305.63941666666665,309.4685833333333,10.994916666666668,14.82408333333333,3.8291666666666058,3.8291666666666604
P307+68,307.78,68.1221,305.935,309.62499999999994,66.2771,69.9671,3.6899999999999413,3.689999999999994
P308+05,308.96,5.39041,306.9916666666667,310.9283333333333,3.42207666666667,7.35874333333333,3.936666666666604,3.9366666666666603
P308+08,308.671,7.89814,306.7080833333334,310.6339166666666,5.935223333333337,9.861056666666663,3.9258333333332707,3.925833333333327
P308+15,308.122,15.4243,306.19700000000006,310.04699999999997,13.499300000000003,17.349299999999996,3.849999999999939,3.849999999999994
P308+38,308.213,38.0152,306.42175000000003,310.00425,36.22395,39.80645,3.5824999999999427,3.5824999999999942
P308+51,308.123,50.5628,306.2509166666667,309.9950833333333,48.690716666666674,52.43488333333333,3.744166666666607,3.7441666666666604
P309+20,309.697,20.4571,307.7374166666667,311.6565833333333,18.49751666666667,22.41668333333333,3.9191666666666043,3.9191666666666602
P309+36,309.121,35.5125,307.2489166666667,310.9930833333333,33.640416666666674,37.38458333333333,3.744166666666607,3.7441666666666604
P309+56,309.468,55.5925,307.51883333333336,311.4171666666667,53.64333333333334,57.541666666666664,3.8983333333332713,3.898333333333327
P309+71,309.733,70.6453,307.6500833333334,311.8159166666666,68.56238333333334,72.72821666666667,4.165833333333267,4.165833333333326
P310+00,310.773,0.384518,307.7963333333334,313.74966666666666,-2.5921486666666618,3.3611846666666616,5.953333333333238,5.953333333333323
P310+18,310.414,17.9528,308.48900000000003,312.33899999999994,16.027800000000003,19.877799999999997,3.849999999999939,3.849999999999994
P310+46,310.133,45.5599,308.0396666666667,312.2263333333333,43.46656666666667,47.653233333333326,4.1866666666666,4.186666666666659
P310+58,310.133,58.107,308.2509166666667,312.0150833333333,56.22491666666667,59.989083333333326,3.7641666666666067,3.7641666666666604
P310+73,310.024,73.1541,307.9806666666667,312.0673333333333,71.11076666666666,75.19743333333334,4.086666666666601,4.08666666666666
P312+20,312.46,20.4796,310.4825,314.43749999999994,18.502100000000006,22.457099999999997,3.954999999999937,3.9549999999999934
P312+36,312.302,35.5383,310.45158333333336,314.1524166666667,33.68788333333334,37.38871666666666,3.700833333333274,3.7008333333333274
P312+51,312.204,50.5959,310.3831666666667,314.02483333333333,48.77506666666667,52.41673333333333,3.6416666666666084,3.641666666666661
P313+00,313.361,0.405594,310.38433333333336,316.3376666666666,-2.5710726666666615,3.382260666666662,5.953333333333238,5.953333333333323
P313+03,313.347,2.9157,311.277,315.417,0.8457000000000034,4.985699999999997,4.139999999999934,4.1399999999999935
P313+18,313.135,17.975,311.19625,315.07374999999996,16.036250000000006,19.913749999999997,3.877499999999938,3.8774999999999937
P313+46,313.832,45.5902,311.77825,315.88575,43.53645000000001,47.64395,4.107499999999934,4.107499999999994
P313+48,313.947,48.1006,311.9424166666667,315.9515833333333,46.09601666666667,50.10518333333333,4.009166666666602,4.00916666666666
P314+05,314.161,5.43257,312.18225,316.13975,3.4538200000000034,7.411319999999996,3.957499999999937,3.9574999999999934
P314+38,314.787,38.0685,312.9365833333333,316.63741666666664,36.21808333333334,39.91891666666666,3.700833333333274,3.7008333333333274
P315+00,315.95,0.426819,312.97333333333336,318.9266666666666,-2.5498476666666616,3.4034856666666617,5.953333333333238,5.953333333333323
P315+03,315.939,2.93707,313.8706666666667,318.00733333333335,0.86873666666667,5.00540333333333,4.136666666666601,4.13666666666666
P315+10,315.869,10.4672,313.9185833333334,317.81941666666665,8.516783333333336,12.417616666666664,3.900833333333271,3.900833333333327
P315+13,315.522,12.9743,313.58075,317.46324999999996,11.033050000000003,14.915549999999996,3.882499999999938,3.8824999999999936
P315+21,315.223,20.5022,313.22758333333337,317.21841666666666,18.506783333333335,22.497616666666662,3.9908333333332697,3.990833333333327
P315+26,315.819,25.5272,313.7931666666667,317.8448333333333,23.50136666666667,27.55303333333333,4.051666666666602,4.05166666666666
P315+36,315.484,35.5643,313.6023333333333,317.36566666666664,33.68263333333334,37.44596666666666,3.7633333333332732,3.7633333333333274
P315+58,315.034,58.1471,313.214,316.854,56.3271,59.9671,3.639999999999942,3.639999999999994
P316+05,316.761,5.45394,314.7768333333334,318.74516666666665,3.469773333333337,7.4381066666666635,3.96833333333327,3.968333333333327
P316+15,316.178,15.4898,314.2125833333334,318.1434166666666,13.524383333333336,17.455216666666665,3.9308333333332706,3.930833333333327
P316+41,316.644,40.5938,314.97400000000005,318.31399999999996,38.92380000000001,42.263799999999996,3.3399999999999466,3.3399999999999945
P317+21,317.987,20.525,315.9736666666667,320.00033333333334,18.51166666666667,22.538333333333327,4.0266666666666024,4.02666666666666
P317+23,317.78,23.0333,315.78458333333333,319.7754166666666,21.037883333333337,25.028716666666664,3.9908333333332697,3.990833333333327
P317+46,317.532,45.6205,315.5274166666667,319.5365833333333,43.61591666666667,47.62508333333333,4.009166666666602,4.00916666666666
P317+48,317.828,48.1325,315.87216666666666,319.7838333333333,46.17666666666667,50.08833333333333,3.9116666666666045,3.9116666666666604
P317+71,317.566,70.7095,315.6235,319.50849999999997,68.76700000000001,72.652,3.884999999999938,3.8849999999999936
P318+00,318.538,0.448185,315.5613333333334,321.51466666666664,-2.5284816666666616,3.4248516666666617,5.953333333333238,5.953333333333323
P318+03,318.53,2.95852,316.4625,320.59749999999997,0.8910200000000033,5.026019999999997,4.134999999999934,4.134999999999994
P318+10,318.501,10.4887,316.5414166666667,320.46058333333326,8.52911666666667,12.448283333333329,3.9191666666666043,3.9191666666666602
P318+13,318.178,12.9962,316.22758333333337,320.1284166666666,11.045783333333336,14.946616666666664,3.900833333333271,3.900833333333327
P318+16,318.864,15.512,316.88525,320.84274999999997,13.533250000000004,17.49075,3.957499999999937,3.9574999999999934
P318+26,318.688,25.5509,316.63883333333337,320.7371666666666,23.501733333333334,27.600066666666663,4.098333333333268,4.0983333333333265
P318+28,318.564,28.0599,316.5381666666667,320.58983333333333,26.034066666666668,30.08573333333333,4.051666666666602,4.05166666666666
P318+36,318.666,35.5906,316.75225,320.57975,33.67685,37.50435,3.827499999999939,3.827499999999994
P318+43,318.543,43.1191,316.7150833333334,320.37091666666663,41.291183333333336,44.94701666666667,3.655833333333275,3.6558333333333275
P318+73,318.99,73.228,316.7741666666667,321.2058333333333,71.01216666666666,75.44383333333333,4.431666666666596,4.4316666666666595
P319+05,319.361,5.47545,317.3714166666667,321.3505833333333,3.48586666666667,7.465033333333331,3.9791666666666035,3.9791666666666603
P319+58,319.944,58.1877,318.1835833333334,321.70441666666665,56.427283333333335,59.948116666666664,3.520833333333277,3.5208333333333277
P319+76,319.176,75.7345,317.04225,321.30974999999995,73.60075,77.86824999999999,4.267499999999932,4.267499999999993
P320+13,320.835,13.0182,318.8754166666667,322.79458333333326,11.05861666666667,14.977783333333331,3.9191666666666043,3.9191666666666602
P320+21,320.751,20.5479,318.7189166666667,322.78308333333325,18.51581666666667,22.579983333333328,4.064166666666602,4.06416666666666
P320+23,320.593,23.0569,318.5796666666667,322.60633333333334,21.04356666666667,25.070233333333327,4.0266666666666024,4.02666666666666
P320+41,320.055,40.6219,318.3570833333334,321.75291666666664,38.92398333333333,42.31981666666666,3.3958333333332793,3.3958333333333277
P320+51,320.364,50.6632,318.62733333333335,322.1006666666666,48.92653333333334,52.39986666666667,3.473333333333278,3.473333333333328
P321+00,321.127,0.469687,318.1503333333334,324.10366666666664,-2.5069796666666617,3.4463536666666617,5.953333333333238,5.953333333333323
P321+03,321.122,2.97988,319.05616666666674,323.1878333333333,0.9140466666666702,5.04571333333333,4.131666666666601,4.13166666666666
P321+05,321.961,5.49709,319.96558333333337,323.95641666666666,3.5016733333333363,7.492506666666664,3.9908333333332697,3.990833333333327
P321+26,321.557,25.5748,319.4840833333334,323.62991666666665,23.501883333333335,27.647716666666664,4.145833333333267,4.145833333333327
P321+28,321.498,28.0843,319.42425000000003,323.57174999999995,26.010550000000002,30.158049999999996,4.147499999999934,4.147499999999993
P321+36,321.853,35.6171,319.9075833333334,323.79841666666664,33.671683333333334,37.56251666666667,3.8908333333332714,3.890833333333327
P321+38,321.366,38.123,319.45225,323.27975,36.20925,40.03675,3.827499999999939,3.827499999999994
P321+63,321.369,63.2173,319.50900000000007,323.229,61.3573,65.0773,3.7199999999999407,3.719999999999994
P321+68,321.724,68.2367,319.8631666666667,323.5848333333333,66.37586666666667,70.09753333333333,3.721666666666607,3.7216666666666605
P322+61,322.407,60.7173,320.4674166666667,324.3465833333333,58.77771666666667,62.65688333333333,3.8791666666666047,3.87916666666666
P322+66,322.922,65.7387,320.9603333333334,324.88366666666667,63.77703333333333,67.70036666666665,3.9233333333332707,3.923333333333327
P323+00,323.715,0.491316,320.73833333333334,326.6916666666666,-2.485350666666662,3.4679826666666616,5.953333333333238,5.953333333333323
P323+03,323.714,3.00154,321.6494166666667,325.7785833333333,0.9369566666666698,5.06612333333333,4.129166666666601,4.12916666666666
P323+23,323.407,23.0802,321.3749166666667,325.43908333333326,21.048116666666672,25.11228333333333,4.064166666666602,4.06416666666666
P323+41,323.466,40.6504,321.7393333333334,325.19266666666664,38.92373333333333,42.377066666666664,3.453333333333278,3.453333333333328
P324+06,324.562,5.51887,322.56075000000004,326.56325,3.517620000000003,7.520119999999997,4.002499999999936,4.002499999999993
P324+38,324.658,38.1505,322.7125833333334,326.60341666666665,36.205083333333334,40.09591666666667,3.8908333333332714,3.890833333333327
P324+46,324.94,45.6823,323.03000000000003,326.84999999999997,43.7723,47.592299999999994,3.819999999999939,3.8199999999999936
P324+51,324.45,50.6974,322.6691666666667,326.2308333333333,48.91656666666667,52.478233333333336,3.5616666666666097,3.5616666666666608
P324+58,324.859,58.2288,323.1544166666667,326.56358333333327,56.52421666666667,59.93338333333333,3.4091666666666125,3.409166666666661
P325+36,325.035,35.6438,323.0554166666667,327.01458333333335,33.66421666666667,37.62338333333333,3.9591666666666034,3.9591666666666603
P325+43,325.64,43.1784,323.73041666666666,327.5495833333333,41.26881666666667,45.087983333333334,3.819166666666606,3.8191666666666606
P325+48,325.588,48.1974,323.7225833333334,327.45341666666667,46.33198333333334,50.06281666666666,3.730833333333274,3.7308333333333272
P326+01,326.304,0.513169,323.32733333333334,329.2806666666666,-2.4634976666666617,3.4898356666666617,5.953333333333238,5.953333333333323
P326+03,326.306,3.02332,324.24308333333335,328.3689166666666,0.9604033333333368,5.086236666666663,4.125833333333268,4.125833333333326
P326+41,326.879,40.6791,325.1206666666667,328.63733333333334,38.920766666666665,42.43743333333333,3.5166666666666107,3.516666666666661
P326+53,326.295,53.2223,324.53875000000005,328.05125,51.46605,54.97854999999999,3.5124999999999442,3.5124999999999944
P327+38,327.95,38.1783,325.97041666666667,329.9295833333333,36.19871666666667,40.15788333333333,3.9591666666666034,3.9591666666666603
P327+56,327.832,55.7447,326.127,329.537,54.0397,57.4497,3.4099999999999455,3.4099999999999944
P327+61,327.706,60.7618,325.6818333333334,329.73016666666666,58.737633333333335,62.78596666666667,4.048333333333269,4.048333333333327
P328+36,328.221,35.6707,326.2076666666667,330.2343333333333,33.65736666666667,37.684033333333325,4.0266666666666024,4.02666666666666
P328+46,328.647,45.7135,326.73741666666666,330.5565833333333,43.80391666666667,47.623083333333334,3.819166666666606,3.8191666666666606
P328+51,328.539,50.7319,326.7119166666667,330.3660833333333,48.904816666666676,52.55898333333333,3.6541666666666086,3.6541666666666606
P329+43,329.191,43.2084,327.2389166666667,331.14308333333327,41.25631666666667,45.160483333333325,3.9041666666666046,3.90416666666666
P329+48,329.474,48.2302,327.5994166666667,331.3485833333333,46.35561666666667,50.10478333333334,3.749166666666607,3.7491666666666608
P329+76,329.737,75.8233,327.71575000000007,331.75825,73.80205000000001,77.84455,4.042499999999936,4.042499999999993
P330+41,330.293,40.708,328.50008333333335,332.08591666666666,38.915083333333335,42.50091666666666,3.585833333333276,3.5858333333333277
P331+38,331.244,38.2062,329.2306666666667,333.25733333333335,36.192866666666674,40.21953333333333,4.0266666666666024,4.02666666666666
P333+61,333.012,60.8069,330.89950000000005,335.12449999999995,58.6944,62.919399999999996,4.224999999999933,4.224999999999993
P336+51,336.726,50.8018,334.8014166666667,338.6505833333333,48.87721666666667,52.72638333333333,3.8491666666666053,3.8491666666666604
P337+56,337.043,55.8232,335.3771666666667,338.7088333333333,54.15736666666667,57.48903333333333,3.3316666666666137,3.3316666666666612
P337+73,337.04,73.3805,335.24958333333336,338.8304166666667,71.59008333333334,75.17091666666666,3.5808333333332762,3.5808333333333273
P338+61,338.326,60.8524,336.2901666666667,340.3618333333333,58.816566666666674,62.88823333333333,4.0716666666666015,4.07166666666666
P339+53,339.283,53.3331,337.5700833333334,340.99591666666663,51.62018333333334,55.04601666666667,3.4258333333332787,3.425833333333328
P339+58,339.64,58.3548,337.77083333333337,341.5091666666666,56.48563333333333,60.22396666666666,3.738333333333274,3.738333333333327
P340+51,340.825,50.8369,338.84875,342.80125,48.86065000000001,52.81314999999999,3.952499999999937,3.9524999999999935
P343+78,343.958,78.4482,342.14925000000005,345.76675,76.63945,80.25695,3.6174999999999424,3.617499999999994
P344+51,344.926,50.8724,342.8964166666667,346.95558333333327,48.84281666666667,52.90198333333333,4.059166666666602,4.05916666666666
P346+73,346.127,73.4589,344.4274166666667,347.8265833333333,71.75931666666666,75.15848333333334,3.3991666666666123,3.399166666666661
P349+51,349.03,50.908,347.02125,351.03874999999994,48.89925,52.91675,4.017499999999936,4.017499999999994
P351+76,351.06,76.0069,349.39375,352.72625,74.34065000000001,77.67314999999999,3.3324999999999467,3.3324999999999947
P353+51,353.138,50.9437,351.18216666666666,355.0938333333333,48.98786666666667,52.89953333333333,3.9116666666666045,3.9116666666666604
P355+74,355.255,73.5383,353.43833333333333,357.07166666666666,71.72163333333334,75.35496666666667,3.6333333333332756,3.6333333333333275
P356+69,356.892,68.5386,354.81283333333334,358.97116666666665,66.45943333333334,70.61776666666667,4.1583333333332675,4.158333333333327
P356+79,356.993,78.5614,355.26758333333333,358.71841666666666,76.83598333333335,80.28681666666667,3.450833333333278,3.450833333333328
P357+51,357.249,50.9795,355.2773333333334,359.22066666666666,49.00783333333334,52.951166666666666,3.9433333333332703,3.9433333333333267
P357+71,357.124,71.048,355.1685833333334,359.07941666666665,69.09258333333334,73.00341666666667,3.910833333333271,3.910833333333327
P222+02,222.658,2.28827,219.68133333333336,225.63466666666662,-0.6883966666666619,5.264936666666662,5.953333333333238,5.953333333333323
P225+02,225.249,2.30326,222.27233333333336,228.22566666666663,-0.6734066666666618,5.279926666666661,5.953333333333238,5.953333333333323
P225+05,225.801,4.81643,223.9489166666667,227.65308333333329,2.9643466666666702,6.668513333333331,3.7041666666666075,3.704166666666661
P227+02,227.839,2.31803,224.8619166666667,230.8160833333333,-0.6590533333333286,5.295113333333328,5.954166666666572,5.954166666666657
P228+05,228.399,4.83146,226.5494166666667,230.2485833333333,2.9818766666666696,6.68104333333333,3.6991666666666077,3.6991666666666605
P230+02,230.43,2.33314,227.45333333333338,233.40666666666664,-0.6435266666666615,5.3098066666666615,5.953333333333238,5.953333333333323
P233+02,233.021,2.3484,230.0439166666667,235.99808333333328,-0.6286833333333286,5.325483333333328,5.954166666666572,5.954166666666657
P258+03,258.928,2.51081,256.8309166666667,261.02508333333327,0.41372666666667035,4.60789333333333,4.1941666666666,4.19416666666666
P259+00,259.004,0.00110417,256.0273333333334,261.98066666666665,-2.9755624966666616,2.9777708366666618,5.953333333333238,5.953333333333323
P261+00,261.592,0.0183917,258.61533333333335,264.5686666666666,-2.9582749666666617,2.9950583666666617,5.953333333333238,5.953333333333323
P261+03,261.519,2.52811,259.4694166666667,263.5685833333333,0.4785266666666699,4.57769333333333,4.099166666666601,4.09916666666666
P264+00,264.181,0.0358811,261.20433333333335,267.1576666666666,-2.9407855666666616,3.012547766666662,5.953333333333238,5.953333333333323
P264+03,264.111,2.54561,262.05975,266.16225,0.49436000000000346,4.596859999999996,4.102499999999934,4.102499999999993
P266+00,266.769,0.0535736,263.79191666666674,269.7460833333333,-2.9235097333333284,3.0306569333333284,5.954166666666572,5.954166666666657
P266+03,266.702,2.56332,264.6499166666667,268.7540833333333,0.5112366666666701,4.6154033333333295,4.104166666666601,4.10416666666666
P269+00,269.358,0.0714697,266.3813333333334,272.33466666666664,-2.9051969666666615,3.048136366666662,5.953333333333238,5.953333333333323
